title,price,mileage,year,make,model,trim,vin,options,source_site,location,listing_url
2024 BMW M3 Competition xDrive,"$78,000","16,000 mi.",2024,BMW,M3,M3 xDrive Competition,WBS43AY0XRFS41778,"1CR Remote Engine Start; 1MB M Drive Professional; 248 Steering Wheel Heating; 2VB Tyre Pressure Indicator; 2VC Tyre Repair Kit; 302 Alarm System; 316 Automatic Tailgate Operation; 319 Integrated Universal Remote Control; 322 Comfort Access System; 3M6 M Compound Brake With Black Calipers; 3MF Bmw Individual Shadowline Lights; 403 Glas Roof, Electric; 430 Interior And Exterior Mirror Packa; 4AW Instrument Panel Sensatec; 4GQ M Seat Belts; 4MC Interior Trim Finishers Carbon Fibre; 5AL Active Protection; 5AP Decoding For No-dazzle High-beam As; 5AS Driving Assistant; 5AZ Bmw Laser Light; 655 Satellite Radio; 688 Harman/kardon Surround Sound System; 6AK Connecteddrive Services; 6C4 Connectedpackage Professional; 6NX Wireless Charging Tray; 6PA Personal Esim 5g; 6U3 Bmw Live Cockpit Professional; 71C M Carbon Exterieur Package; 8KL Oelserviceint. 15.000km/12months; 8TN Daytime Driving Lights Selectable B; 8WM Control D; 8WT Control K; 925 Shipping Protection Package; Z3R; ZAX; ZGX; ZN1; ZN3; ZN4; ZPX; ZSA; ZTM; ZWH",AutoTempest (Private),"Auburn, WA",https://privateauto.com/listing/2024-bmw-m3-vwf7g9txeti?utm_source=autotempest&utm_medium=referral&utm_campaign=autotempest_listings
2023 BMW M3,"$89,923","22,000 mi.",2023,BMW,M3,,WBS53AY06PFP44869,,Hemmings,"Ocoee, FL — Past & Present Motor Cars, Llc",https://www.hemmings.com/classifieds/listing/2023-bmw-m3-ocoee-fl-2924968?utm_source=autotempest&utm_medium=cpc&utm_campaign=autotempest_classifieds
2024 BMW M3 Competition Sedan 4D,"$79,590","25,593 mi.",2024,BMW,M3,M3 Competition,WBS33AY01RFR96278,,Carvana,"Haines City, FL",https://www.carvana.com/vehicle/4694974?ct=1&utm_source=autotempest&utm_medium=3rd-party-listing&utm_campaign=new-vdp&utm_content=3_20260930_5223942
2023 BMW M3 Competition xDrive,"$94,999","13,356 mi.",2023,BMW,M3,M3 xDrive Competition,WBS43AY05PFP77387,"1CR Remote Engine Start; 248 Steering Wheel Heating; 2VB Tyre Pressure Indicator; 2VC Tyre Repair Kit; 302 Alarm System; 316 Automatic Tailgate Operation; 319 Integrated Universal Remote Control; 322 Comfort Access System; 3MF Bmw Individual Shadowline Lights; 430 Interior And Exterior Mirror Packa; 453 Active Seat Ventilation, Front; 4AW Instrument Panel Sensatec; 4GQ M Seat Belts; 4MC Interior Trim Finishers Carbon Fibre; 5AL Active Protection; 5AR Traffic-queue Assistant; 5AU Driving Assistant Professional; 5DN Parking Assistant Plus; 655 Satellite Radio; 688 Harman/kardon Surround Sound System; 6AK Connecteddrive Services; 6C4 Connectedpackage Professional; 6DR Bmw Drive Recorder; 6NX Wireless Charging Tray; 6U3 Bmw Live Cockpit Professional; 8KL Oelserviceint. 15.000km/12months; 8TN Daytime Driving Lights Selectable B; 8WM Control D; 925 Shipping Protection Package; Z20; ZAX; ZD9; ZDY; ZPK; ZPX; ZSA; ZTM; ZWH",CarGurus,"Irvine, CA — Trust Acura",https://www.cargurus.com/Cars/listing/459947443?sourceContext=autotempest&cgfv=1.22&cgfr=7&cgfab=Q&px8324=p110&dnetworktype=r&cgfdate=2026929&cgfloc=en
2022 BMW M3 Competition xDrive,"$81,872","26,130 mi.",2022,BMW,M3,M3 xDrive Competition,WBS43AY02NFM50135,"1T8 19""/20"" M Forged Wheels Double-spoke Style 826 M Bicolour Black Matt With Mixed Tyres; 2VB Tyre Pressure Indicator; 2VC Tyre Repair Kit; 302 Alarm System; 319 Integrated Universal Remote Control; 322 Comfort Access System; 403 Glas Roof, Electric; 430 Interior And Exterior Mirror Packa; 493 Storage Compartment Package; 4GQ M Seat Belts; 4KK Interior Trim M Aluminium Tetragon; 5AP Decoding For No-dazzle High-beam As; 5AS Driving Assistant; 5AZ Bmw Laser Light; 655 Satellite Radio; 688 Harman/kardon Surround Sound System; 6AK Connecteddrive Services; 6C4 Connectedpackage Professional; 6NS Enhanced Telephony With Extended Smartphone Connectivity; 6U3 Bmw Live Cockpit Professional; 8KL Oelserviceint. 15.000km/12months; 8TN Daytime Driving Lights Selectable B; 925 Shipping Protection Package; ZAX; ZSA; ZTM",Cars.com,"Los Angeles, CA — Van Nuys Chrysler Dodge Jeep Ram",https://www.cars.com/vehicledetail/ae6d72a7-b63d-46d4-b6a1-ecf9ae0ebd25/?aff=atempest&utm_campaign=atempest&utm_source=autotempest&utm_medium=trp&utm_campaign_id=1&utm_trusted=TRUE
2025 BMW M3 Competition,"$80,084","23,776 mi.",2025,BMW,M3,M3 Competition,WBS23HJ07SFU60830,,CarGurus,"Westminster, CA — Pnwluxuryoc",https://www.cargurus.com/Cars/listing/459308829?sourceContext=autotempest&cgfv=1.19&cgfr=5&cgfab=Q&px8324=p110&dnetworktype=r&cgfdate=2026929&cgfloc=en
2023 BMW M3 Competition xDrive,"$87,122","15,760 mi.",2023,BMW,M3,M3 xDrive Competition,WBS43AY06PFN45199,"1CR Remote Engine Start; 1MB M Drive Professional; 248 Steering Wheel Heating; 2VB Tyre Pressure Indicator; 2VC Tyre Repair Kit; 302 Alarm System; 316 Automatic Tailgate Operation; 319 Integrated Universal Remote Control; 322 Comfort Access System; 3M5 M Compound Brake With Red Calipers; 3MQ Bmw M 50 Years Emblems; 430 Interior And Exterior Mirror Packa; 453 Active Seat Ventilation, Front; 4AW Instrument Panel Sensatec; 4GQ M Seat Belts; 4LN Aluminium Rhombicle Anthracite Trim; 5AL Active Protection; 5AP Decoding For No-dazzle High-beam As; 5AR Traffic-queue Assistant; 5AU Driving Assistant Professional; 5AZ Bmw Laser Light; 5DN Parking Assistant Plus; 655 Satellite Radio; 688 Harman/kardon Surround Sound System; 6AK Connecteddrive Services; 6C4 Connectedpackage Professional; 6DR Bmw Drive Recorder; 6NS Enhanced Telephony With Extended Smartphone Connectivity; 6U3 Bmw Live Cockpit Professional; 8KL Oelserviceint. 15.000km/12months; 8TN Daytime Driving Lights Selectable B; 925 Shipping Protection Package; ZAX; ZDY; ZPK; ZPX; ZSA; ZTM; ZWH",Cars.com,"Los Angeles, CA — Van Nuys Chrysler Dodge Jeep Ram",https://www.cars.com/vehicledetail/fc161336-44cc-46ba-8b2d-3e0630bd949c/?aff=atempest&utm_campaign=atempest&utm_source=autotempest&utm_medium=trp&utm_campaign_id=1&utm_trusted=TRUE
2022 BMW M3 Competition,"$72,417","59,588 mi.",2022,BMW,M3,M3 Competition,WBS33AY07NFM32127,,Cars.com,"Mission Viejo, CA — Land Rover Mission Viejo",https://www.cars.com/vehicledetail/73d36269-5b35-4d45-b693-efdc4da1fd08/?aff=atempest&utm_campaign=atempest&utm_source=autotempest&utm_medium=trp&utm_campaign_id=1&utm_trusted=TRUE
2023 BMW M3 Competition xDrive,"$83,080","32,542 mi.",2023,BMW,M3,M3 xDrive Competition,WBS43AY00PFP03066,"1CB Co2 Content; 1CR Remote Engine Start; 1U0 19""/20"" M Schmiederäder Doppelspeiche 826 M Schwarz Mit Mischbereifung; 248 Steering Wheel Heating; 2T4 M Sport Differential; 2VB Tyre Pressure Indicator; 2VC Tyre Repair Kit; 2VF Adaptiv M Suspension; 302 Alarm System; 316 Automatic Tailgate Operation; 319 Integrated Universal Remote Control; 322 Comfort Access System; 3M5 M Compound Brake With Red Calipers; 3MF Bmw Individual Shadowline Lights; 3MQ Bmw M 50 Years Emblems; 430 Interior And Exterior Mirror Packa; 431 Interior Rr Vw Mirror W Aut Anti-d; 453 Active Seat Ventilation, Front; 459 Seat Adjustm., Electr. W. Memory; 488 Lumbar Support Driver/front Passenger; 493 Storage Compartment Package; 494 Seat Heating F Driver/front Passenger; 4AW Instrument Panel Sensatec; 4GQ M Seat Belts; 4MC Interior Trim Finishers Carbon Fibre; 4NE Blow-by-heater; 534 Automatic Air Conditioning; 5AC Autom. High-beam Headlights Control; 5AL Active Protection; 5AP Decoding For No-dazzle High-beam As; 5AR Traffic-queue Assistant; 5AU Driving Assistant Professional; 5AV Active Guard; 5AZ Bmw Laser Light; 5DN Parking Assistant Plus; 5DS Luggage-compartment Emerg. Release; 645 Radio Control Us; 655 Satellite Radio; 688 Harman/kardon Surround Sound System; 6AC Intelligent Emergency Call; 6AE Teleservices; 6AK Connecteddrive Services; 6C4 Connectedpackage Professional; 6NX Wireless Charging Tray; 6U3 Bmw Live Cockpit Professional; 6VB Control Infotainment; 712 M Sports Seat; 760 Individual High-gloss Satin Chrome; 775 Individual Roof-lining Anthracite; 7M9 Bmw Individual High-gloss Shadowline Exterior Trim With Extended Features; 823 Hot-climate Version; 845 Acoustic Belt Warning; 853 Language Version English; 8EK Body Control; 8KL Oelserviceint. 15.000km/12months; 8R9 Refrigerant; 8SM Vin, Visible From Outside; 8TN Daytime Driving Lights Selectable B; 8WM Control D; 925 Shipping Protection Package; 992 Number Plate Attachement Management; L070",CarGurus,"Costa Mesa, CA — Pacific Auto Center - Costa Mesa",https://www.cargurus.com/Cars/listing/458631556?sourceContext=autotempest&cgfv=1.2&cgfr=5&cgfab=Q&px8324=p110&dnetworktype=r&cgfdate=2026929&cgfloc=en
2025 BMW M3 Competition,"$80,084","24,762 mi.",2025,BMW,M3,M3 Competition,WBS23HJ02SFU61500,,CarGurus,"Westminster, CA — Pnwluxuryoc",https://www.cargurus.com/Cars/listing/458572925?sourceContext=autotempest&cgfv=1.19&cgfr=5&cgfab=Q&px8324=p110&dnetworktype=r&cgfdate=2026929&cgfloc=en
2021 BMW M3 Competition,"$76,652","24,077 mi.",2021,BMW,M3,M3 Competition,WBS33AY02MFL17630,,CarGurus,"Norwalk, CA — Norwalk Toyota",https://www.cargurus.com/Cars/listing/458180333?sourceContext=autotempest&cgfv=1.17&cgfr=5&cgfab=Q&px8324=p110&dnetworktype=r&cgfdate=2026929&cgfloc=en
2024 BMW M3 Competition xDrive,"$84,995","29,066 mi.",2024,BMW,M3,M3 xDrive Competition,WBS43AY06RFS27019,1CR Remote Engine Start; 1MB M Drive Professional; 248 Steering Wheel Heating; 2VB Tyre Pressure Indicator; 2VC Tyre Repair Kit; 302 Alarm System; 316 Automatic Tailgate Operation; 319 Integrated Universal Remote Control; 322 Comfort Access System; 3M5 M Compound Brake With Red Calipers; 3MF Bmw Individual Shadowline Lights; 430 Interior And Exterior Mirror Packa; 4AW Instrument Panel Sensatec; 4GQ M Seat Belts; 4MC Interior Trim Finishers Carbon Fibre; 5AL Active Protection; 5AP Decoding For No-dazzle High-beam As; 5AR Traffic-queue Assistant; 5AU Driving Assistant Professional; 5AZ Bmw Laser Light; 5DN Parking Assistant Plus; 655 Satellite Radio; 688 Harman/kardon Surround Sound System; 6AK Connecteddrive Services; 6C4 Connectedpackage Professional; 6NX Wireless Charging Tray; 6PA Personal Esim 5g; 6U3 Bmw Live Cockpit Professional; 8KL Oelserviceint. 15.000km/12months; 8TN Daytime Driving Lights Selectable B; 8WM Control D; 8WT Control K; 925 Shipping Protection Package; ZAX; ZDY; ZN1; ZN3; ZN4; ZPK; ZPX; ZSA; ZTM; ZWH,Cars.com,"Valencia, CA — Audi Valencia",https://www.cars.com/vehicledetail/b6cd544e-c7ef-4413-b970-c05cd8e8f02f/?aff=atempest&utm_campaign=atempest&utm_source=autotempest&utm_medium=trp&utm_campaign_id=1&utm_trusted=TRUE
2024 BMW M3 CS,"$127,985","10,327 mi.",2024,BMW,M3,,WBS63AY09RFR24483,,CarGurus,"Anaheim, CA — Jstar Chrysler Jeep Dodge Ram",https://www.cargurus.com/Cars/listing/449211161?sourceContext=autotempest&cgfv=1.24&cgfr=7&cgfab=Q&px8324=p110&dnetworktype=r&cgfdate=2026929&cgfloc=en
2021 BMW M3,"$60,134","48,034 mi.",2021,BMW,M3,,WBS53AY07MFL35842,,CarGurus,"Montclair, CA — Stg Auto Group",https://www.cargurus.com/Cars/listing/441536716?sourceContext=autotempest&cgfv=1.08&cgfr=1&cgfab=Q&px8324=p110&dnetworktype=r&cgfdate=2026929&cgfloc=en
2024 BMW M3,"$84,373","2,969 mi.",2024,BMW,M3,,WBS53AY09RFR52716,,CarGurus,"Palm Springs, CA — Bmw Of Palm Springs",https://www.cargurus.com/Cars/listing/457396554?sourceContext=autotempest&cgfv=1.2&cgfr=5&cgfab=Q&px8324=p110&dnetworktype=r&cgfdate=2026929&cgfloc=en
2021 BMW M3 Competition,"$66,929","63,730 mi.",2021,BMW,M3,M3 Competition,WBS33AY07MFL24184,,CarGurus,"Glendale, AZ — Arrowhead Bmw",https://www.cargurus.com/Cars/listing/460196643?sourceContext=autotempest&cgfv=1.12&cgfr=5&cgfab=Q&px8324=p110&dnetworktype=r&cgfdate=2026929&cgfloc=en
2025 BMW M3 Competition xDrive,"$92,499","14,926 mi.",2025,BMW,M3,M3 xDrive Competition,WBS33HJ06SFU16015,"1CB Co2 Content; 1CR Remote Engine Start; 1U0 19""/20"" M Schmiederäder Doppelspeiche 826 M Schwarz Mit Mischbereifung; 248 Steering Wheel Heating; 2T4 M Sport Differential; 2VB Tyre Pressure Indicator; 2VC Tyre Repair Kit; 2VF Adaptiv M Suspension; 302 Alarm System; 316 Automatic Tailgate Operation; 319 Integrated Universal Remote Control; 322 Comfort Access System; 3M5 M Compound Brake With Red Calipers; 430 Interior And Exterior Mirror Packa; 431 Interior Rr Vw Mirror W Aut Anti-d; 453 Active Seat Ventilation, Front; 459 Seat Adjustm., Electr. W. Memory; 488 Lumbar Support Driver/front Passenger; 493 Storage Compartment Package; 494 Seat Heating F Driver/front Passenger; 4GQ M Seat Belts; 4MC Interior Trim Finishers Carbon Fibre; 4NE Blow-by-heater; 534 Automatic Air Conditioning; 544 Cruise Control With Braking Function; 552 Adaptive Led Headlight; 5AC Autom. High-beam Headlights Control; 5AL Active Protection; 5AP Decoding For No-dazzle High-beam As; 5AS Driving Assistant; 5AV Active Guard; 5DN Parking Assistant Plus; 5DS Luggage-compartment Emerg. Release; 645 Radio Control Us; 655 Satellite Radio; 688 Harman/kardon Surround Sound System; 6AC Intelligent Emergency Call; 6AE Teleservices; 6AK Connecteddrive Services; 6C4 Connectedpackage Professional; 6NX Wireless Charging Tray; 6PA Personal Esim 5g; 6U3 Bmw Live Cockpit Professional; 6VB Control Infotainment; 70A M Alcantara Steering Wheel; 712 M Sports Seat; 760 Individual High-gloss Satin Chrome; 775 Individual Roof-lining Anthracite; 7M9 Bmw Individual High-gloss Shadowline Exterior Trim With Extended Features; 823 Hot-climate Version; 845 Acoustic Belt Warning; 853 Language Version English; 8EK Body Control; 8KL Oelserviceint. 15.000km/12months; 8R9 Refrigerant; 8SM Vin, Visible From Outside; 8TN Daytime Driving Lights Selectable B; 8WM Control D; 925 Shipping Protection Package; 992 Number Plate Attachement Management; L070",Cars.com,"Las Vegas, NV — Hyundai Of Las Vegas",https://www.cars.com/vehicledetail/34876c62-57de-4d4d-8158-00678dd71ef7/?aff=atempest&utm_campaign=atempest&utm_source=autotempest&utm_medium=trp&utm_campaign_id=1&utm_trusted=TRUE
2026 BMW M3 Competition,"$83,991","7,353 mi.",2026,BMW,M3,M3 Competition,WBS23HJ01TFV60939,,Cars.com,"Scottsdale, AZ — Spady Auto Group",https://www.cars.com/vehicledetail/ff50b9a2-aaf0-46a2-8607-112fe6f918c8/?aff=atempest&utm_campaign=atempest&utm_source=autotempest&utm_medium=trp&utm_campaign_id=1&utm_trusted=TRUE
2024 BMW M3 Competition,"$80,298","16,245 mi.",2024,BMW,M3,M3 Competition,WBS33AY00RFR89256,,CarGurus,"Mesa, AZ — Arizona Signature Motorsports",https://www.cargurus.com/Cars/listing/454958287?sourceContext=autotempest&cgfv=1.19&cgfr=2&cgfab=Q&px8324=p110&dnetworktype=r&cgfdate=2026929&cgfloc=en
2025 BMW M3 Competition xDrive,"$105,996","16,920 mi.",2025,BMW,M3,M3 xDrive Competition,WBS33HJ04SFU59624,1CR Remote Engine Start; 1MB M Drive Professional; 248 Steering Wheel Heating; 2NK M Carbon Ceramic Brake; 2VB Tyre Pressure Indicator; 2VC Tyre Repair Kit; 302 Alarm System; 316 Automatic Tailgate Operation; 319 Integrated Universal Remote Control; 322 Comfort Access System; 3MF Bmw Individual Shadowline Lights; 48C M Carbon Bucket Seats; 4GQ M Seat Belts; 4MC Interior Trim Finishers Carbon Fibre; 4U0 Galvanic Embellisher For Controls; 552 Adaptive Led Headlight; 5AL Active Protection; 5AP Decoding For No-dazzle High-beam As; 5AR Traffic-queue Assistant; 5AU Driving Assistant Professional; 5DN Parking Assistant Plus; 688 Harman/kardon Surround Sound System; 6AK Connecteddrive Services; 6C4 Connectedpackage Professional; 6DR Bmw Drive Recorder; 6NX Wireless Charging Tray; 6PA Personal Esim 5g; 6U3 Bmw Live Cockpit Professional; 71C M Carbon Exterieur Package; 7ME M Drivers Package; 7MM M Race Track Package; 8KL Oelserviceint. 15.000km/12months; 8TN Daytime Driving Lights Selectable B; 8WM Control D; 925 Shipping Protection Package; Z17; Z3E; Z6M; ZAX; ZDY; ZJJ; ZN1; ZN3; ZN4; ZPK; ZPX; ZTM; ZWH,CarGurus,"Fort Lauderdale, FL — 1 Of 1 Motorsports",https://www.cargurus.com/Cars/listing/460147098?sourceContext=autotempest&cgfv=1.23&cgfr=8&cgfab=Q&px8324=p110&dnetworktype=r&cgfdate=2026929&cgfloc=en
2024 BMW M3 Competition xDrive,"$79,979","37,780 mi.",2024,BMW,M3,M3 xDrive Competition,WBS43AY00RFR92839,"1CB Co2 Content; 1CR Remote Engine Start; 1U0 19""/20"" M Schmiederäder Doppelspeiche 826 M Schwarz Mit Mischbereifung; 248 Steering Wheel Heating; 2T4 M Sport Differential; 2VB Tyre Pressure Indicator; 2VC Tyre Repair Kit; 2VF Adaptiv M Suspension; 302 Alarm System; 316 Automatic Tailgate Operation; 319 Integrated Universal Remote Control; 322 Comfort Access System; 3M5 M Compound Brake With Red Calipers; 403 Glas Roof, Electric; 430 Interior And Exterior Mirror Packa; 431 Interior Rr Vw Mirror W Aut Anti-d; 453 Active Seat Ventilation, Front; 459 Seat Adjustm., Electr. W. Memory; 488 Lumbar Support Driver/front Passenger; 493 Storage Compartment Package; 494 Seat Heating F Driver/front Passenger; 4AW Instrument Panel Sensatec; 4GQ M Seat Belts; 4LN Aluminium Rhombicle Anthracite Trim; 4NE Blow-by-heater; 534 Automatic Air Conditioning; 544 Cruise Control With Braking Function; 5AC Autom. High-beam Headlights Control; 5AL Active Protection; 5AS Driving Assistant; 5AV Active Guard; 5DN Parking Assistant Plus; 5DS Luggage-compartment Emerg. Release; 645 Radio Control Us; 655 Satellite Radio; 688 Harman/kardon Surround Sound System; 6AC Intelligent Emergency Call; 6AE Teleservices; 6AK Connecteddrive Services; 6C4 Connectedpackage Professional; 6NX Wireless Charging Tray; 6PA Personal Esim 5g; 6U3 Bmw Live Cockpit Professional; 6VB Control Infotainment; 712 M Sports Seat; 760 Individual High-gloss Satin Chrome; 775 Individual Roof-lining Anthracite; 7M9 Bmw Individual High-gloss Shadowline Exterior Trim With Extended Features; 823 Hot-climate Version; 845 Acoustic Belt Warning; 853 Language Version English; 8EK Body Control; 8KL Oelserviceint. 15.000km/12months; 8R9 Refrigerant; 8SM Vin, Visible From Outside; 8TN Daytime Driving Lights Selectable B; 8WM Control D; 8WT Control K; 925 Shipping Protection Package; 992 Number Plate Attachement Management; L070",Cars.com,"Mesquite, TX — Town East Ford",https://www.cars.com/vehicledetail/3ddcea7c-44c4-4d28-b351-1df22b7c0abc/?aff=atempest&utm_campaign=atempest&utm_source=autotempest&utm_medium=trp&utm_campaign_id=1&utm_trusted=TRUE
2023 BMW M3 Competition xDrive,"$89,206","33,758 mi.",2023,BMW,M3,M3 xDrive Competition,WBS43AY03PFP82040,"1CB Co2 Content; 1CR Remote Engine Start; 1U0 19""/20"" M Schmiederäder Doppelspeiche 826 M Schwarz Mit Mischbereifung; 248 Steering Wheel Heating; 2T4 M Sport Differential; 2VB Tyre Pressure Indicator; 2VC Tyre Repair Kit; 2VF Adaptiv M Suspension; 302 Alarm System; 316 Automatic Tailgate Operation; 319 Integrated Universal Remote Control; 322 Comfort Access System; 3M5 M Compound Brake With Red Calipers; 3MF Bmw Individual Shadowline Lights; 430 Interior And Exterior Mirror Packa; 431 Interior Rr Vw Mirror W Aut Anti-d; 459 Seat Adjustm., Electr. W. Memory; 48C M Carbon Bucket Seats; 493 Storage Compartment Package; 494 Seat Heating F Driver/front Passenger; 4GQ M Seat Belts; 4MC Interior Trim Finishers Carbon Fibre; 4NE Blow-by-heater; 534 Automatic Air Conditioning; 544 Cruise Control With Braking Function; 5AC Autom. High-beam Headlights Control; 5AL Active Protection; 5AS Driving Assistant; 5AV Active Guard; 5DN Parking Assistant Plus; 5DS Luggage-compartment Emerg. Release; 645 Radio Control Us; 655 Satellite Radio; 688 Harman/kardon Surround Sound System; 6AC Intelligent Emergency Call; 6AE Teleservices; 6AK Connecteddrive Services; 6C4 Connectedpackage Professional; 6DR Bmw Drive Recorder; 6NX Wireless Charging Tray; 6U3 Bmw Live Cockpit Professional; 6VB Control Infotainment; 760 Individual High-gloss Satin Chrome; 775 Individual Roof-lining Anthracite; 7M9 Bmw Individual High-gloss Shadowline Exterior Trim With Extended Features; 823 Hot-climate Version; 845 Acoustic Belt Warning; 853 Language Version English; 8EK Body Control; 8KL Oelserviceint. 15.000km/12months; 8R9 Refrigerant; 8SM Vin, Visible From Outside; 8TN Daytime Driving Lights Selectable B; 8WM Control D; 925 Shipping Protection Package; 992 Number Plate Attachement Management; L070",Cars.com,"Coral Gables, FL — Mercedes-Benz Of Coral Gables",https://www.cars.com/vehicledetail/1e797b1d-4f26-4f7a-a3db-cee5fa839838/?aff=atempest&utm_campaign=atempest&utm_source=autotempest&utm_medium=trp&utm_campaign_id=1&utm_trusted=TRUE
2022 BMW M3 Competition xDrive,"$77,824","28,053 mi.",2022,BMW,M3,M3 xDrive Competition,WBS43AY08NFL64747,"1CB Co2 Content; 1CR Remote Engine Start; 1U0 19""/20"" M Schmiederäder Doppelspeiche 826 M Schwarz Mit Mischbereifung; 248 Steering Wheel Heating; 2T4 M Sport Differential; 2VB Tyre Pressure Indicator; 2VC Tyre Repair Kit; 2VF Adaptiv M Suspension; 302 Alarm System; 322 Comfort Access System; 3AG Backup Camera; 3MF Bmw Individual Shadowline Lights; 430 Interior And Exterior Mirror Packa; 431 Interior Rr Vw Mirror W Aut Anti-d; 459 Seat Adjustm., Electr. W. Memory; 488 Lumbar Support Driver/front Passenger; 493 Storage Compartment Package; 494 Seat Heating F Driver/front Passenger; 4GQ M Seat Belts; 4MC Interior Trim Finishers Carbon Fibre; 4NE Blow-by-heater; 508 Park Distance Control (pdc); 534 Automatic Air Conditioning; 544 Cruise Control With Braking Function; 548 Speedometer With Kilometer Reading; 5AC Autom. High-beam Headlights Control; 5AL Active Protection; 5AS Driving Assistant; 5AV Active Guard; 5DC Folding Rear-seat Headrests; 5DS Luggage-compartment Emerg. Release; 645 Radio Control Us; 655 Satellite Radio; 6AC Intelligent Emergency Call; 6AE Teleservices; 6AK Connecteddrive Services; 6C4 Connectedpackage Professional; 6U3 Bmw Live Cockpit Professional; 712 M Sports Seat; 71C M Carbon Exterieur Package; 760 Individual High-gloss Satin Chrome; 775 Individual Roof-lining Anthracite; 7M9 Bmw Individual High-gloss Shadowline Exterior Trim With Extended Features; 823 Hot-climate Version; 838 Canadian Version; 845 Acoustic Belt Warning; 853 Language Version English; 8EK Body Control; 8KL Oelserviceint. 15.000km/12months; 8R9 Refrigerant; 8SM Vin, Visible From Outside; 925 Shipping Protection Package; 992 Number Plate Attachement Management",Cars.com,"Wilmington, NC — Stevenson Hendrick Mazda Wilmington",https://www.cars.com/vehicledetail/7df30745-19da-4516-becd-357e9bcf272f/?aff=atempest&utm_campaign=atempest&utm_source=autotempest&utm_medium=trp&utm_campaign_id=1&utm_trusted=TRUE
2026 BMW M3,"$100,937","4,926 mi.",2026,BMW,M3,,WBS13HJ08TFW34014,,CarGurus,"Buford, GA — Mall Of Georgia Mini",https://www.cargurus.com/Cars/listing/459938761?sourceContext=autotempest&cgfv=1.23&cgfr=8&cgfab=Q&px8324=p110&dnetworktype=r&cgfdate=2026929&cgfloc=en
2025 BMW M3 Competition xDrive,"$111,195","2,631 mi.",2025,BMW,M3,M3 xDrive Competition,WBS33HJ00SFU68739,1CR Remote Engine Start; 1MB M Drive Professional; 248 Steering Wheel Heating; 2NK M Carbon Ceramic Brake; 2VB Tyre Pressure Indicator; 2VC Tyre Repair Kit; 302 Alarm System; 316 Automatic Tailgate Operation; 319 Integrated Universal Remote Control; 322 Comfort Access System; 3MF Bmw Individual Shadowline Lights; 48C M Carbon Bucket Seats; 4GQ M Seat Belts; 4MC Interior Trim Finishers Carbon Fibre; 4U0 Galvanic Embellisher For Controls; 552 Adaptive Led Headlight; 5AL Active Protection; 5AP Decoding For No-dazzle High-beam As; 5AR Traffic-queue Assistant; 5AU Driving Assistant Professional; 5DN Parking Assistant Plus; 688 Harman/kardon Surround Sound System; 6AK Connecteddrive Services; 6C4 Connectedpackage Professional; 6DR Bmw Drive Recorder; 6NX Wireless Charging Tray; 6PA Personal Esim 5g; 6U3 Bmw Live Cockpit Professional; 71C M Carbon Exterieur Package; 7ME M Drivers Package; 7MM M Race Track Package; 8KL Oelserviceint. 15.000km/12months; 8TN Daytime Driving Lights Selectable B; 8WM Control D; 925 Shipping Protection Package; ZAX; ZDY; ZJJ; ZN1; ZN3; ZN4; ZPK; ZPX; ZTM; ZWH,Cars.com,"Spokane, WA — Bmw Of Spokane",https://www.cars.com/vehicledetail/0cc95b54-4b36-4fab-833a-9a96caf594d1/?aff=atempest&utm_campaign=atempest&utm_source=autotempest&utm_medium=trp&utm_campaign_id=1&utm_trusted=TRUE
2024 BMW M3 Competition xDrive,"$85,399","23,281 mi.",2024,BMW,M3,M3 xDrive Competition,WBS43AY0XRFR53725,"1CR Remote Engine Start; 248 Steering Wheel Heating; 2VB Tyre Pressure Indicator; 2VC Tyre Repair Kit; 302 Alarm System; 316 Automatic Tailgate Operation; 319 Integrated Universal Remote Control; 322 Comfort Access System; 3M5 M Compound Brake With Red Calipers; 430 Interior And Exterior Mirror Packa; 453 Active Seat Ventilation, Front; 4AW Instrument Panel Sensatec; 4GQ M Seat Belts; 4MC Interior Trim Finishers Carbon Fibre; 5AL Active Protection; 5AP Decoding For No-dazzle High-beam As; 5AR Traffic-queue Assistant; 5AU Driving Assistant Professional; 5AZ Bmw Laser Light; 5DN Parking Assistant Plus; 655 Satellite Radio; 688 Harman/kardon Surround Sound System; 6AK Connecteddrive Services; 6C4 Connectedpackage Professional; 6DR Bmw Drive Recorder; 6NX Wireless Charging Tray; 6PA Personal Esim 5g; 6U3 Bmw Live Cockpit Professional; 8KL Oelserviceint. 15.000km/12months; 8TN Daytime Driving Lights Selectable B; 8WM Control D; 8WT Control K; 925 Shipping Protection Package; ZAX; ZDY; ZN1; ZN3; ZN4; ZPK; ZPX; ZSA; ZTM; ZWH",CarGurus,"Fort Lauderdale, FL — Txtcharlie",https://www.cargurus.com/Cars/listing/460001481?sourceContext=autotempest&cgfv=1.2&cgfr=5&cgfab=Q&px8324=p110&dnetworktype=r&cgfdate=2026929&cgfloc=en
2024 BMW M3 Competition xDrive,"$88,373","30,436 mi.",2024,BMW,M3,M3 xDrive Competition,WBS43AY05RFR48531,"1CR Remote Engine Start; 1T8 19""/20"" M Forged Wheels Double-spoke Style 826 M Bicolour Black Matt With Mixed Tyres; 248 Steering Wheel Heating; 2VB Tyre Pressure Indicator; 2VC Tyre Repair Kit; 302 Alarm System; 316 Automatic Tailgate Operation; 319 Integrated Universal Remote Control; 322 Comfort Access System; 3M5 M Compound Brake With Red Calipers; 3MF Bmw Individual Shadowline Lights; 430 Interior And Exterior Mirror Packa; 453 Active Seat Ventilation, Front; 4AW Instrument Panel Sensatec; 4GQ M Seat Belts; 4MC Interior Trim Finishers Carbon Fibre; 5AL Active Protection; 5AP Decoding For No-dazzle High-beam As; 5AR Traffic-queue Assistant; 5AU Driving Assistant Professional; 5AZ Bmw Laser Light; 5DN Parking Assistant Plus; 655 Satellite Radio; 688 Harman/kardon Surround Sound System; 6AK Connecteddrive Services; 6C4 Connectedpackage Professional; 6DR Bmw Drive Recorder; 6NX Wireless Charging Tray; 6PA Personal Esim 5g; 6U3 Bmw Live Cockpit Professional; 8KL Oelserviceint. 15.000km/12months; 8TN Daytime Driving Lights Selectable B; 8WM Control D; 8WT Control K; 925 Shipping Protection Package; ZAX; ZDY; ZN1; ZN3; ZN4; ZPK; ZPX; ZSA; ZTM",Cars.com,"Joliet, IL — Motor Cars Of Chicago",https://www.cars.com/vehicledetail/82daa2c4-0704-404e-86e9-bd83497af25b/?aff=atempest&utm_campaign=atempest&utm_source=autotempest&utm_medium=trp&utm_campaign_id=1&utm_trusted=TRUE
2023 BMW M3 Competition,"$81,225","8,238 mi.",2023,BMW,M3,M3 Competition,WBS33AY05PFR21614,,Cars.com,"Houston, TX — Bmw Of Houston Midtown",https://www.cars.com/vehicledetail/a2686bba-f539-4516-bc15-e85690a2074d/?aff=atempest&utm_campaign=atempest&utm_source=autotempest&utm_medium=trp&utm_campaign_id=1&utm_trusted=TRUE
2023 BMW M3 Competition xDrive,"$90,614","19,225 mi.",2023,BMW,M3,M3 xDrive Competition,WBS43AY05PFP58953,"1CR Remote Engine Start; 1MB M Drive Professional; 248 Steering Wheel Heating; 2NK M Carbon Ceramic Brake; 2VB Tyre Pressure Indicator; 2VC Tyre Repair Kit; 302 Alarm System; 316 Automatic Tailgate Operation; 319 Integrated Universal Remote Control; 322 Comfort Access System; 3DE Deletion Of Specific Exterior Desig; 3MF Bmw Individual Shadowline Lights; 430 Interior And Exterior Mirror Packa; 453 Active Seat Ventilation, Front; 4AW Instrument Panel Sensatec; 4GQ M Seat Belts; 4MC Interior Trim Finishers Carbon Fibre; 5AL Active Protection; 5AR Traffic-queue Assistant; 5AU Driving Assistant Professional; 5DN Parking Assistant Plus; 655 Satellite Radio; 688 Harman/kardon Surround Sound System; 6AK Connecteddrive Services; 6C4 Connectedpackage Professional; 6DR Bmw Drive Recorder; 6NX Wireless Charging Tray; 6U3 Bmw Live Cockpit Professional; 71C M Carbon Exterieur Package; 7ME M Drivers Package; 8KL Oelserviceint. 15.000km/12months; 8TN Daytime Driving Lights Selectable B; 8WM Control D; 925 Shipping Protection Package; ZAX; ZDY; ZPK; ZPX; ZSA; ZTM; ZWH",CarGurus,"Delray Beach, FL — Grieco Ford Of Delray Beach",https://www.cargurus.com/Cars/listing/432505912?sourceContext=autotempest&cgfv=1.21&cgfr=5&cgfab=Q&px8324=p110&dnetworktype=r&cgfdate=2026929&cgfloc=en
2024 BMW M3 Competition xDrive,"$80,998","43,473 mi.",2024,BMW,M3,M3 xDrive Competition,WBS43AY02RFT60537,"1CR Remote Engine Start; 1MB M Drive Professional; 248 Steering Wheel Heating; 2VB Tyre Pressure Indicator; 2VC Tyre Repair Kit; 302 Alarm System; 316 Automatic Tailgate Operation; 319 Integrated Universal Remote Control; 322 Comfort Access System; 3M5 M Compound Brake With Red Calipers; 3MF Bmw Individual Shadowline Lights; 430 Interior And Exterior Mirror Packa; 453 Active Seat Ventilation, Front; 4AW Instrument Panel Sensatec; 4GQ M Seat Belts; 4MC Interior Trim Finishers Carbon Fibre; 5AL Active Protection; 5AR Traffic-queue Assistant; 5AU Driving Assistant Professional; 5DN Parking Assistant Plus; 655 Satellite Radio; 688 Harman/kardon Surround Sound System; 6AK Connecteddrive Services; 6C4 Connectedpackage Professional; 6NX Wireless Charging Tray; 6PA Personal Esim 5g; 6U3 Bmw Live Cockpit Professional; 8KL Oelserviceint. 15.000km/12months; 8TN Daytime Driving Lights Selectable B; 8WM Control D; 925 Shipping Protection Package; ZAX; ZDY; ZN1; ZN3; ZN4; ZPK; ZPX; ZSA; ZTM; ZWH",Cars.com,"West Jordan, UT — Immaculate Used Cars",https://www.cars.com/vehicledetail/cb5414bb-6ecb-4159-a941-77c7905d33df/?aff=atempest&utm_campaign=atempest&utm_source=autotempest&utm_medium=trp&utm_campaign_id=1&utm_trusted=TRUE
2024 BMW M3 Competition,"$77,063","29,346 mi.",2024,BMW,M3,M3 Competition,WBS33AY04RFR64165,,Cars.com,"Hudson, NY — Orchard Chrysler Dodge Jeep Ram",https://www.cars.com/vehicledetail/d88e8c6f-acb0-44f3-a34e-4eab0a71e3aa/?aff=atempest&utm_campaign=atempest&utm_source=autotempest&utm_medium=trp&utm_campaign_id=1&utm_trusted=TRUE
2024 BMW M3 Competition xDrive,"$86,497","32,207 mi.",2024,BMW,M3,M3 xDrive Competition,WBS43AY05RFS26878,SNU,Cars.com,"Hollywood, FL — Gravity Autos Hollywood",https://www.cars.com/vehicledetail/57115ea4-cf22-4c17-9cb7-f1a6573be68b/?aff=atempest&utm_campaign=atempest&utm_source=autotempest&utm_medium=trp&utm_campaign_id=1&utm_trusted=TRUE
2026 BMW M3 Competition xDrive,"$101,988","8,342 mi.",2026,BMW,M3,M3 xDrive Competition,WBS33HJ00TFW05325,"1CB Co2 Content; 1CR Remote Engine Start; 1T8 19""/20"" M Forged Wheels Double-spoke Style 826 M Bicolour Black Matt With Mixed Tyres; 248 Steering Wheel Heating; 2T4 M Sport Differential; 2VB Tyre Pressure Indicator; 2VC Tyre Repair Kit; 2VF Adaptiv M Suspension; 302 Alarm System; 316 Automatic Tailgate Operation; 319 Integrated Universal Remote Control; 322 Comfort Access System; 3MF Bmw Individual Shadowline Lights; 430 Interior And Exterior Mirror Packa; 431 Interior Rr Vw Mirror W Aut Anti-d; 453 Active Seat Ventilation, Front; 459 Seat Adjustm., Electr. W. Memory; 488 Lumbar Support Driver/front Passenger; 493 Storage Compartment Package; 494 Seat Heating F Driver/front Passenger; 4GQ M Seat Belts; 4MC Interior Trim Finishers Carbon Fibre; 4NE Blow-by-heater; 4U0 Galvanic Embellisher For Controls; 534 Automatic Air Conditioning; 544 Cruise Control With Braking Function; 552 Adaptive Led Headlight; 5AC Autom. High-beam Headlights Control; 5AL Active Protection; 5AP Decoding For No-dazzle High-beam As; 5AS Driving Assistant; 5AV Active Guard; 5DN Parking Assistant Plus; 5DS Luggage-compartment Emerg. Release; 645 Radio Control Us; 655 Satellite Radio; 688 Harman/kardon Surround Sound System; 6AC Intelligent Emergency Call; 6AE Teleservices; 6AK Connecteddrive Services; 6C4 Connectedpackage Professional; 6DR Bmw Drive Recorder; 6NX Wireless Charging Tray; 6PA Personal Esim 5g; 6U3 Bmw Live Cockpit Professional; 6VB Control Infotainment; 70A M Alcantara Steering Wheel; 712 M Sports Seat; 71C M Carbon Exterieur Package; 760 Individual High-gloss Satin Chrome; 775 Individual Roof-lining Anthracite; 7M9 Bmw Individual High-gloss Shadowline Exterior Trim With Extended Features; 823 Hot-climate Version; 845 Acoustic Belt Warning; 853 Language Version English; 8EK Body Control; 8KL Oelserviceint. 15.000km/12months; 8R9 Refrigerant; 8SM Vin, Visible From Outside; 8TN Daytime Driving Lights Selectable B; 8WM Control D; 925 Shipping Protection Package; 992 Number Plate Attachement Management; L070",Cars.com,"Bridgewater, NJ — Bmw Of Bridgewater",https://www.cars.com/vehicledetail/3b45c0e3-9170-409a-a9ec-a767dd013ff4/?aff=atempest&utm_campaign=atempest&utm_source=autotempest&utm_medium=trp&utm_campaign_id=1&utm_trusted=TRUE
2025 BMW M3 Competition xDrive,"$91,000","20,160 mi.",2025,BMW,M3,M3 xDrive Competition,WBS33HJ00SFU80664,"1CB Co2 Content; 1CR Remote Engine Start; 1MB M Drive Professional; 1U0 19""/20"" M Schmiederäder Doppelspeiche 826 M Schwarz Mit Mischbereifung; 248 Steering Wheel Heating; 2T4 M Sport Differential; 2VB Tyre Pressure Indicator; 2VC Tyre Repair Kit; 2VF Adaptiv M Suspension; 302 Alarm System; 316 Automatic Tailgate Operation; 319 Integrated Universal Remote Control; 322 Comfort Access System; 3M6 M Compound Brake With Black Calipers; 3MF Bmw Individual Shadowline Lights; 430 Interior And Exterior Mirror Packa; 431 Interior Rr Vw Mirror W Aut Anti-d; 453 Active Seat Ventilation, Front; 459 Seat Adjustm., Electr. W. Memory; 488 Lumbar Support Driver/front Passenger; 493 Storage Compartment Package; 494 Seat Heating F Driver/front Passenger; 4GQ M Seat Belts; 4MC Interior Trim Finishers Carbon Fibre; 4NE Blow-by-heater; 4U0 Galvanic Embellisher For Controls; 534 Automatic Air Conditioning; 544 Cruise Control With Braking Function; 552 Adaptive Led Headlight; 5AC Autom. High-beam Headlights Control; 5AL Active Protection; 5AP Decoding For No-dazzle High-beam As; 5AS Driving Assistant; 5AV Active Guard; 5DN Parking Assistant Plus; 5DS Luggage-compartment Emerg. Release; 645 Radio Control Us; 655 Satellite Radio; 688 Harman/kardon Surround Sound System; 6AC Intelligent Emergency Call; 6AE Teleservices; 6AK Connecteddrive Services; 6C4 Connectedpackage Professional; 6DR Bmw Drive Recorder; 6NX Wireless Charging Tray; 6PA Personal Esim 5g; 6U3 Bmw Live Cockpit Professional; 6VB Control Infotainment; 712 M Sports Seat; 760 Individual High-gloss Satin Chrome; 775 Individual Roof-lining Anthracite; 7M9 Bmw Individual High-gloss Shadowline Exterior Trim With Extended Features; 7ME M Drivers Package; 823 Hot-climate Version; 845 Acoustic Belt Warning; 853 Language Version English; 8EK Body Control; 8KL Oelserviceint. 15.000km/12months; 8R9 Refrigerant; 8SM Vin, Visible From Outside; 8TN Daytime Driving Lights Selectable B; 8WM Control D; 925 Shipping Protection Package; 992 Number Plate Attachement Management; L070",CarGurus,"Grapevine, TX — Grubbs Acura",https://www.cargurus.com/Cars/listing/459769186?sourceContext=autotempest&cgfv=1.21&cgfr=5&cgfab=Q&px8324=p110&dnetworktype=r&cgfdate=2026929&cgfloc=en
2025 BMW M3 Competition xDrive,"$93,557","15,919 mi.",2025,BMW,M3,M3 xDrive Competition,WBS33HJ05SFU32206,"1CB Co2 Content; 1CR Remote Engine Start; 1U0 19""/20"" M Schmiederäder Doppelspeiche 826 M Schwarz Mit Mischbereifung; 248 Steering Wheel Heating; 2T4 M Sport Differential; 2VB Tyre Pressure Indicator; 2VC Tyre Repair Kit; 2VF Adaptiv M Suspension; 302 Alarm System; 316 Automatic Tailgate Operation; 319 Integrated Universal Remote Control; 322 Comfort Access System; 3M6 M Compound Brake With Black Calipers; 3MF Bmw Individual Shadowline Lights; 430 Interior And Exterior Mirror Packa; 431 Interior Rr Vw Mirror W Aut Anti-d; 459 Seat Adjustm., Electr. W. Memory; 48C M Carbon Bucket Seats; 493 Storage Compartment Package; 494 Seat Heating F Driver/front Passenger; 4GQ M Seat Belts; 4MC Interior Trim Finishers Carbon Fibre; 4NE Blow-by-heater; 534 Automatic Air Conditioning; 544 Cruise Control With Braking Function; 552 Adaptive Led Headlight; 5AC Autom. High-beam Headlights Control; 5AL Active Protection; 5AP Decoding For No-dazzle High-beam As; 5AS Driving Assistant; 5AV Active Guard; 5DN Parking Assistant Plus; 5DS Luggage-compartment Emerg. Release; 645 Radio Control Us; 655 Satellite Radio; 688 Harman/kardon Surround Sound System; 6AC Intelligent Emergency Call; 6AE Teleservices; 6AK Connecteddrive Services; 6C4 Connectedpackage Professional; 6NX Wireless Charging Tray; 6PA Personal Esim 5g; 6U3 Bmw Live Cockpit Professional; 6VB Control Infotainment; 70A M Alcantara Steering Wheel; 71C M Carbon Exterieur Package; 760 Individual High-gloss Satin Chrome; 775 Individual Roof-lining Anthracite; 7M9 Bmw Individual High-gloss Shadowline Exterior Trim With Extended Features; 823 Hot-climate Version; 845 Acoustic Belt Warning; 853 Language Version English; 8EK Body Control; 8KL Oelserviceint. 15.000km/12months; 8R9 Refrigerant; 8SM Vin, Visible From Outside; 8TN Daytime Driving Lights Selectable B; 8WM Control D; 925 Shipping Protection Package; 992 Number Plate Attachement Management; L070",CarGurus,"Katy, TX — Westside Chevrolet",https://www.cargurus.com/Cars/listing/459640996?sourceContext=autotempest&cgfv=1.22&cgfr=5&cgfab=Q&px8324=p110&dnetworktype=r&cgfdate=2026929&cgfloc=en
2024 BMW M3 Competition xDrive,"$82,950","44,230 mi.",2024,BMW,M3,M3 xDrive Competition,WBS43AY04RFS30971,"1CB Co2 Content; 1CR Remote Engine Start; 1MB M Drive Professional; 1U0 19""/20"" M Schmiederäder Doppelspeiche 826 M Schwarz Mit Mischbereifung; 248 Steering Wheel Heating; 2T4 M Sport Differential; 2VB Tyre Pressure Indicator; 2VC Tyre Repair Kit; 2VF Adaptiv M Suspension; 302 Alarm System; 316 Automatic Tailgate Operation; 319 Integrated Universal Remote Control; 322 Comfort Access System; 3M5 M Compound Brake With Red Calipers; 430 Interior And Exterior Mirror Packa; 431 Interior Rr Vw Mirror W Aut Anti-d; 453 Active Seat Ventilation, Front; 459 Seat Adjustm., Electr. W. Memory; 488 Lumbar Support Driver/front Passenger; 493 Storage Compartment Package; 494 Seat Heating F Driver/front Passenger; 4GQ M Seat Belts; 4MC Interior Trim Finishers Carbon Fibre; 4NE Blow-by-heater; 534 Automatic Air Conditioning; 5AC Autom. High-beam Headlights Control; 5AL Active Protection; 5AP Decoding For No-dazzle High-beam As; 5AR Traffic-queue Assistant; 5AU Driving Assistant Professional; 5AV Active Guard; 5AZ Bmw Laser Light; 5DN Parking Assistant Plus; 5DS Luggage-compartment Emerg. Release; 645 Radio Control Us; 655 Satellite Radio; 688 Harman/kardon Surround Sound System; 6AC Intelligent Emergency Call; 6AE Teleservices; 6AK Connecteddrive Services; 6C4 Connectedpackage Professional; 6DR Bmw Drive Recorder; 6NX Wireless Charging Tray; 6PA Personal Esim 5g; 6U3 Bmw Live Cockpit Professional; 6VB Control Infotainment; 712 M Sports Seat; 760 Individual High-gloss Satin Chrome; 775 Individual Roof-lining Anthracite; 7M9 Bmw Individual High-gloss Shadowline Exterior Trim With Extended Features; 7ME M Drivers Package; 823 Hot-climate Version; 845 Acoustic Belt Warning; 853 Language Version English; 8EK Body Control; 8KL Oelserviceint. 15.000km/12months; 8R9 Refrigerant; 8SM Vin, Visible From Outside; 8TN Daytime Driving Lights Selectable B; 8WM Control D; 8WT Control K; 925 Shipping Protection Package; 992 Number Plate Attachement Management; L070",CarGurus,"Lewisville, TX — Maverick Motors",https://www.cargurus.com/Cars/listing/459693239?sourceContext=autotempest&cgfv=1.2&cgfr=7&cgfab=Q&px8324=p110&dnetworktype=r&cgfdate=2026929&cgfloc=en
2023 BMW M3 Competition xDrive,"$92,900","8,800 mi.",2023,BMW,M3,M3 xDrive Competition,WBS43AY01PFN93158,"1CB Co2 Content; 1CR Remote Engine Start; 1T8 19""/20"" M Forged Wheels Double-spoke Style 826 M Bicolour Black Matt With Mixed Tyres; 248 Steering Wheel Heating; 2T4 M Sport Differential; 2VB Tyre Pressure Indicator; 2VC Tyre Repair Kit; 2VF Adaptiv M Suspension; 302 Alarm System; 316 Automatic Tailgate Operation; 319 Integrated Universal Remote Control; 322 Comfort Access System; 3AG Backup Camera; 3M5 M Compound Brake With Red Calipers; 3MF Bmw Individual Shadowline Lights; 3MQ Bmw M 50 Years Emblems; 430 Interior And Exterior Mirror Packa; 431 Interior Rr Vw Mirror W Aut Anti-d; 453 Active Seat Ventilation, Front; 459 Seat Adjustm., Electr. W. Memory; 488 Lumbar Support Driver/front Passenger; 493 Storage Compartment Package; 494 Seat Heating F Driver/front Passenger; 4AW Instrument Panel Sensatec; 4GQ M Seat Belts; 4MC Interior Trim Finishers Carbon Fibre; 4NE Blow-by-heater; 508 Park Distance Control (pdc); 534 Automatic Air Conditioning; 544 Cruise Control With Braking Function; 5AC Autom. High-beam Headlights Control; 5AL Active Protection; 5AS Driving Assistant; 5AV Active Guard; 5DS Luggage-compartment Emerg. Release; 645 Radio Control Us; 655 Satellite Radio; 688 Harman/kardon Surround Sound System; 6AC Intelligent Emergency Call; 6AE Teleservices; 6AK Connecteddrive Services; 6C4 Connectedpackage Professional; 6NX Wireless Charging Tray; 6U3 Bmw Live Cockpit Professional; 6VB Control Infotainment; 712 M Sports Seat; 760 Individual High-gloss Satin Chrome; 775 Individual Roof-lining Anthracite; 7M9 Bmw Individual High-gloss Shadowline Exterior Trim With Extended Features; 823 Hot-climate Version; 845 Acoustic Belt Warning; 853 Language Version English; 8EK Body Control; 8KL Oelserviceint. 15.000km/12months; 8R9 Refrigerant; 8SM Vin, Visible From Outside; 8TN Daytime Driving Lights Selectable B; 8WM Control D; 925 Shipping Protection Package; 992 Number Plate Attachement Management; L070",Cars.com,"Hollywood, FL — Sv Motors Inc",https://www.cars.com/vehicledetail/e281e209-b837-4df4-9d33-3a1caf836612/?aff=atempest&utm_campaign=atempest&utm_source=autotempest&utm_medium=trp&utm_campaign_id=1&utm_trusted=TRUE
2026 BMW M3 Competition xDrive,"$99,174","6,654 mi.",2026,BMW,M3,M3 xDrive Competition,WBS33HJ06TFV52940,"1CB Co2 Content; 1CR Remote Engine Start; 1U0 19""/20"" M Schmiederäder Doppelspeiche 826 M Schwarz Mit Mischbereifung; 248 Steering Wheel Heating; 2T4 M Sport Differential; 2VB Tyre Pressure Indicator; 2VC Tyre Repair Kit; 2VF Adaptiv M Suspension; 302 Alarm System; 316 Automatic Tailgate Operation; 319 Integrated Universal Remote Control; 322 Comfort Access System; 3DE Deletion Of Specific Exterior Desig; 3M5 M Compound Brake With Red Calipers; 3MF Bmw Individual Shadowline Lights; 403 Glas Roof, Electric; 430 Interior And Exterior Mirror Packa; 431 Interior Rr Vw Mirror W Aut Anti-d; 459 Seat Adjustm., Electr. W. Memory; 48C M Carbon Bucket Seats; 493 Storage Compartment Package; 494 Seat Heating F Driver/front Passenger; 4GQ M Seat Belts; 4MC Interior Trim Finishers Carbon Fibre; 4NE Blow-by-heater; 4U0 Galvanic Embellisher For Controls; 534 Automatic Air Conditioning; 552 Adaptive Led Headlight; 5AC Autom. High-beam Headlights Control; 5AL Active Protection; 5AP Decoding For No-dazzle High-beam As; 5AR Traffic-queue Assistant; 5AU Driving Assistant Professional; 5AV Active Guard; 5DN Parking Assistant Plus; 5DS Luggage-compartment Emerg. Release; 645 Radio Control Us; 655 Satellite Radio; 688 Harman/kardon Surround Sound System; 6AC Intelligent Emergency Call; 6AE Teleservices; 6AK Connecteddrive Services; 6C4 Connectedpackage Professional; 6DR Bmw Drive Recorder; 6NX Wireless Charging Tray; 6PA Personal Esim 5g; 6U3 Bmw Live Cockpit Professional; 6VB Control Infotainment; 760 Individual High-gloss Satin Chrome; 775 Individual Roof-lining Anthracite; 7M9 Bmw Individual High-gloss Shadowline Exterior Trim With Extended Features; 823 Hot-climate Version; 845 Acoustic Belt Warning; 853 Language Version English; 8EK Body Control; 8KL Oelserviceint. 15.000km/12months; 8R9 Refrigerant; 8SM Vin, Visible From Outside; 8TN Daytime Driving Lights Selectable B; 8WM Control D; 925 Shipping Protection Package; 992 Number Plate Attachement Management; L070",CarGurus,"Staten Island, NY — Brooklyn Auto Sales",https://www.cargurus.com/Cars/listing/459686414?sourceContext=autotempest&cgfv=1.22&cgfr=5&cgfab=Q&px8324=p110&dnetworktype=r&cgfdate=2026929&cgfloc=en
2025 BMW M3,"$80,987","8,629 mi.",2025,BMW,M3,,WBS13HJ02SFV15745,,Cars.com,"Alexandria, VA — Bmw Of Alexandria",https://www.cars.com/vehicledetail/e69dcaf4-7a82-4703-b069-12d32ab70da7/?aff=atempest&utm_campaign=atempest&utm_source=autotempest&utm_medium=trp&utm_campaign_id=1&utm_trusted=TRUE
2022 BMW M3,"$67,942","20,068 mi.",2022,BMW,M3,,WBS53AY02NFL76963,,CarGurus,"Duluth, GA — Bmw Of Gwinnett Place",https://www.cargurus.com/Cars/listing/459598014?sourceContext=autotempest&cgfv=1.13&cgfr=1&cgfab=Q&px8324=p110&dnetworktype=r&cgfdate=2026929&cgfloc=en
2022 BMW M3 Competition xDrive,"$68,295","71,000 mi.",2022,BMW,M3,M3 xDrive Competition,WBS43AY06NFM09166,1CR Remote Engine Start; 1MB M Drive Professional; 248 Steering Wheel Heating; 2VB Tyre Pressure Indicator; 2VC Tyre Repair Kit; 302 Alarm System; 316 Automatic Tailgate Operation; 319 Integrated Universal Remote Control; 322 Comfort Access System; 3MF Bmw Individual Shadowline Lights; 430 Interior And Exterior Mirror Packa; 48C M Carbon Bucket Seats; 493 Storage Compartment Package; 4GQ M Seat Belts; 4MC Interior Trim Finishers Carbon Fibre; 5AP Decoding For No-dazzle High-beam As; 5AR Traffic-queue Assistant; 5AU Driving Assistant Professional; 5AZ Bmw Laser Light; 5DN Parking Assistant Plus; 610 Head Up Display; 655 Satellite Radio; 688 Harman/kardon Surround Sound System; 6AK Connecteddrive Services; 6C4 Connectedpackage Professional; 6DR Bmw Drive Recorder; 6NS Enhanced Telephony With Extended Smartphone Connectivity; 6U3 Bmw Live Cockpit Professional; 6U8 Bmw Gesture Control; 71C M Carbon Exterieur Package; 8KL Oelserviceint. 15.000km/12months; 8TN Daytime Driving Lights Selectable B; 925 Shipping Protection Package; Z02; Z3R; ZAX; ZDY; ZL6; ZPK; ZPX; ZSA; ZW1; ZWH,Cars.com,"Twinsburg, OH — Switchcars.Com",https://www.cars.com/vehicledetail/d8c561ef-2c5b-46fe-a61f-3592653a3c4f/?aff=atempest&utm_campaign=atempest&utm_source=autotempest&utm_medium=trp&utm_campaign_id=1&utm_trusted=TRUE
2025 BMW M3 Competition xDrive,"$91,213","16,250 mi.",2025,BMW,M3,M3 xDrive Competition,WBS33HJ01SFU48273,"1CR Remote Engine Start; 248 Steering Wheel Heating; 2VB Tyre Pressure Indicator; 2VC Tyre Repair Kit; 302 Alarm System; 316 Automatic Tailgate Operation; 319 Integrated Universal Remote Control; 322 Comfort Access System; 453 Active Seat Ventilation, Front; 4GQ M Seat Belts; 4MC Interior Trim Finishers Carbon Fibre; 552 Adaptive Led Headlight; 5AL Active Protection; 5AP Decoding For No-dazzle High-beam As; 5AR Traffic-queue Assistant; 5AU Driving Assistant Professional; 5DN Parking Assistant Plus; 688 Harman/kardon Surround Sound System; 6AK Connecteddrive Services; 6C4 Connectedpackage Professional; 6NX Wireless Charging Tray; 6PA Personal Esim 5g; 6U3 Bmw Live Cockpit Professional; 8KL Oelserviceint. 15.000km/12months; 8TN Daytime Driving Lights Selectable B; 8WM Control D; 925 Shipping Protection Package; ZAX; ZDY; ZN1; ZN3; ZN4; ZPK; ZPX; ZTM; ZWH",Cars.com,"Grapevine, TX — Sewell Bmw Of Grapevine",https://www.cars.com/vehicledetail/c043d1a9-3119-4666-bb8a-8c2fa2eb2c3f/?aff=atempest&utm_campaign=atempest&utm_source=autotempest&utm_medium=trp&utm_campaign_id=1&utm_trusted=TRUE
2025 BMW M3 Competition xDrive,"$92,867","8,866 mi.",2025,BMW,M3,M3 xDrive Competition,WBS33HJ06SFT94663,"1CB Co2 Content; 1CR Remote Engine Start; 1MB M Drive Professional; 1T8 19""/20"" M Forged Wheels Double-spoke Style 826 M Bicolour Black Matt With Mixed Tyres; 248 Steering Wheel Heating; 2T4 M Sport Differential; 2VB Tyre Pressure Indicator; 2VC Tyre Repair Kit; 2VF Adaptiv M Suspension; 302 Alarm System; 316 Automatic Tailgate Operation; 319 Integrated Universal Remote Control; 322 Comfort Access System; 3M5 M Compound Brake With Red Calipers; 3MF Bmw Individual Shadowline Lights; 403 Glas Roof, Electric; 430 Interior And Exterior Mirror Packa; 431 Interior Rr Vw Mirror W Aut Anti-d; 453 Active Seat Ventilation, Front; 459 Seat Adjustm., Electr. W. Memory; 488 Lumbar Support Driver/front Passenger; 493 Storage Compartment Package; 494 Seat Heating F Driver/front Passenger; 4GQ M Seat Belts; 4MC Interior Trim Finishers Carbon Fibre; 4NE Blow-by-heater; 4U0 Galvanic Embellisher For Controls; 534 Automatic Air Conditioning; 544 Cruise Control With Braking Function; 552 Adaptive Led Headlight; 5AC Autom. High-beam Headlights Control; 5AL Active Protection; 5AP Decoding For No-dazzle High-beam As; 5AS Driving Assistant; 5AV Active Guard; 5DN Parking Assistant Plus; 5DS Luggage-compartment Emerg. Release; 645 Radio Control Us; 655 Satellite Radio; 688 Harman/kardon Surround Sound System; 6AC Intelligent Emergency Call; 6AE Teleservices; 6AK Connecteddrive Services; 6C4 Connectedpackage Professional; 6NX Wireless Charging Tray; 6PA Personal Esim 5g; 6U3 Bmw Live Cockpit Professional; 6VB Control Infotainment; 712 M Sports Seat; 760 Individual High-gloss Satin Chrome; 775 Individual Roof-lining Anthracite; 7M9 Bmw Individual High-gloss Shadowline Exterior Trim With Extended Features; 823 Hot-climate Version; 845 Acoustic Belt Warning; 853 Language Version English; 8EK Body Control; 8KL Oelserviceint. 15.000km/12months; 8R9 Refrigerant; 8SM Vin, Visible From Outside; 8TN Daytime Driving Lights Selectable B; 8WM Control D; 925 Shipping Protection Package; 992 Number Plate Attachement Management; L070",CarGurus,"Roswell, GA — Audi North Atlanta",https://www.cargurus.com/Cars/listing/459501578?sourceContext=autotempest&cgfv=1.22&cgfr=5&cgfab=Q&px8324=p110&dnetworktype=r&cgfdate=2026929&cgfloc=en
2023 BMW M3 Competition xDrive,"$87,085","25,934 mi.",2023,BMW,M3,M3 xDrive Competition,WBS43AY06PFP02391,"1CB Co2 Content; 1CR Remote Engine Start; 1U0 19""/20"" M Schmiederäder Doppelspeiche 826 M Schwarz Mit Mischbereifung; 248 Steering Wheel Heating; 2T4 M Sport Differential; 2VB Tyre Pressure Indicator; 2VC Tyre Repair Kit; 2VF Adaptiv M Suspension; 302 Alarm System; 316 Automatic Tailgate Operation; 319 Integrated Universal Remote Control; 322 Comfort Access System; 3M5 M Compound Brake With Red Calipers; 3MF Bmw Individual Shadowline Lights; 3MQ Bmw M 50 Years Emblems; 430 Interior And Exterior Mirror Packa; 431 Interior Rr Vw Mirror W Aut Anti-d; 453 Active Seat Ventilation, Front; 459 Seat Adjustm., Electr. W. Memory; 488 Lumbar Support Driver/front Passenger; 493 Storage Compartment Package; 494 Seat Heating F Driver/front Passenger; 4GQ M Seat Belts; 4MC Interior Trim Finishers Carbon Fibre; 4NE Blow-by-heater; 534 Automatic Air Conditioning; 5AC Autom. High-beam Headlights Control; 5AL Active Protection; 5AP Decoding For No-dazzle High-beam As; 5AR Traffic-queue Assistant; 5AU Driving Assistant Professional; 5AV Active Guard; 5AZ Bmw Laser Light; 5DN Parking Assistant Plus; 5DS Luggage-compartment Emerg. Release; 645 Radio Control Us; 655 Satellite Radio; 688 Harman/kardon Surround Sound System; 6AC Intelligent Emergency Call; 6AE Teleservices; 6AK Connecteddrive Services; 6C4 Connectedpackage Professional; 6NS Enhanced Telephony With Extended Smartphone Connectivity; 6U3 Bmw Live Cockpit Professional; 6VB Control Infotainment; 712 M Sports Seat; 760 Individual High-gloss Satin Chrome; 775 Individual Roof-lining Anthracite; 7M9 Bmw Individual High-gloss Shadowline Exterior Trim With Extended Features; 823 Hot-climate Version; 845 Acoustic Belt Warning; 853 Language Version English; 8EK Body Control; 8KL Oelserviceint. 15.000km/12months; 8R9 Refrigerant; 8SM Vin, Visible From Outside; 8TN Daytime Driving Lights Selectable B; 8WM Control D; 925 Shipping Protection Package; 992 Number Plate Attachement Management; L070",Cars.com,"Columbia, MO — Bmw Of Columbia - Mo",https://www.cars.com/vehicledetail/d2046e22-7f32-42ea-8dec-e9ad79da822e/?aff=atempest&utm_campaign=atempest&utm_source=autotempest&utm_medium=trp&utm_campaign_id=1&utm_trusted=TRUE
2026 BMW M3 Competition xDrive,"$101,853","4,500 mi.",2026,BMW,M3,M3 xDrive Competition,WBS33HJ03TFV90058,"1CB Co2 Content; 1CR Remote Engine Start; 1U0 19""/20"" M Schmiederäder Doppelspeiche 826 M Schwarz Mit Mischbereifung; 248 Steering Wheel Heating; 2T4 M Sport Differential; 2VB Tyre Pressure Indicator; 2VC Tyre Repair Kit; 2VF Adaptiv M Suspension; 302 Alarm System; 316 Automatic Tailgate Operation; 319 Integrated Universal Remote Control; 322 Comfort Access System; 3M5 M Compound Brake With Red Calipers; 3MF Bmw Individual Shadowline Lights; 430 Interior And Exterior Mirror Packa; 431 Interior Rr Vw Mirror W Aut Anti-d; 453 Active Seat Ventilation, Front; 459 Seat Adjustm., Electr. W. Memory; 488 Lumbar Support Driver/front Passenger; 493 Storage Compartment Package; 494 Seat Heating F Driver/front Passenger; 4GQ M Seat Belts; 4MC Interior Trim Finishers Carbon Fibre; 4NE Blow-by-heater; 4U0 Galvanic Embellisher For Controls; 534 Automatic Air Conditioning; 552 Adaptive Led Headlight; 5AC Autom. High-beam Headlights Control; 5AL Active Protection; 5AP Decoding For No-dazzle High-beam As; 5AR Traffic-queue Assistant; 5AU Driving Assistant Professional; 5AV Active Guard; 5DN Parking Assistant Plus; 5DS Luggage-compartment Emerg. Release; 645 Radio Control Us; 655 Satellite Radio; 688 Harman/kardon Surround Sound System; 6AC Intelligent Emergency Call; 6AE Teleservices; 6AK Connecteddrive Services; 6C4 Connectedpackage Professional; 6DR Bmw Drive Recorder; 6NX Wireless Charging Tray; 6PA Personal Esim 5g; 6U3 Bmw Live Cockpit Professional; 6VB Control Infotainment; 712 M Sports Seat; 71C M Carbon Exterieur Package; 760 Individual High-gloss Satin Chrome; 775 Individual Roof-lining Anthracite; 7M9 Bmw Individual High-gloss Shadowline Exterior Trim With Extended Features; 823 Hot-climate Version; 845 Acoustic Belt Warning; 853 Language Version English; 8EK Body Control; 8KL Oelserviceint. 15.000km/12months; 8R9 Refrigerant; 8SM Vin, Visible From Outside; 8TN Daytime Driving Lights Selectable B; 8WM Control D; 925 Shipping Protection Package; 992 Number Plate Attachement Management; L070",Cars.com,"Indianapolis, IN — Mercedes-Benz Of Indianapolis",https://www.cars.com/vehicledetail/fb391588-98c3-40ae-9c1c-19de679d0eae/?aff=atempest&utm_campaign=atempest&utm_source=autotempest&utm_medium=trp&utm_campaign_id=1&utm_trusted=TRUE
2023 BMW M3 Competition xDrive,"$83,846","34,573 mi.",2023,BMW,M3,M3 xDrive Competition,WBS43AY01PFR30296,"1CB Co2 Content; 1CR Remote Engine Start; 1U0 19""/20"" M Schmiederäder Doppelspeiche 826 M Schwarz Mit Mischbereifung; 248 Steering Wheel Heating; 2T4 M Sport Differential; 2VB Tyre Pressure Indicator; 2VC Tyre Repair Kit; 2VF Adaptiv M Suspension; 302 Alarm System; 316 Automatic Tailgate Operation; 319 Integrated Universal Remote Control; 322 Comfort Access System; 3AG Backup Camera; 3MF Bmw Individual Shadowline Lights; 430 Interior And Exterior Mirror Packa; 431 Interior Rr Vw Mirror W Aut Anti-d; 459 Seat Adjustm., Electr. W. Memory; 488 Lumbar Support Driver/front Passenger; 493 Storage Compartment Package; 494 Seat Heating F Driver/front Passenger; 4AW Instrument Panel Sensatec; 4GQ M Seat Belts; 4MC Interior Trim Finishers Carbon Fibre; 4NE Blow-by-heater; 508 Park Distance Control (pdc); 534 Automatic Air Conditioning; 544 Cruise Control With Braking Function; 5AC Autom. High-beam Headlights Control; 5AL Active Protection; 5AS Driving Assistant; 5AV Active Guard; 5DS Luggage-compartment Emerg. Release; 645 Radio Control Us; 655 Satellite Radio; 688 Harman/kardon Surround Sound System; 6AC Intelligent Emergency Call; 6AE Teleservices; 6AK Connecteddrive Services; 6C4 Connectedpackage Professional; 6NS Enhanced Telephony With Extended Smartphone Connectivity; 6U3 Bmw Live Cockpit Professional; 6VB Control Infotainment; 712 M Sports Seat; 760 Individual High-gloss Satin Chrome; 775 Individual Roof-lining Anthracite; 7M9 Bmw Individual High-gloss Shadowline Exterior Trim With Extended Features; 823 Hot-climate Version; 845 Acoustic Belt Warning; 853 Language Version English; 8EK Body Control; 8KL Oelserviceint. 15.000km/12months; 8R9 Refrigerant; 8SM Vin, Visible From Outside; 8TN Daytime Driving Lights Selectable B; 8WM Control D; 925 Shipping Protection Package; 992 Number Plate Attachement Management; FRFK; L070",Cars.com,"Warwick, RI — Bmw Of Warwick",https://www.cars.com/vehicledetail/42af0bbe-eab8-423a-90ac-eed7548508a8/?aff=atempest&utm_campaign=atempest&utm_source=autotempest&utm_medium=trp&utm_campaign_id=1&utm_trusted=TRUE
2025 BMW M3 Competition xDrive,"$93,415","7,315 mi.",2025,BMW,M3,M3 xDrive Competition,WBS33HJ05SFU31394,"1CB Co2 Content; 1CR Remote Engine Start; 1T8 19""/20"" M Forged Wheels Double-spoke Style 826 M Bicolour Black Matt With Mixed Tyres; 248 Steering Wheel Heating; 2T4 M Sport Differential; 2VB Tyre Pressure Indicator; 2VC Tyre Repair Kit; 2VF Adaptiv M Suspension; 302 Alarm System; 316 Automatic Tailgate Operation; 319 Integrated Universal Remote Control; 322 Comfort Access System; 3M5 M Compound Brake With Red Calipers; 3MF Bmw Individual Shadowline Lights; 430 Interior And Exterior Mirror Packa; 431 Interior Rr Vw Mirror W Aut Anti-d; 453 Active Seat Ventilation, Front; 459 Seat Adjustm., Electr. W. Memory; 488 Lumbar Support Driver/front Passenger; 493 Storage Compartment Package; 494 Seat Heating F Driver/front Passenger; 4GQ M Seat Belts; 4MC Interior Trim Finishers Carbon Fibre; 4NE Blow-by-heater; 4U0 Galvanic Embellisher For Controls; 534 Automatic Air Conditioning; 544 Cruise Control With Braking Function; 552 Adaptive Led Headlight; 5AC Autom. High-beam Headlights Control; 5AL Active Protection; 5AP Decoding For No-dazzle High-beam As; 5AS Driving Assistant; 5AV Active Guard; 5DN Parking Assistant Plus; 5DS Luggage-compartment Emerg. Release; 645 Radio Control Us; 655 Satellite Radio; 688 Harman/kardon Surround Sound System; 6AC Intelligent Emergency Call; 6AE Teleservices; 6AK Connecteddrive Services; 6C4 Connectedpackage Professional; 6DR Bmw Drive Recorder; 6NX Wireless Charging Tray; 6PA Personal Esim 5g; 6U3 Bmw Live Cockpit Professional; 6VB Control Infotainment; 712 M Sports Seat; 760 Individual High-gloss Satin Chrome; 775 Individual Roof-lining Anthracite; 7M9 Bmw Individual High-gloss Shadowline Exterior Trim With Extended Features; 823 Hot-climate Version; 845 Acoustic Belt Warning; 853 Language Version English; 8EK Body Control; 8KL Oelserviceint. 15.000km/12months; 8R9 Refrigerant; 8SM Vin, Visible From Outside; 8TN Daytime Driving Lights Selectable B; 8WM Control D; 925 Shipping Protection Package; 992 Number Plate Attachement Management; L070",Cars.com,"Warwick, RI — Bmw Of Warwick",https://www.cars.com/vehicledetail/530d50d4-2da8-4040-8a92-fb5b90cae6fe/?aff=atempest&utm_campaign=atempest&utm_source=autotempest&utm_medium=trp&utm_campaign_id=1&utm_trusted=TRUE
2025 BMW M3 Competition xDrive,"$94,491","7,729 mi.",2025,BMW,M3,M3 xDrive Competition,WBS33HJ03SFV08859,"1CB Co2 Content; 1CR Remote Engine Start; 1U0 19""/20"" M Schmiederäder Doppelspeiche 826 M Schwarz Mit Mischbereifung; 248 Steering Wheel Heating; 2T4 M Sport Differential; 2VB Tyre Pressure Indicator; 2VC Tyre Repair Kit; 2VF Adaptiv M Suspension; 302 Alarm System; 316 Automatic Tailgate Operation; 319 Integrated Universal Remote Control; 322 Comfort Access System; 3M5 M Compound Brake With Red Calipers; 3MF Bmw Individual Shadowline Lights; 403 Glas Roof, Electric; 430 Interior And Exterior Mirror Packa; 431 Interior Rr Vw Mirror W Aut Anti-d; 459 Seat Adjustm., Electr. W. Memory; 488 Lumbar Support Driver/front Passenger; 493 Storage Compartment Package; 494 Seat Heating F Driver/front Passenger; 4GQ M Seat Belts; 4MC Interior Trim Finishers Carbon Fibre; 4NE Blow-by-heater; 4U0 Galvanic Embellisher For Controls; 534 Automatic Air Conditioning; 552 Adaptive Led Headlight; 5AC Autom. High-beam Headlights Control; 5AL Active Protection; 5AP Decoding For No-dazzle High-beam As; 5AR Traffic-queue Assistant; 5AU Driving Assistant Professional; 5AV Active Guard; 5DN Parking Assistant Plus; 5DS Luggage-compartment Emerg. Release; 645 Radio Control Us; 655 Satellite Radio; 688 Harman/kardon Surround Sound System; 6AC Intelligent Emergency Call; 6AE Teleservices; 6AK Connecteddrive Services; 6C4 Connectedpackage Professional; 6DR Bmw Drive Recorder; 6NX Wireless Charging Tray; 6PA Personal Esim 5g; 6U3 Bmw Live Cockpit Professional; 6VB Control Infotainment; 712 M Sports Seat; 760 Individual High-gloss Satin Chrome; 775 Individual Roof-lining Anthracite; 7M9 Bmw Individual High-gloss Shadowline Exterior Trim With Extended Features; 823 Hot-climate Version; 845 Acoustic Belt Warning; 853 Language Version English; 8EK Body Control; 8KL Oelserviceint. 15.000km/12months; 8R9 Refrigerant; 8SM Vin, Visible From Outside; 8TN Daytime Driving Lights Selectable B; 8WM Control D; 925 Shipping Protection Package; 992 Number Plate Attachement Management; L070",Cars.com,"Pine Brook, NJ — Carz4us Pine Brook",https://www.cars.com/vehicledetail/aaf0d25c-159b-4fc1-9ed9-0e40a90018d3/?aff=atempest&utm_campaign=atempest&utm_source=autotempest&utm_medium=trp&utm_campaign_id=1&utm_trusted=TRUE
2024 BMW M3 CS,"$114,359","38,058 mi.",2024,BMW,M3,,WBS63AY08RFS08545,,Cars.com,"Spokane, WA — Bmw Of Spokane",https://www.cars.com/vehicledetail/19643de8-1c14-4cce-80b7-e8acf962bb63/?aff=atempest&utm_campaign=atempest&utm_source=autotempest&utm_medium=trp&utm_campaign_id=1&utm_trusted=TRUE
2025 BMW M3 Competition,"$83,899","11,550 mi.",2025,BMW,M3,M3 Competition,WBS23HJ03SFU54524,,CarGurus,"Naperville, IL — Maserati, Alfa Romeo & Fiat Of Naperville",https://www.cargurus.com/Cars/listing/459177673?sourceContext=autotempest&cgfv=1.2&cgfr=1&cgfab=Q&px8324=p110&dnetworktype=r&cgfdate=2026929&cgfloc=en
2024 BMW M3 Competition,"$80,280","26,454 mi.",2024,BMW,M3,M3 Competition,WBS33AY03RFS19150,,Cars.com,"Fort Lauderdale, FL — Coast To Coast Imports",https://www.cars.com/vehicledetail/587640c7-9793-4d7b-a9d2-4f03d04ffcd2/?aff=atempest&utm_campaign=atempest&utm_source=autotempest&utm_medium=trp&utm_campaign_id=1&utm_trusted=TRUE
2024 BMW M3 Competition xDrive,"$90,988","7,855 mi.",2024,BMW,M3,M3 xDrive Competition,WBS43AY0XRFR57001,"1CB Co2 Content; 1CR Remote Engine Start; 1U0 19""/20"" M Schmiederäder Doppelspeiche 826 M Schwarz Mit Mischbereifung; 248 Steering Wheel Heating; 2T4 M Sport Differential; 2VB Tyre Pressure Indicator; 2VC Tyre Repair Kit; 2VF Adaptiv M Suspension; 302 Alarm System; 316 Automatic Tailgate Operation; 319 Integrated Universal Remote Control; 322 Comfort Access System; 3M5 M Compound Brake With Red Calipers; 3MF Bmw Individual Shadowline Lights; 430 Interior And Exterior Mirror Packa; 431 Interior Rr Vw Mirror W Aut Anti-d; 459 Seat Adjustm., Electr. W. Memory; 48C M Carbon Bucket Seats; 493 Storage Compartment Package; 494 Seat Heating F Driver/front Passenger; 4AW Instrument Panel Sensatec; 4GQ M Seat Belts; 4MC Interior Trim Finishers Carbon Fibre; 4NE Blow-by-heater; 534 Automatic Air Conditioning; 544 Cruise Control With Braking Function; 5AC Autom. High-beam Headlights Control; 5AL Active Protection; 5AP Decoding For No-dazzle High-beam As; 5AS Driving Assistant; 5AV Active Guard; 5AZ Bmw Laser Light; 5DN Parking Assistant Plus; 5DS Luggage-compartment Emerg. Release; 645 Radio Control Us; 655 Satellite Radio; 688 Harman/kardon Surround Sound System; 6AC Intelligent Emergency Call; 6AE Teleservices; 6AK Connecteddrive Services; 6C4 Connectedpackage Professional; 6DR Bmw Drive Recorder; 6NX Wireless Charging Tray; 6PA Personal Esim 5g; 6U3 Bmw Live Cockpit Professional; 6VB Control Infotainment; 760 Individual High-gloss Satin Chrome; 775 Individual Roof-lining Anthracite; 7M9 Bmw Individual High-gloss Shadowline Exterior Trim With Extended Features; 823 Hot-climate Version; 845 Acoustic Belt Warning; 853 Language Version English; 8EK Body Control; 8KL Oelserviceint. 15.000km/12months; 8R9 Refrigerant; 8SM Vin, Visible From Outside; 8TN Daytime Driving Lights Selectable B; 8WM Control D; 8WT Control K; 925 Shipping Protection Package; 992 Number Plate Attachement Management; L070",Cars.com,"Bridgewater, NJ — Bmw Of Bridgewater",https://www.cars.com/vehicledetail/92f9a863-e6c5-4a71-b62c-ac99b7be54ba/?aff=atempest&utm_campaign=atempest&utm_source=autotempest&utm_medium=trp&utm_campaign_id=1&utm_trusted=TRUE
2024 BMW M3 CS,"$133,695","4,375 mi.",2024,BMW,M3,,WBS63AY06RFR75729,,CarGurus,"West Palm Beach, FL — Marino Performance Motors",https://www.cargurus.com/Cars/listing/459127436?sourceContext=autotempest&cgfv=1.24&cgfr=5&cgfab=Q&px8324=p110&dnetworktype=r&cgfdate=2026929&cgfloc=en
2027 BMW M3 Competition xDrive,"$97,775","6,636 mi.",2027,BMW,M3,M3 xDrive Competition,WBS33HJ0XVFW85848,"1CB Co2 Content; 1CR Remote Engine Start; 1U0 19""/20"" M Schmiederäder Doppelspeiche 826 M Schwarz Mit Mischbereifung; 248 Steering Wheel Heating; 2T4 M Sport Differential; 2VB Tyre Pressure Indicator; 2VC Tyre Repair Kit; 2VF Adaptiv M Suspension; 302 Alarm System; 316 Automatic Tailgate Operation; 319 Integrated Universal Remote Control; 322 Comfort Access System; 3M5 M Compound Brake With Red Calipers; 3MF Bmw Individual Shadowline Lights; 403 Glas Roof, Electric; 430 Interior And Exterior Mirror Packa; 431 Interior Rr Vw Mirror W Aut Anti-d; 453 Active Seat Ventilation, Front; 459 Seat Adjustm., Electr. W. Memory; 488 Lumbar Support Driver/front Passenger; 493 Storage Compartment Package; 494 Seat Heating F Driver/front Passenger; 4GQ M Seat Belts; 4MC Interior Trim Finishers Carbon Fibre; 4NE Blow-by-heater; 4U0 Galvanic Embellisher For Controls; 534 Automatic Air Conditioning; 552 Adaptive Led Headlight; 5AC Autom. High-beam Headlights Control; 5AL Active Protection; 5AP Decoding For No-dazzle High-beam As; 5AR Traffic-queue Assistant; 5AU Driving Assistant Professional; 5AV Active Guard; 5DN Parking Assistant Plus; 5DS Luggage-compartment Emerg. Release; 645 Radio Control Us; 655 Satellite Radio; 688 Harman/kardon Surround Sound System; 6AC Intelligent Emergency Call; 6AE Teleservices; 6AK Connecteddrive Services; 6C4 Connectedpackage Professional; 6DR Bmw Drive Recorder; 6NX Wireless Charging Tray; 6PA Personal Esim 5g; 6U3 Bmw Live Cockpit Professional; 6VB Control Infotainment; 712 M Sports Seat; 760 Individual High-gloss Satin Chrome; 775 Individual Roof-lining Anthracite; 7M9 Bmw Individual High-gloss Shadowline Exterior Trim With Extended Features; 823 Hot-climate Version; 845 Acoustic Belt Warning; 853 Language Version English; 8EK Body Control; 8KL Oelserviceint. 15.000km/12months; 8R9 Refrigerant; 8SM Vin, Visible From Outside; 8TN Daytime Driving Lights Selectable B; 8WM Control D; 925 Shipping Protection Package; 992 Number Plate Attachement Management; L070",CarGurus,"Grapevine, TX — Grubbs Infiniti",https://www.cargurus.com/Cars/listing/459044839?sourceContext=autotempest&cgfv=1.22&cgfr=5&cgfab=Q&px8324=p110&dnetworktype=r&cgfdate=2026929&cgfloc=en
2024 BMW M3 CS,"$84,900","7,415 mi.",2024,BMW,M3,,WBS63AY07RFS52844,,Cars.com,"Hollywood, FL — Sv Motors Inc",https://www.cars.com/vehicledetail/df9ffa9d-b01f-40a3-9a97-92bc17290bee/?aff=atempest&utm_campaign=atempest&utm_source=autotempest&utm_medium=trp&utm_campaign_id=1&utm_trusted=TRUE
2024 BMW M3 Competition xDrive,"$103,100","17,927 mi.",2024,BMW,M3,M3 xDrive Competition,WBS43AY05RFS13144,"1CB Co2 Content; 1CR Remote Engine Start; 1U0 19""/20"" M Schmiederäder Doppelspeiche 826 M Schwarz Mit Mischbereifung; 248 Steering Wheel Heating; 2T4 M Sport Differential; 2VB Tyre Pressure Indicator; 2VC Tyre Repair Kit; 2VF Adaptiv M Suspension; 302 Alarm System; 316 Automatic Tailgate Operation; 319 Integrated Universal Remote Control; 322 Comfort Access System; 3M5 M Compound Brake With Red Calipers; 3MF Bmw Individual Shadowline Lights; 430 Interior And Exterior Mirror Packa; 431 Interior Rr Vw Mirror W Aut Anti-d; 459 Seat Adjustm., Electr. W. Memory; 488 Lumbar Support Driver/front Passenger; 493 Storage Compartment Package; 494 Seat Heating F Driver/front Passenger; 4AW Instrument Panel Sensatec; 4GQ M Seat Belts; 4MC Interior Trim Finishers Carbon Fibre; 4NE Blow-by-heater; 534 Automatic Air Conditioning; 544 Cruise Control With Braking Function; 5AC Autom. High-beam Headlights Control; 5AL Active Protection; 5AP Decoding For No-dazzle High-beam As; 5AS Driving Assistant; 5AV Active Guard; 5AZ Bmw Laser Light; 5DN Parking Assistant Plus; 5DS Luggage-compartment Emerg. Release; 645 Radio Control Us; 655 Satellite Radio; 688 Harman/kardon Surround Sound System; 6AC Intelligent Emergency Call; 6AE Teleservices; 6AK Connecteddrive Services; 6C4 Connectedpackage Professional; 6NX Wireless Charging Tray; 6PA Personal Esim 5g; 6U3 Bmw Live Cockpit Professional; 6VB Control Infotainment; 712 M Sports Seat; 760 Individual High-gloss Satin Chrome; 775 Individual Roof-lining Anthracite; 7M9 Bmw Individual High-gloss Shadowline Exterior Trim With Extended Features; 823 Hot-climate Version; 845 Acoustic Belt Warning; 853 Language Version English; 8EK Body Control; 8KL Oelserviceint. 15.000km/12months; 8R9 Refrigerant; 8SM Vin, Visible From Outside; 8TN Daytime Driving Lights Selectable B; 8WM Control D; 8WT Control K; 925 Shipping Protection Package; 992 Number Plate Attachement Management; L070",CarGurus,"Federal Way, WA — West State Motorsport",https://www.cargurus.com/Cars/listing/459002121?sourceContext=autotempest&cgfv=1.23&cgfr=8&cgfab=Q&px8324=p110&dnetworktype=r&cgfdate=2026929&cgfloc=en
2024 BMW M3 Competition xDrive,"$98,150","4,960 mi.",2024,BMW,M3,M3 xDrive Competition,WBS43AY02RFS62138,,CarGurus,"Bellevue, WA — Park Place Ltd",https://www.cargurus.com/Cars/listing/455420422?sourceContext=autotempest&cgfv=1.22&cgfr=7&cgfab=Q&px8324=p110&dnetworktype=r&cgfdate=2026929&cgfloc=en
2024 BMW M3 CS,"$105,894","48,466 mi.",2024,BMW,M3,,WBS63AY02RFR44025,,CarGurus,"Fuquay Varina, NC — Karma - Fuquay Varina",https://www.cargurus.com/Cars/listing/458870517?sourceContext=autotempest&cgfv=1.23&cgfr=5&cgfab=Q&px8324=p110&dnetworktype=r&cgfdate=2026929&cgfloc=en
2021 BMW M3,"$65,692","28,823 mi.",2021,BMW,M3,,WBS53AY08MFL04213,,CarGurus,"Springfield, NJ — Springfield Luxury Automall",https://www.cargurus.com/Cars/listing/459040063?sourceContext=autotempest&cgfv=1.11&cgfr=1&cgfab=Q&px8324=p110&dnetworktype=r&cgfdate=2026929&cgfloc=en
2026 BMW M3 Competition,"$94,127","9,341 mi.",2026,BMW,M3,M3 xDrive Competition,WBS33HJ03TFW04041,"1CB Co2 Content; 1CR Remote Engine Start; 1WL 19""/20"" M Schmiederäder Doppelspeiche 825 M Silber Mit Mischbereifung; 248 Steering Wheel Heating; 2T4 M Sport Differential; 2VB Tyre Pressure Indicator; 2VC Tyre Repair Kit; 2VF Adaptiv M Suspension; 302 Alarm System; 316 Automatic Tailgate Operation; 319 Integrated Universal Remote Control; 322 Comfort Access System; 3M5 M Compound Brake With Red Calipers; 3MF Bmw Individual Shadowline Lights; 430 Interior And Exterior Mirror Packa; 431 Interior Rr Vw Mirror W Aut Anti-d; 459 Seat Adjustm., Electr. W. Memory; 488 Lumbar Support Driver/front Passenger; 493 Storage Compartment Package; 494 Seat Heating F Driver/front Passenger; 4GQ M Seat Belts; 4MC Interior Trim Finishers Carbon Fibre; 4NE Blow-by-heater; 4U0 Galvanic Embellisher For Controls; 534 Automatic Air Conditioning; 544 Cruise Control With Braking Function; 552 Adaptive Led Headlight; 5AC Autom. High-beam Headlights Control; 5AL Active Protection; 5AP Decoding For No-dazzle High-beam As; 5AS Driving Assistant; 5AV Active Guard; 5DN Parking Assistant Plus; 5DS Luggage-compartment Emerg. Release; 645 Radio Control Us; 655 Satellite Radio; 688 Harman/kardon Surround Sound System; 6AC Intelligent Emergency Call; 6AE Teleservices; 6AK Connecteddrive Services; 6C4 Connectedpackage Professional; 6DR Bmw Drive Recorder; 6NX Wireless Charging Tray; 6PA Personal Esim 5g; 6U3 Bmw Live Cockpit Professional; 6VB Control Infotainment; 712 M Sports Seat; 760 Individual High-gloss Satin Chrome; 775 Individual Roof-lining Anthracite; 7M9 Bmw Individual High-gloss Shadowline Exterior Trim With Extended Features; 823 Hot-climate Version; 845 Acoustic Belt Warning; 853 Language Version English; 8EK Body Control; 8KL Oelserviceint. 15.000km/12months; 8R9 Refrigerant; 8SM Vin, Visible From Outside; 8TN Daytime Driving Lights Selectable B; 8WM Control D; 925 Shipping Protection Package; 992 Number Plate Attachement Management; L070",Cars.com,"Duluth, GA — Hennessy Jaguar Land Rover Gwinnett",https://www.cars.com/vehicledetail/a9c4aedb-1699-4fa4-8651-6d1dfc435b82/?aff=atempest&utm_campaign=atempest&utm_source=autotempest&utm_medium=trp&utm_campaign_id=1&utm_trusted=TRUE
2027 BMW M3,"$80,932",475 mi.,2027,BMW,M3,CS,WBS13HJ06VFW71839,,CarGurus,"Houston, TX — Joe Myers Ford",https://www.cargurus.com/Cars/listing/458790608?sourceContext=autotempest&cgfv=1.19&cgfr=1&cgfab=Q&px8324=p110&dnetworktype=r&cgfdate=2026929&cgfloc=en
2026 BMW M3 Competition xDrive,"$108,991","1,200 mi.",2026,BMW,M3,M3 xDrive Competition,WBS33HJ09TFV88833,,CarGurus,"Toms River, NJ — Autosport Usa",https://www.cargurus.com/Cars/listing/452493110?sourceContext=autotempest&cgfv=1.23&cgfr=7&cgfab=Q&px8324=p110&dnetworktype=r&cgfdate=2026929&cgfloc=en
2026 BMW M3 Competition xDrive,"$110,289","6,042 mi.",2026,BMW,M3,M3 xDrive Competition,WBS33HJ02TFW14110,"1CB Co2 Content; 1CR Remote Engine Start; 1MB M Drive Professional; 1U0 19""/20"" M Schmiederäder Doppelspeiche 826 M Schwarz Mit Mischbereifung; 248 Steering Wheel Heating; 2NK M Carbon Ceramic Brake; 2T4 M Sport Differential; 2VB Tyre Pressure Indicator; 2VC Tyre Repair Kit; 2VF Adaptiv M Suspension; 302 Alarm System; 316 Automatic Tailgate Operation; 319 Integrated Universal Remote Control; 322 Comfort Access System; 3MF Bmw Individual Shadowline Lights; 430 Interior And Exterior Mirror Packa; 431 Interior Rr Vw Mirror W Aut Anti-d; 459 Seat Adjustm., Electr. W. Memory; 48C M Carbon Bucket Seats; 493 Storage Compartment Package; 494 Seat Heating F Driver/front Passenger; 4GQ M Seat Belts; 4MC Interior Trim Finishers Carbon Fibre; 4NE Blow-by-heater; 4U0 Galvanic Embellisher For Controls; 534 Automatic Air Conditioning; 552 Adaptive Led Headlight; 5AC Autom. High-beam Headlights Control; 5AL Active Protection; 5AP Decoding For No-dazzle High-beam As; 5AR Traffic-queue Assistant; 5AU Driving Assistant Professional; 5AV Active Guard; 5DN Parking Assistant Plus; 5DS Luggage-compartment Emerg. Release; 645 Radio Control Us; 655 Satellite Radio; 688 Harman/kardon Surround Sound System; 6AC Intelligent Emergency Call; 6AE Teleservices; 6AK Connecteddrive Services; 6C4 Connectedpackage Professional; 6DR Bmw Drive Recorder; 6NX Wireless Charging Tray; 6PA Personal Esim 5g; 6U3 Bmw Live Cockpit Professional; 6VB Control Infotainment; 760 Individual High-gloss Satin Chrome; 775 Individual Roof-lining Anthracite; 7M9 Bmw Individual High-gloss Shadowline Exterior Trim With Extended Features; 823 Hot-climate Version; 845 Acoustic Belt Warning; 853 Language Version English; 8EK Body Control; 8KL Oelserviceint. 15.000km/12months; 8R9 Refrigerant; 8SM Vin, Visible From Outside; 8TN Daytime Driving Lights Selectable B; 8WM Control D; 925 Shipping Protection Package; 992 Number Plate Attachement Management; L070",Cars.com,"Springfield, NJ — Bmw Of Springfield",https://www.cars.com/vehicledetail/e0aa9c50-7fd0-460c-a6a8-3fb9a0f78787/?aff=atempest&utm_campaign=atempest&utm_source=autotempest&utm_medium=trp&utm_campaign_id=1&utm_trusted=TRUE
2024 BMW M3 Competition xDrive,"$87,639","13,672 mi.",2024,BMW,M3,M3 xDrive Competition,WBS43AY07RFT28683,"1CB Co2 Content; 1CR Remote Engine Start; 1U0 19""/20"" M Schmiederäder Doppelspeiche 826 M Schwarz Mit Mischbereifung; 248 Steering Wheel Heating; 2T4 M Sport Differential; 2VB Tyre Pressure Indicator; 2VC Tyre Repair Kit; 2VF Adaptiv M Suspension; 302 Alarm System; 316 Automatic Tailgate Operation; 319 Integrated Universal Remote Control; 322 Comfort Access System; 3M5 M Compound Brake With Red Calipers; 3MF Bmw Individual Shadowline Lights; 430 Interior And Exterior Mirror Packa; 431 Interior Rr Vw Mirror W Aut Anti-d; 453 Active Seat Ventilation, Front; 459 Seat Adjustm., Electr. W. Memory; 488 Lumbar Support Driver/front Passenger; 493 Storage Compartment Package; 494 Seat Heating F Driver/front Passenger; 4AW Instrument Panel Sensatec; 4GQ M Seat Belts; 4MC Interior Trim Finishers Carbon Fibre; 4NE Blow-by-heater; 534 Automatic Air Conditioning; 5AC Autom. High-beam Headlights Control; 5AL Active Protection; 5AP Decoding For No-dazzle High-beam As; 5AR Traffic-queue Assistant; 5AU Driving Assistant Professional; 5AV Active Guard; 5AZ Bmw Laser Light; 5DN Parking Assistant Plus; 5DS Luggage-compartment Emerg. Release; 645 Radio Control Us; 655 Satellite Radio; 688 Harman/kardon Surround Sound System; 6AC Intelligent Emergency Call; 6AE Teleservices; 6AK Connecteddrive Services; 6C4 Connectedpackage Professional; 6NX Wireless Charging Tray; 6PA Personal Esim 5g; 6U3 Bmw Live Cockpit Professional; 6VB Control Infotainment; 712 M Sports Seat; 760 Individual High-gloss Satin Chrome; 775 Individual Roof-lining Anthracite; 7M9 Bmw Individual High-gloss Shadowline Exterior Trim With Extended Features; 823 Hot-climate Version; 845 Acoustic Belt Warning; 853 Language Version English; 8EK Body Control; 8KL Oelserviceint. 15.000km/12months; 8R9 Refrigerant; 8SM Vin, Visible From Outside; 8TN Daytime Driving Lights Selectable B; 8WM Control D; 925 Shipping Protection Package; 992 Number Plate Attachement Management; L070",Cars.com,"Durham, NC — Hendrick Southpoint Auto Mall",https://www.cars.com/vehicledetail/688e2ba3-e32e-49c2-b745-0450039c18e2/?aff=atempest&utm_campaign=atempest&utm_source=autotempest&utm_medium=trp&utm_campaign_id=1&utm_trusted=TRUE
2024 BMW M3 Competition xDrive,"$89,300","14,342 mi.",2024,BMW,M3,M3 xDrive Competition,WBS43AY06RFR77908,"1CB Co2 Content; 1U0 19""/20"" M Schmiederäder Doppelspeiche 826 M Schwarz Mit Mischbereifung; 2T4 M Sport Differential; 2VB Tyre Pressure Indicator; 2VC Tyre Repair Kit; 2VF Adaptiv M Suspension; 302 Alarm System; 319 Integrated Universal Remote Control; 322 Comfort Access System; 3MF Bmw Individual Shadowline Lights; 430 Interior And Exterior Mirror Packa; 431 Interior Rr Vw Mirror W Aut Anti-d; 453 Active Seat Ventilation, Front; 459 Seat Adjustm., Electr. W. Memory; 488 Lumbar Support Driver/front Passenger; 493 Storage Compartment Package; 494 Seat Heating F Driver/front Passenger; 4GQ M Seat Belts; 4MC Interior Trim Finishers Carbon Fibre; 4NE Blow-by-heater; 534 Automatic Air Conditioning; 544 Cruise Control With Braking Function; 5AC Autom. High-beam Headlights Control; 5AL Active Protection; 5AP Decoding For No-dazzle High-beam As; 5AS Driving Assistant; 5AV Active Guard; 5AZ Bmw Laser Light; 5DN Parking Assistant Plus; 5DS Luggage-compartment Emerg. Release; 645 Radio Control Us; 655 Satellite Radio; 688 Harman/kardon Surround Sound System; 6AC Intelligent Emergency Call; 6AE Teleservices; 6AK Connecteddrive Services; 6C4 Connectedpackage Professional; 6NX Wireless Charging Tray; 6PA Personal Esim 5g; 6U2 Bmw Live Cockpit Plus; 6VB Control Infotainment; 6WC Widescreen Display; 712 M Sports Seat; 760 Individual High-gloss Satin Chrome; 775 Individual Roof-lining Anthracite; 7M9 Bmw Individual High-gloss Shadowline Exterior Trim With Extended Features; 823 Hot-climate Version; 845 Acoustic Belt Warning; 853 Language Version English; 8EK Body Control; 8KL Oelserviceint. 15.000km/12months; 8R9 Refrigerant; 8SM Vin, Visible From Outside; 8TN Daytime Driving Lights Selectable B; 8WM Control D; 8WT Control K; 925 Shipping Protection Package; 992 Number Plate Attachement Management; L070",CarGurus,"Naperville, IL — Maserati, Alfa Romeo & Fiat Of Naperville",https://www.cargurus.com/Cars/listing/458729954?sourceContext=autotempest&cgfv=1.21&cgfr=2&cgfab=Q&px8324=p110&dnetworktype=r&cgfdate=2026929&cgfloc=en
2026 BMW M3 Sedan,"$89,999","1,850 mi.",2026,BMW,M3,,WBS13HJ00TFW40504,,Cars.com,"Seattle, WA — Bmw Seattle",https://www.cars.com/vehicledetail/a11282bb-9465-4ba8-9c0f-b898f7863ac8/?aff=atempest&utm_campaign=atempest&utm_source=autotempest&utm_medium=trp&utm_campaign_id=1&utm_trusted=TRUE
2026 BMW M3 Competition,"$90,995","9,763 mi.",2026,BMW,M3,M3 Competition,WBS23HJ03TFW06061,,CarGurus,"Coconut Creek, FL — Bmw Mini Of Coconut Creek",https://www.cargurus.com/Cars/listing/458481837?sourceContext=autotempest&cgfv=1.21&cgfr=5&cgfab=Q&px8324=p110&dnetworktype=r&cgfdate=2026929&cgfloc=en
2026 BMW M3 Competition xDrive,"$107,353","3,814 mi.",2026,BMW,M3,M3 xDrive Competition,WBS33HJ02TFV73817,"1CB Co2 Content; 1CR Remote Engine Start; 1U0 19""/20"" M Schmiederäder Doppelspeiche 826 M Schwarz Mit Mischbereifung; 248 Steering Wheel Heating; 2T4 M Sport Differential; 2VB Tyre Pressure Indicator; 2VC Tyre Repair Kit; 2VF Adaptiv M Suspension; 302 Alarm System; 316 Automatic Tailgate Operation; 319 Integrated Universal Remote Control; 322 Comfort Access System; 3M5 M Compound Brake With Red Calipers; 3MF Bmw Individual Shadowline Lights; 430 Interior And Exterior Mirror Packa; 431 Interior Rr Vw Mirror W Aut Anti-d; 459 Seat Adjustm., Electr. W. Memory; 48C M Carbon Bucket Seats; 493 Storage Compartment Package; 494 Seat Heating F Driver/front Passenger; 4GQ M Seat Belts; 4MC Interior Trim Finishers Carbon Fibre; 4NE Blow-by-heater; 4U0 Galvanic Embellisher For Controls; 534 Automatic Air Conditioning; 552 Adaptive Led Headlight; 5AC Autom. High-beam Headlights Control; 5AL Active Protection; 5AP Decoding For No-dazzle High-beam As; 5AR Traffic-queue Assistant; 5AU Driving Assistant Professional; 5AV Active Guard; 5DN Parking Assistant Plus; 5DS Luggage-compartment Emerg. Release; 645 Radio Control Us; 655 Satellite Radio; 688 Harman/kardon Surround Sound System; 6AC Intelligent Emergency Call; 6AE Teleservices; 6AK Connecteddrive Services; 6C4 Connectedpackage Professional; 6DR Bmw Drive Recorder; 6NX Wireless Charging Tray; 6PA Personal Esim 5g; 6U3 Bmw Live Cockpit Professional; 6VB Control Infotainment; 70A M Alcantara Steering Wheel; 760 Individual High-gloss Satin Chrome; 775 Individual Roof-lining Anthracite; 7M9 Bmw Individual High-gloss Shadowline Exterior Trim With Extended Features; 823 Hot-climate Version; 845 Acoustic Belt Warning; 853 Language Version English; 8EK Body Control; 8KL Oelserviceint. 15.000km/12months; 8R9 Refrigerant; 8SM Vin, Visible From Outside; 8TN Daytime Driving Lights Selectable B; 8WM Control D; 925 Shipping Protection Package; 992 Number Plate Attachement Management; L070",CarGurus,"Joliet, IL — Motor Cars Of Chicago",https://www.cargurus.com/Cars/listing/458314577?sourceContext=autotempest&cgfv=1.23&cgfr=7&cgfab=Q&px8324=p110&dnetworktype=r&cgfdate=2026929&cgfloc=en
2022 BMW M3,"$70,353","23,435 mi.",2022,BMW,M3,,WBS53AY07NFL71886,,CarGurus,"Joliet, IL — Motor Cars Of Chicago",https://www.cargurus.com/Cars/listing/457412070?sourceContext=autotempest&cgfv=1.14&cgfr=2&cgfab=Q&px8324=p110&dnetworktype=r&cgfdate=2026929&cgfloc=en
2021 BMW M3 Competition,"$78,991","15,259 mi.",2021,BMW,M3,M3 Competition,WBS33AY01MFL34290,,Cars.com,"Alpharetta, GA — United Bmw",https://www.cars.com/vehicledetail/5d52e460-b5b9-4147-ae9c-8fd11d043c1f/?aff=atempest&utm_campaign=atempest&utm_source=autotempest&utm_medium=trp&utm_campaign_id=1&utm_trusted=TRUE
2023 BMW M3 Competition,"$88,199","19,935 mi.",2023,BMW,M3,M3 Competition,WBS33AY05PFP74601,,CarGurus,"Kent, WA — Unique Motors Seattle Llc",https://www.cargurus.com/Cars/listing/458419578?sourceContext=autotempest&cgfv=1.21&cgfr=8&cgfab=Q&px8324=p110&dnetworktype=r&cgfdate=2026929&cgfloc=en
2021 BMW M3 Competition,"$72,674","37,536 mi.",2021,BMW,M3,M3 Competition,WBS33AY09MFL17592,,CarGurus,"Sanford, FL — Napleton's Volkswagen Of Sanford",https://www.cargurus.com/Cars/listing/458389792?sourceContext=autotempest&cgfv=1.15&cgfr=5&cgfab=Q&px8324=p110&dnetworktype=r&cgfdate=2026929&cgfloc=en
2024 BMW M3 Competition xDrive,"$87,097","20,501 mi.",2024,BMW,M3,M3 xDrive Competition,WBS43AY04RFS79183,1CR Remote Engine Start; 248 Steering Wheel Heating; 2VB Tyre Pressure Indicator; 2VC Tyre Repair Kit; 302 Alarm System; 316 Automatic Tailgate Operation; 319 Integrated Universal Remote Control; 322 Comfort Access System; 3DE Deletion Of Specific Exterior Desig; 3M5 M Compound Brake With Red Calipers; 3MF Bmw Individual Shadowline Lights; 430 Interior And Exterior Mirror Packa; 48C M Carbon Bucket Seats; 4AW Instrument Panel Sensatec; 4GQ M Seat Belts; 4MC Interior Trim Finishers Carbon Fibre; 5AL Active Protection; 5AP Decoding For No-dazzle High-beam As; 5AS Driving Assistant; 5AZ Bmw Laser Light; 5DN Parking Assistant Plus; 655 Satellite Radio; 688 Harman/kardon Surround Sound System; 6AK Connecteddrive Services; 6C4 Connectedpackage Professional; 6DR Bmw Drive Recorder; 6NX Wireless Charging Tray; 6PA Personal Esim 5g; 6U3 Bmw Live Cockpit Professional; 71C M Carbon Exterieur Package; 8KL Oelserviceint. 15.000km/12months; 8TN Daytime Driving Lights Selectable B; 8WM Control D; 8WT Control K; 925 Shipping Protection Package; ZAX; ZN1; ZN3; ZN4; ZPK; ZPX; ZSA; ZTM; ZWH,Cars.com,"Jacksonville, FL — Duval Ford",https://www.cars.com/vehicledetail/3e71474d-bc9b-4f75-821e-007c1f6a7ec4/?aff=atempest&utm_campaign=atempest&utm_source=autotempest&utm_medium=trp&utm_campaign_id=1&utm_trusted=TRUE
2021 BMW M3 Competition,"$75,142","41,212 mi.",2021,BMW,M3,M3 Competition,WBS33AY05MFL05570,,Cars.com,"Honolulu, HI — Honolulu Ford",https://www.cars.com/vehicledetail/4e3ba888-6952-4b54-b25c-fceb9f4b3aaf/?aff=atempest&utm_campaign=atempest&utm_source=autotempest&utm_medium=trp&utm_campaign_id=1&utm_trusted=TRUE
2026 BMW M3 Competition xDrive,"$96,995","1,612 mi.",2026,BMW,M3,M3 xDrive Competition,WBS33HJ08TFW14046,"1CB Co2 Content; 1CR Remote Engine Start; 1T8 19""/20"" M Forged Wheels Double-spoke Style 826 M Bicolour Black Matt With Mixed Tyres; 248 Steering Wheel Heating; 2T4 M Sport Differential; 2VB Tyre Pressure Indicator; 2VC Tyre Repair Kit; 2VF Adaptiv M Suspension; 302 Alarm System; 316 Automatic Tailgate Operation; 319 Integrated Universal Remote Control; 322 Comfort Access System; 3DE Deletion Of Specific Exterior Desig; 3M5 M Compound Brake With Red Calipers; 430 Interior And Exterior Mirror Packa; 431 Interior Rr Vw Mirror W Aut Anti-d; 453 Active Seat Ventilation, Front; 459 Seat Adjustm., Electr. W. Memory; 488 Lumbar Support Driver/front Passenger; 493 Storage Compartment Package; 494 Seat Heating F Driver/front Passenger; 4GQ M Seat Belts; 4LN Aluminium Rhombicle Anthracite Trim; 4NE Blow-by-heater; 4U0 Galvanic Embellisher For Controls; 534 Automatic Air Conditioning; 552 Adaptive Led Headlight; 5AC Autom. High-beam Headlights Control; 5AL Active Protection; 5AP Decoding For No-dazzle High-beam As; 5AR Traffic-queue Assistant; 5AU Driving Assistant Professional; 5AV Active Guard; 5DN Parking Assistant Plus; 5DS Luggage-compartment Emerg. Release; 645 Radio Control Us; 655 Satellite Radio; 688 Harman/kardon Surround Sound System; 6AC Intelligent Emergency Call; 6AE Teleservices; 6AK Connecteddrive Services; 6C4 Connectedpackage Professional; 6DR Bmw Drive Recorder; 6NX Wireless Charging Tray; 6PA Personal Esim 5g; 6U3 Bmw Live Cockpit Professional; 6VB Control Infotainment; 712 M Sports Seat; 760 Individual High-gloss Satin Chrome; 775 Individual Roof-lining Anthracite; 7M9 Bmw Individual High-gloss Shadowline Exterior Trim With Extended Features; 823 Hot-climate Version; 845 Acoustic Belt Warning; 853 Language Version English; 8EK Body Control; 8KL Oelserviceint. 15.000km/12months; 8R9 Refrigerant; 8SM Vin, Visible From Outside; 8TN Daytime Driving Lights Selectable B; 8WM Control D; 925 Shipping Protection Package; 992 Number Plate Attachement Management; L070",CarGurus,"Mount Holly, NJ — J & S Autohaus Six",https://www.cargurus.com/Cars/listing/458084136?sourceContext=autotempest&cgfv=1.22&cgfr=5&cgfab=Q&px8324=p110&dnetworktype=r&cgfdate=2026929&cgfloc=en
2024 BMW M3 Competition xDrive,"$93,353","23,712 mi.",2024,BMW,M3,M3 xDrive Competition,WBS43AY03RFS31254,1CR Remote Engine Start; 1MB M Drive Professional; 248 Steering Wheel Heating; 2VB Tyre Pressure Indicator; 2VC Tyre Repair Kit; 302 Alarm System; 316 Automatic Tailgate Operation; 319 Integrated Universal Remote Control; 322 Comfort Access System; 3M5 M Compound Brake With Red Calipers; 3MF Bmw Individual Shadowline Lights; 430 Interior And Exterior Mirror Packa; 48C M Carbon Bucket Seats; 4GQ M Seat Belts; 4MC Interior Trim Finishers Carbon Fibre; 5AL Active Protection; 5AP Decoding For No-dazzle High-beam As; 5AR Traffic-queue Assistant; 5AU Driving Assistant Professional; 5AZ Bmw Laser Light; 5DN Parking Assistant Plus; 655 Satellite Radio; 688 Harman/kardon Surround Sound System; 6AK Connecteddrive Services; 6C4 Connectedpackage Professional; 6DR Bmw Drive Recorder; 6NX Wireless Charging Tray; 6PA Personal Esim 5g; 6U3 Bmw Live Cockpit Professional; 71C M Carbon Exterieur Package; 8KL Oelserviceint. 15.000km/12months; 8TN Daytime Driving Lights Selectable B; 8WM Control D; 8WT Control K; 925 Shipping Protection Package; ZAX; ZDY; ZN1; ZN3; ZN4; ZPK; ZPX; ZSA; ZTM; ZWH,CarGurus,"Joliet, IL — Motor Cars Of Chicago",https://www.cargurus.com/Cars/listing/455785938?sourceContext=autotempest&cgfv=1.22&cgfr=7&cgfab=Q&px8324=p110&dnetworktype=r&cgfdate=2026929&cgfloc=en
2023 BMW M3 Competition xDrive,"$93,373","26,858 mi.",2023,BMW,M3,M3 xDrive Competition,WBS43AY04PFN83546,"1CB Co2 Content; 1CR Remote Engine Start; 1MB M Drive Professional; 1T8 19""/20"" M Forged Wheels Double-spoke Style 826 M Bicolour Black Matt With Mixed Tyres; 248 Steering Wheel Heating; 2T4 M Sport Differential; 2VB Tyre Pressure Indicator; 2VC Tyre Repair Kit; 2VF Adaptiv M Suspension; 302 Alarm System; 316 Automatic Tailgate Operation; 319 Integrated Universal Remote Control; 322 Comfort Access System; 3AG Backup Camera; 3M6 M Compound Brake With Black Calipers; 3MF Bmw Individual Shadowline Lights; 430 Interior And Exterior Mirror Packa; 431 Interior Rr Vw Mirror W Aut Anti-d; 459 Seat Adjustm., Electr. W. Memory; 48C M Carbon Bucket Seats; 493 Storage Compartment Package; 494 Seat Heating F Driver/front Passenger; 4AW Instrument Panel Sensatec; 4GQ M Seat Belts; 4MC Interior Trim Finishers Carbon Fibre; 4NE Blow-by-heater; 508 Park Distance Control (pdc); 534 Automatic Air Conditioning; 5AC Autom. High-beam Headlights Control; 5AL Active Protection; 5AP Decoding For No-dazzle High-beam As; 5AR Traffic-queue Assistant; 5AU Driving Assistant Professional; 5AV Active Guard; 5AZ Bmw Laser Light; 5DS Luggage-compartment Emerg. Release; 645 Radio Control Us; 655 Satellite Radio; 688 Harman/kardon Surround Sound System; 6AC Intelligent Emergency Call; 6AE Teleservices; 6AK Connecteddrive Services; 6C4 Connectedpackage Professional; 6NX Wireless Charging Tray; 6U3 Bmw Live Cockpit Professional; 6VB Control Infotainment; 71C M Carbon Exterieur Package; 760 Individual High-gloss Satin Chrome; 775 Individual Roof-lining Anthracite; 7M9 Bmw Individual High-gloss Shadowline Exterior Trim With Extended Features; 823 Hot-climate Version; 845 Acoustic Belt Warning; 853 Language Version English; 8EK Body Control; 8KL Oelserviceint. 15.000km/12months; 8R9 Refrigerant; 8SM Vin, Visible From Outside; 8TN Daytime Driving Lights Selectable B; 8WM Control D; 925 Shipping Protection Package; 992 Number Plate Attachement Management; FRFK; L070",Cars.com,"Joliet, IL — Motor Cars Of Chicago",https://www.cars.com/vehicledetail/a30d9665-23d2-41c9-aafb-bd526dea4e75/?aff=atempest&utm_campaign=atempest&utm_source=autotempest&utm_medium=trp&utm_campaign_id=1&utm_trusted=TRUE
2022 BMW M3 Competition,"$87,990","33,857 mi.",2022,BMW,M3,M3 Competition,WBS33AY06NFL97645,,CarGurus,"Riviera Beach, FL — Florida Performance Cars",https://www.cargurus.com/Cars/listing/458163002?sourceContext=autotempest&cgfv=1.21&cgfr=8&cgfab=Q&px8324=p110&dnetworktype=r&cgfdate=2026929&cgfloc=en
2021 BMW M3 Competition,"$78,373","32,743 mi.",2021,BMW,M3,M3 Competition,WBS33AY01MFL26433,,Cars.com,"Joliet, IL — Motor Cars Of Chicago",https://www.cars.com/vehicledetail/cd5993ed-4b33-435f-9ca0-4bbc4674e314/?aff=atempest&utm_campaign=atempest&utm_source=autotempest&utm_medium=trp&utm_campaign_id=1&utm_trusted=TRUE
2023 BMW M3 Competition xDrive,"$93,796","4,209 mi.",2023,BMW,M3,M3 xDrive Competition,WBS43AY0XPFP92242,"1CR Remote Engine Start; 1MB M Drive Professional; 1T7 19""/20"" M Forged Wheels Double-spoke Style 825 M Orbit Grey Matt With Mixed Tyres; 248 Steering Wheel Heating; 2VB Tyre Pressure Indicator; 2VC Tyre Repair Kit; 302 Alarm System; 316 Automatic Tailgate Operation; 319 Integrated Universal Remote Control; 322 Comfort Access System; 3M6 M Compound Brake With Black Calipers; 3MF Bmw Individual Shadowline Lights; 403 Glas Roof, Electric; 430 Interior And Exterior Mirror Packa; 453 Active Seat Ventilation, Front; 4AW Instrument Panel Sensatec; 4GQ M Seat Belts; 4LN Aluminium Rhombicle Anthracite Trim; 5AL Active Protection; 5AS Driving Assistant; 5DN Parking Assistant Plus; 655 Satellite Radio; 688 Harman/kardon Surround Sound System; 6AK Connecteddrive Services; 6C4 Connectedpackage Professional; 6NX Wireless Charging Tray; 6U3 Bmw Live Cockpit Professional; 8KL Oelserviceint. 15.000km/12months; 8TN Daytime Driving Lights Selectable B; 8WM Control D; 925 Shipping Protection Package; ZAX; ZJ8; ZPK; ZPX; ZSA; ZTM",CarGurus,"Barrington, IL — Bmw Of Barrington",https://www.cargurus.com/Cars/listing/418930142?sourceContext=autotempest&cgfv=1.22&cgfr=5&cgfab=Q&px8324=p110&dnetworktype=r&cgfdate=2026929&cgfloc=en
2026 BMW M3 Competition xDrive,"$95,578","10,419 mi.",2026,BMW,M3,M3 xDrive Competition,WBS33HJ08TFW01524,,Cars.com,"Troy, MI — Suburban Exotic Motorcars",https://www.cars.com/vehicledetail/8f309de4-ee08-492a-a348-75aca8786734/?aff=atempest&utm_campaign=atempest&utm_source=autotempest&utm_medium=trp&utm_campaign_id=1&utm_trusted=TRUE
2025 BMW M3 Competition,"$82,935","6,816 mi.",2025,BMW,M3,M3 Competition,WBS23HJ08SFU51800,,CarGurus,"North Olmsted, OH — Porsche North Olmsted",https://www.cargurus.com/Cars/listing/457794054?sourceContext=autotempest&cgfv=1.19&cgfr=2&cgfab=Q&px8324=p110&dnetworktype=r&cgfdate=2026929&cgfloc=en
2025 BMW M3 Competition,"$83,216","12,483 mi.",2025,BMW,M3,M3 Competition,WBS23HJ09SFU23634,,Cars.com,"Plano, TX — Sewell Bmw Mini Of Plano",https://www.cars.com/vehicledetail/cd7f4fc0-bf19-4a4c-9bdc-71e08d05d5c5/?aff=atempest&utm_campaign=atempest&utm_source=autotempest&utm_medium=trp&utm_campaign_id=1&utm_trusted=TRUE
2024 BMW M3,"$77,675","21,462 mi.",2024,BMW,M3,,WBS53AY04RFT57014,,Cars.com,"Mount Kisco, NY — Bmw Mt. Kisco",https://www.cars.com/vehicledetail/71bf70b0-2ed8-42d4-8f26-1b61c7ce5b91/?aff=atempest&utm_campaign=atempest&utm_source=autotempest&utm_medium=trp&utm_campaign_id=1&utm_trusted=TRUE
2024 BMW M3,"$84,214","11,412 mi.",2024,BMW,M3,,WBS53AY0XRFS13497,,Cars.com,"Grapevine, TX — Sewell Bmw Of Grapevine",https://www.cars.com/vehicledetail/77810e9a-2d79-4a0a-a986-3aae7dd4ed66/?aff=atempest&utm_campaign=atempest&utm_source=autotempest&utm_medium=trp&utm_campaign_id=1&utm_trusted=TRUE
2023 BMW M3 Competition xDrive,"$82,434","31,350 mi.",2023,BMW,M3,M3 xDrive Competition,WBS43AY07PFN59760,"1CB Co2 Content; 1CR Remote Engine Start; 1MB M Drive Professional; 1U0 19""/20"" M Schmiederäder Doppelspeiche 826 M Schwarz Mit Mischbereifung; 248 Steering Wheel Heating; 2T4 M Sport Differential; 2VB Tyre Pressure Indicator; 2VC Tyre Repair Kit; 2VF Adaptiv M Suspension; 302 Alarm System; 316 Automatic Tailgate Operation; 319 Integrated Universal Remote Control; 322 Comfort Access System; 3MF Bmw Individual Shadowline Lights; 3MQ Bmw M 50 Years Emblems; 430 Interior And Exterior Mirror Packa; 431 Interior Rr Vw Mirror W Aut Anti-d; 453 Active Seat Ventilation, Front; 459 Seat Adjustm., Electr. W. Memory; 488 Lumbar Support Driver/front Passenger; 493 Storage Compartment Package; 494 Seat Heating F Driver/front Passenger; 4GQ M Seat Belts; 4MC Interior Trim Finishers Carbon Fibre; 4NE Blow-by-heater; 534 Automatic Air Conditioning; 544 Cruise Control With Braking Function; 5AC Autom. High-beam Headlights Control; 5AL Active Protection; 5AP Decoding For No-dazzle High-beam As; 5AS Driving Assistant; 5AV Active Guard; 5AZ Bmw Laser Light; 5DN Parking Assistant Plus; 5DS Luggage-compartment Emerg. Release; 645 Radio Control Us; 655 Satellite Radio; 688 Harman/kardon Surround Sound System; 6AC Intelligent Emergency Call; 6AE Teleservices; 6AK Connecteddrive Services; 6C4 Connectedpackage Professional; 6NX Wireless Charging Tray; 6U3 Bmw Live Cockpit Professional; 6VB Control Infotainment; 712 M Sports Seat; 760 Individual High-gloss Satin Chrome; 775 Individual Roof-lining Anthracite; 7M9 Bmw Individual High-gloss Shadowline Exterior Trim With Extended Features; 823 Hot-climate Version; 845 Acoustic Belt Warning; 853 Language Version English; 8EK Body Control; 8KL Oelserviceint. 15.000km/12months; 8R9 Refrigerant; 8SM Vin, Visible From Outside; 8TN Daytime Driving Lights Selectable B; 925 Shipping Protection Package; 992 Number Plate Attachement Management; L070",CarGurus,"Fond Du Lac, WI — Lenz Truck Center",https://www.cargurus.com/Cars/listing/457727154?sourceContext=autotempest&cgfv=1.19&cgfr=5&cgfab=Q&px8324=p110&dnetworktype=r&cgfdate=2026929&cgfloc=en
2023 BMW M3 Competition xDrive,"$84,198","38,606 mi.",2023,BMW,M3,M3 xDrive Competition,WBS43AY0XPFN53323,"1CB Co2 Content; 1CR Remote Engine Start; 1U0 19""/20"" M Schmiederäder Doppelspeiche 826 M Schwarz Mit Mischbereifung; 248 Steering Wheel Heating; 2T4 M Sport Differential; 2VB Tyre Pressure Indicator; 2VC Tyre Repair Kit; 2VF Adaptiv M Suspension; 302 Alarm System; 316 Automatic Tailgate Operation; 319 Integrated Universal Remote Control; 322 Comfort Access System; 3M5 M Compound Brake With Red Calipers; 3MF Bmw Individual Shadowline Lights; 3MQ Bmw M 50 Years Emblems; 430 Interior And Exterior Mirror Packa; 431 Interior Rr Vw Mirror W Aut Anti-d; 453 Active Seat Ventilation, Front; 459 Seat Adjustm., Electr. W. Memory; 488 Lumbar Support Driver/front Passenger; 493 Storage Compartment Package; 494 Seat Heating F Driver/front Passenger; 4GQ M Seat Belts; 4MC Interior Trim Finishers Carbon Fibre; 4NE Blow-by-heater; 534 Automatic Air Conditioning; 5AC Autom. High-beam Headlights Control; 5AL Active Protection; 5AP Decoding For No-dazzle High-beam As; 5AR Traffic-queue Assistant; 5AU Driving Assistant Professional; 5AV Active Guard; 5AZ Bmw Laser Light; 5DN Parking Assistant Plus; 5DS Luggage-compartment Emerg. Release; 645 Radio Control Us; 655 Satellite Radio; 688 Harman/kardon Surround Sound System; 6AC Intelligent Emergency Call; 6AE Teleservices; 6AK Connecteddrive Services; 6C4 Connectedpackage Professional; 6DR Bmw Drive Recorder; 6NX Wireless Charging Tray; 6U3 Bmw Live Cockpit Professional; 6VB Control Infotainment; 712 M Sports Seat; 71C M Carbon Exterieur Package; 760 Individual High-gloss Satin Chrome; 775 Individual Roof-lining Anthracite; 7M9 Bmw Individual High-gloss Shadowline Exterior Trim With Extended Features; 823 Hot-climate Version; 845 Acoustic Belt Warning; 853 Language Version English; 8EK Body Control; 8KL Oelserviceint. 15.000km/12months; 8R9 Refrigerant; 8SM Vin, Visible From Outside; 8TN Daytime Driving Lights Selectable B; 925 Shipping Protection Package; 992 Number Plate Attachement Management; L070",Cars.com,"Puyallup, WA — Kia Of Puyallup",https://www.cars.com/vehicledetail/5545c9c4-f74b-4742-8e6c-345bcf0c9064/?aff=atempest&utm_campaign=atempest&utm_source=autotempest&utm_medium=trp&utm_campaign_id=1&utm_trusted=TRUE
2021 BMW M3 Competition,"$72,245","46,800 mi.",2021,BMW,M3,M3 Competition,WBS33AY05MFL05682,,CarGurus,"Canal Fulton, OH — R21 Motorsports",https://www.cargurus.com/Cars/listing/457833105?sourceContext=autotempest&cgfv=1.15&cgfr=7&cgfab=Q&px8324=p110&dnetworktype=r&cgfdate=2026929&cgfloc=en
2027 BMW M3,"$85,825","2,858 mi.",2027,BMW,M3,CS,WBS13HJ09VFW86979,,Cars.com,"Durham, NC — Hendrick Southpoint Auto Mall",https://www.cars.com/vehicledetail/a9ad18ca-b9fd-45fd-88ad-52aa9c03732d/?aff=atempest&utm_campaign=atempest&utm_source=autotempest&utm_medium=trp&utm_campaign_id=1&utm_trusted=TRUE
2023 BMW M3 Competition xDrive,"$83,216","36,523 mi.",2023,BMW,M3,M3 xDrive Competition,WBS43AY00PFN58241,"1CR Remote Engine Start; 1T8 19""/20"" M Forged Wheels Double-spoke Style 826 M Bicolour Black Matt With Mixed Tyres; 248 Steering Wheel Heating; 2VB Tyre Pressure Indicator; 2VC Tyre Repair Kit; 302 Alarm System; 316 Automatic Tailgate Operation; 319 Integrated Universal Remote Control; 322 Comfort Access System; 3M5 M Compound Brake With Red Calipers; 3MF Bmw Individual Shadowline Lights; 3MQ Bmw M 50 Years Emblems; 430 Interior And Exterior Mirror Packa; 48C M Carbon Bucket Seats; 4AW Instrument Panel Sensatec; 4GQ M Seat Belts; 4MC Interior Trim Finishers Carbon Fibre; 5AL Active Protection; 5AS Driving Assistant; 5DN Parking Assistant Plus; 655 Satellite Radio; 688 Harman/kardon Surround Sound System; 6AK Connecteddrive Services; 6C4 Connectedpackage Professional; 6NS Enhanced Telephony With Extended Smartphone Connectivity; 6U3 Bmw Live Cockpit Professional; 71C M Carbon Exterieur Package; 8KL Oelserviceint. 15.000km/12months; 8TN Daytime Driving Lights Selectable B; 925 Shipping Protection Package; ZAX; ZPK; ZPX; ZSA; ZTM",Cars.com,"Plano, TX — Sewell Bmw Mini Of Plano",https://www.cars.com/vehicledetail/6de6f338-38ce-4d25-8388-70643676e930/?aff=atempest&utm_campaign=atempest&utm_source=autotempest&utm_medium=trp&utm_campaign_id=1&utm_trusted=TRUE
2026 BMW M3 Competition xDrive,"$97,213","9,428 mi.",2026,BMW,M3,M3 xDrive Competition,WBS33HJ05TFV99196,"1CB Co2 Content; 1CR Remote Engine Start; 1U0 19""/20"" M Schmiederäder Doppelspeiche 826 M Schwarz Mit Mischbereifung; 248 Steering Wheel Heating; 2T4 M Sport Differential; 2VB Tyre Pressure Indicator; 2VC Tyre Repair Kit; 2VF Adaptiv M Suspension; 302 Alarm System; 316 Automatic Tailgate Operation; 319 Integrated Universal Remote Control; 322 Comfort Access System; 3MF Bmw Individual Shadowline Lights; 430 Interior And Exterior Mirror Packa; 431 Interior Rr Vw Mirror W Aut Anti-d; 453 Active Seat Ventilation, Front; 459 Seat Adjustm., Electr. W. Memory; 488 Lumbar Support Driver/front Passenger; 493 Storage Compartment Package; 494 Seat Heating F Driver/front Passenger; 4GQ M Seat Belts; 4MC Interior Trim Finishers Carbon Fibre; 4NE Blow-by-heater; 4U0 Galvanic Embellisher For Controls; 534 Automatic Air Conditioning; 552 Adaptive Led Headlight; 5AC Autom. High-beam Headlights Control; 5AL Active Protection; 5AP Decoding For No-dazzle High-beam As; 5AR Traffic-queue Assistant; 5AU Driving Assistant Professional; 5AV Active Guard; 5DN Parking Assistant Plus; 5DS Luggage-compartment Emerg. Release; 645 Radio Control Us; 655 Satellite Radio; 688 Harman/kardon Surround Sound System; 6AC Intelligent Emergency Call; 6AE Teleservices; 6AK Connecteddrive Services; 6C4 Connectedpackage Professional; 6DR Bmw Drive Recorder; 6NX Wireless Charging Tray; 6PA Personal Esim 5g; 6U3 Bmw Live Cockpit Professional; 6VB Control Infotainment; 712 M Sports Seat; 760 Individual High-gloss Satin Chrome; 775 Individual Roof-lining Anthracite; 7M9 Bmw Individual High-gloss Shadowline Exterior Trim With Extended Features; 823 Hot-climate Version; 845 Acoustic Belt Warning; 853 Language Version English; 8EK Body Control; 8KL Oelserviceint. 15.000km/12months; 8R9 Refrigerant; 8SM Vin, Visible From Outside; 8TN Daytime Driving Lights Selectable B; 8WM Control D; 925 Shipping Protection Package; 992 Number Plate Attachement Management; L070",Cars.com,"Grapevine, TX — Sewell Bmw Of Grapevine",https://www.cars.com/vehicledetail/64e0b88f-08dd-498b-bc28-58f9a7ce57d5/?aff=atempest&utm_campaign=atempest&utm_source=autotempest&utm_medium=trp&utm_campaign_id=1&utm_trusted=TRUE
2025 BMW M3 Competition xDrive,"$89,995","3,194 mi.",2025,BMW,M3,M3 xDrive Competition,WBS33HJ09SFU36386,"1CB Co2 Content; 1CR Remote Engine Start; 1U0 19""/20"" M Schmiederäder Doppelspeiche 826 M Schwarz Mit Mischbereifung; 248 Steering Wheel Heating; 2T4 M Sport Differential; 2VB Tyre Pressure Indicator; 2VC Tyre Repair Kit; 2VF Adaptiv M Suspension; 302 Alarm System; 316 Automatic Tailgate Operation; 319 Integrated Universal Remote Control; 322 Comfort Access System; 3M5 M Compound Brake With Red Calipers; 3MF Bmw Individual Shadowline Lights; 428 Warning Triangle; 430 Interior And Exterior Mirror Packa; 431 Interior Rr Vw Mirror W Aut Anti-d; 453 Active Seat Ventilation, Front; 459 Seat Adjustm., Electr. W. Memory; 488 Lumbar Support Driver/front Passenger; 493 Storage Compartment Package; 494 Seat Heating F Driver/front Passenger; 4GQ M Seat Belts; 4MC Interior Trim Finishers Carbon Fibre; 4NE Blow-by-heater; 4NW Instrument Panel Luxury; 534 Automatic Air Conditioning; 552 Adaptive Led Headlight; 5AC Autom. High-beam Headlights Control; 5AL Active Protection; 5AP Decoding For No-dazzle High-beam As; 5AR Traffic-queue Assistant; 5AU Driving Assistant Professional; 5AV Active Guard; 5DN Parking Assistant Plus; 5DS Luggage-compartment Emerg. Release; 645 Radio Control Us; 655 Satellite Radio; 688 Harman/kardon Surround Sound System; 6AC Intelligent Emergency Call; 6AE Teleservices; 6AK Connecteddrive Services; 6C4 Connectedpackage Professional; 6DR Bmw Drive Recorder; 6NX Wireless Charging Tray; 6PA Personal Esim 5g; 6U3 Bmw Live Cockpit Professional; 6VB Control Infotainment; 712 M Sports Seat; 71C M Carbon Exterieur Package; 760 Individual High-gloss Satin Chrome; 775 Individual Roof-lining Anthracite; 7M9 Bmw Individual High-gloss Shadowline Exterior Trim With Extended Features; 823 Hot-climate Version; 845 Acoustic Belt Warning; 853 Language Version English; 8EK Body Control; 8KL Oelserviceint. 15.000km/12months; 8R9 Refrigerant; 8SM Vin, Visible From Outside; 8TN Daytime Driving Lights Selectable B; 8WM Control D; 925 Shipping Protection Package; 992 Number Plate Attachement Management; L070",Cars.com,"Honolulu, HI — Land Rover Honolulu",https://www.cars.com/vehicledetail/a0b3ff82-9c05-4976-b828-cbf7c0e3bc96/?aff=atempest&utm_campaign=atempest&utm_source=autotempest&utm_medium=trp&utm_campaign_id=1&utm_trusted=TRUE
2021 BMW M3,"$63,998","54,415 mi.",2021,BMW,M3,,WBS53AY02MFK76294,,CarGurus,"Clermont, FL — Carmax Clermont",https://www.cargurus.com/Cars/listing/457576188?sourceContext=autotempest&cgfv=1.11&cgfr=5&cgfab=Q&px8324=p110&dnetworktype=r&cgfdate=2026929&cgfloc=en
2025 BMW M3 Competition xDrive,"$105,373","9,909 mi.",2025,BMW,M3,M3 xDrive Competition,WBS33HJ07SFU51999,"1CB Co2 Content; 1CR Remote Engine Start; 1T6 19""/20"" M Schmiederäder Doppelspeiche 825 M Bicolor Schwarz Mit Mischbereifung; 248 Steering Wheel Heating; 2T4 M Sport Differential; 2VB Tyre Pressure Indicator; 2VC Tyre Repair Kit; 2VF Adaptiv M Suspension; 302 Alarm System; 316 Automatic Tailgate Operation; 319 Integrated Universal Remote Control; 322 Comfort Access System; 3M5 M Compound Brake With Red Calipers; 3MF Bmw Individual Shadowline Lights; 430 Interior And Exterior Mirror Packa; 431 Interior Rr Vw Mirror W Aut Anti-d; 459 Seat Adjustm., Electr. W. Memory; 48C M Carbon Bucket Seats; 493 Storage Compartment Package; 494 Seat Heating F Driver/front Passenger; 4GQ M Seat Belts; 4MC Interior Trim Finishers Carbon Fibre; 4NE Blow-by-heater; 534 Automatic Air Conditioning; 552 Adaptive Led Headlight; 5AC Autom. High-beam Headlights Control; 5AL Active Protection; 5AP Decoding For No-dazzle High-beam As; 5AR Traffic-queue Assistant; 5AU Driving Assistant Professional; 5AV Active Guard; 5DN Parking Assistant Plus; 5DS Luggage-compartment Emerg. Release; 645 Radio Control Us; 655 Satellite Radio; 688 Harman/kardon Surround Sound System; 6AC Intelligent Emergency Call; 6AE Teleservices; 6AK Connecteddrive Services; 6C4 Connectedpackage Professional; 6NX Wireless Charging Tray; 6PA Personal Esim 5g; 6U3 Bmw Live Cockpit Professional; 6VB Control Infotainment; 760 Individual High-gloss Satin Chrome; 775 Individual Roof-lining Anthracite; 7M9 Bmw Individual High-gloss Shadowline Exterior Trim With Extended Features; 823 Hot-climate Version; 845 Acoustic Belt Warning; 853 Language Version English; 8EK Body Control; 8KL Oelserviceint. 15.000km/12months; 8R9 Refrigerant; 8SM Vin, Visible From Outside; 8TN Daytime Driving Lights Selectable B; 8WM Control D; 925 Shipping Protection Package; 992 Number Plate Attachement Management; L070",Cars.com,"Joliet, IL — Motor Cars Of Chicago",https://www.cars.com/vehicledetail/b0b5bf7e-60b8-46e5-a133-bacbb29d2bc1/?aff=atempest&utm_campaign=atempest&utm_source=autotempest&utm_medium=trp&utm_campaign_id=1&utm_trusted=TRUE
2023 BMW M3 Competition,"$79,204","3,339 mi.",2023,BMW,M3,M3 Competition,WBS33AY05PFP73755,,CarGurus,"Duluth, GA — Alm Gwinnett",https://www.cargurus.com/Cars/listing/457437674?sourceContext=autotempest&cgfv=1.18&cgfr=4&cgfab=Q&px8324=p110&dnetworktype=r&cgfdate=2026929&cgfloc=en
2024 BMW M3 Sedan,"$95,949","6,502 mi.",2024,BMW,M3,,WBS53AY03RFT02053,,Cars.com,"Buford, GA — Mall Of Georgia Mini",https://www.cars.com/vehicledetail/dcff28fc-b222-4750-b6fe-514027045986/?aff=atempest&utm_campaign=atempest&utm_source=autotempest&utm_medium=trp&utm_campaign_id=1&utm_trusted=TRUE
2021 BMW M3 Competition,"$62,428","65,730 mi.",2021,BMW,M3,M3 Competition,WBS33AY04MFL42402,,Cars.com,"New Port Richey, FL — Volkswagen Of New Port Richey",https://www.cars.com/vehicledetail/19e2cae5-bf03-40ef-bfed-7eb7b3f5c31d/?aff=atempest&utm_campaign=atempest&utm_source=autotempest&utm_medium=trp&utm_campaign_id=1&utm_trusted=TRUE
2026 BMW M3 Competition xDrive,"$89,473","1,939 mi.",2026,BMW,M3,M3 xDrive Competition,WBS33HJ05TFW51488,"1CB Co2 Content; 1CR Remote Engine Start; 1T8 19""/20"" M Forged Wheels Double-spoke Style 826 M Bicolour Black Matt With Mixed Tyres; 248 Steering Wheel Heating; 2T4 M Sport Differential; 2VB Tyre Pressure Indicator; 2VC Tyre Repair Kit; 2VF Adaptiv M Suspension; 302 Alarm System; 316 Automatic Tailgate Operation; 319 Integrated Universal Remote Control; 322 Comfort Access System; 3AG Backup Camera; 3DE Deletion Of Specific Exterior Desig; 3M5 M Compound Brake With Red Calipers; 403 Glas Roof, Electric; 430 Interior And Exterior Mirror Packa; 431 Interior Rr Vw Mirror W Aut Anti-d; 459 Seat Adjustm., Electr. W. Memory; 488 Lumbar Support Driver/front Passenger; 493 Storage Compartment Package; 494 Seat Heating F Driver/front Passenger; 4GQ M Seat Belts; 4NE Blow-by-heater; 4P6 Interieurleisten Dark Graphite Matt; 4U0 Galvanic Embellisher For Controls; 508 Park Distance Control (pdc); 534 Automatic Air Conditioning; 544 Cruise Control With Braking Function; 552 Adaptive Led Headlight; 5AC Autom. High-beam Headlights Control; 5AL Active Protection; 5AP Decoding For No-dazzle High-beam As; 5AS Driving Assistant; 5AV Active Guard; 5DS Luggage-compartment Emerg. Release; 645 Radio Control Us; 655 Satellite Radio; 688 Harman/kardon Surround Sound System; 6AC Intelligent Emergency Call; 6AE Teleservices; 6AK Connecteddrive Services; 6C4 Connectedpackage Professional; 6NX Wireless Charging Tray; 6PA Personal Esim 5g; 6U3 Bmw Live Cockpit Professional; 6VB Control Infotainment; 712 M Sports Seat; 760 Individual High-gloss Satin Chrome; 775 Individual Roof-lining Anthracite; 7M9 Bmw Individual High-gloss Shadowline Exterior Trim With Extended Features; 823 Hot-climate Version; 845 Acoustic Belt Warning; 853 Language Version English; 8EK Body Control; 8KL Oelserviceint. 15.000km/12months; 8R9 Refrigerant; 8SM Vin, Visible From Outside; 8TN Daytime Driving Lights Selectable B; 8WM Control D; 925 Shipping Protection Package; 992 Number Plate Attachement Management; L070",CarGurus,"Cape Coral, FL — Kia Of Cape Coral",https://www.cargurus.com/Cars/listing/457066016?sourceContext=autotempest&cgfv=1.21&cgfr=1&cgfab=Q&px8324=p110&dnetworktype=r&cgfdate=2026929&cgfloc=en
2026 BMW M3 Competition xDrive,"$96,692","6,804 mi.",2026,BMW,M3,M3 xDrive Competition,WBS33HJ04TFW13721,,Cars.com,"Grapevine, TX — Sewell Bmw Of Grapevine",https://www.cars.com/vehicledetail/a03ba41e-2553-4f61-9e34-66863d403116/?aff=atempest&utm_campaign=atempest&utm_source=autotempest&utm_medium=trp&utm_campaign_id=1&utm_trusted=TRUE
2025 BMW M3 Competition xDrive,"$87,999","20,977 mi.",2025,BMW,M3,M3 xDrive Competition,WBS33HJ02SFU39193,"1CB Co2 Content; 1CR Remote Engine Start; 1MB M Drive Professional; 1U0 19""/20"" M Schmiederäder Doppelspeiche 826 M Schwarz Mit Mischbereifung; 248 Steering Wheel Heating; 2T4 M Sport Differential; 2VB Tyre Pressure Indicator; 2VC Tyre Repair Kit; 2VF Adaptiv M Suspension; 302 Alarm System; 316 Automatic Tailgate Operation; 319 Integrated Universal Remote Control; 322 Comfort Access System; 3MF Bmw Individual Shadowline Lights; 403 Glas Roof, Electric; 430 Interior And Exterior Mirror Packa; 431 Interior Rr Vw Mirror W Aut Anti-d; 453 Active Seat Ventilation, Front; 459 Seat Adjustm., Electr. W. Memory; 488 Lumbar Support Driver/front Passenger; 493 Storage Compartment Package; 494 Seat Heating F Driver/front Passenger; 4GQ M Seat Belts; 4MC Interior Trim Finishers Carbon Fibre; 4NE Blow-by-heater; 534 Automatic Air Conditioning; 552 Adaptive Led Headlight; 5AC Autom. High-beam Headlights Control; 5AL Active Protection; 5AP Decoding For No-dazzle High-beam As; 5AR Traffic-queue Assistant; 5AU Driving Assistant Professional; 5AV Active Guard; 5DN Parking Assistant Plus; 5DS Luggage-compartment Emerg. Release; 645 Radio Control Us; 655 Satellite Radio; 688 Harman/kardon Surround Sound System; 6AC Intelligent Emergency Call; 6AE Teleservices; 6AK Connecteddrive Services; 6C4 Connectedpackage Professional; 6NX Wireless Charging Tray; 6PA Personal Esim 5g; 6U3 Bmw Live Cockpit Professional; 6VB Control Infotainment; 712 M Sports Seat; 760 Individual High-gloss Satin Chrome; 775 Individual Roof-lining Anthracite; 7M9 Bmw Individual High-gloss Shadowline Exterior Trim With Extended Features; 823 Hot-climate Version; 845 Acoustic Belt Warning; 853 Language Version English; 8EK Body Control; 8KL Oelserviceint. 15.000km/12months; 8R9 Refrigerant; 8SM Vin, Visible From Outside; 8TN Daytime Driving Lights Selectable B; 8WM Control D; 925 Shipping Protection Package; 992 Number Plate Attachement Management; L070",Cars.com,"Salem, OR — Bmw Of Salem",https://www.cars.com/vehicledetail/0b88ae26-5c47-4319-8472-8c29dccd3e0e/?aff=atempest&utm_campaign=atempest&utm_source=autotempest&utm_medium=trp&utm_campaign_id=1&utm_trusted=TRUE
2023 BMW M3 Competition xDrive,"$54,900","38,900 mi.",2023,BMW,M3,M3 xDrive Competition,WBS43AY08PFN52588,"1CR Remote Engine Start; 1T8 19""/20"" M Forged Wheels Double-spoke Style 826 M Bicolour Black Matt With Mixed Tyres; 248 Steering Wheel Heating; 2VB Tyre Pressure Indicator; 2VC Tyre Repair Kit; 302 Alarm System; 316 Automatic Tailgate Operation; 319 Integrated Universal Remote Control; 322 Comfort Access System; 3MF Bmw Individual Shadowline Lights; 3MQ Bmw M 50 Years Emblems; 430 Interior And Exterior Mirror Packa; 453 Active Seat Ventilation, Front; 4GQ M Seat Belts; 4MC Interior Trim Finishers Carbon Fibre; 5AL Active Protection; 5AP Decoding For No-dazzle High-beam As; 5AS Driving Assistant; 5AZ Bmw Laser Light; 5DN Parking Assistant Plus; 655 Satellite Radio; 688 Harman/kardon Surround Sound System; 6AK Connecteddrive Services; 6C4 Connectedpackage Professional; 6DR Bmw Drive Recorder; 6NS Enhanced Telephony With Extended Smartphone Connectivity; 6U3 Bmw Live Cockpit Professional; 8KL Oelserviceint. 15.000km/12months; 8TN Daytime Driving Lights Selectable B; 925 Shipping Protection Package; ZAX; ZPK; ZPX; ZSA; ZTM",Cars.com,"Hollywood, FL — Sv Motors Inc",https://www.cars.com/vehicledetail/2ae4bd24-6791-48de-b6f6-e3b091b61d71/?aff=atempest&utm_campaign=atempest&utm_source=autotempest&utm_medium=trp&utm_campaign_id=1&utm_trusted=TRUE
2023 BMW M3,"$71,998","30,065 mi.",2023,BMW,M3,,WBS53AY02PFN31790,,CarGurus,"Denver, CO — Bmw Of Denver Downtown",https://www.cargurus.com/Cars/listing/456993453?sourceContext=autotempest&cgfv=1.15&cgfr=2&cgfab=Q&px8324=p110&dnetworktype=r&cgfdate=2026929&cgfloc=en
2026 BMW M3 Competition xDrive,"$104,584","1,567 mi.",2026,BMW,M3,M3 xDrive Competition,WBS33HJ05TFW51121,"1CB Co2 Content; 1CR Remote Engine Start; 1T8 19""/20"" M Forged Wheels Double-spoke Style 826 M Bicolour Black Matt With Mixed Tyres; 248 Steering Wheel Heating; 2NK M Carbon Ceramic Brake; 2T4 M Sport Differential; 2VB Tyre Pressure Indicator; 2VC Tyre Repair Kit; 2VF Adaptiv M Suspension; 302 Alarm System; 316 Automatic Tailgate Operation; 319 Integrated Universal Remote Control; 322 Comfort Access System; 3MF Bmw Individual Shadowline Lights; 430 Interior And Exterior Mirror Packa; 431 Interior Rr Vw Mirror W Aut Anti-d; 453 Active Seat Ventilation, Front; 459 Seat Adjustm., Electr. W. Memory; 488 Lumbar Support Driver/front Passenger; 493 Storage Compartment Package; 494 Seat Heating F Driver/front Passenger; 4GQ M Seat Belts; 4MC Interior Trim Finishers Carbon Fibre; 4NE Blow-by-heater; 4U0 Galvanic Embellisher For Controls; 534 Automatic Air Conditioning; 552 Adaptive Led Headlight; 5AC Autom. High-beam Headlights Control; 5AL Active Protection; 5AP Decoding For No-dazzle High-beam As; 5AR Traffic-queue Assistant; 5AU Driving Assistant Professional; 5AV Active Guard; 5DN Parking Assistant Plus; 5DS Luggage-compartment Emerg. Release; 645 Radio Control Us; 655 Satellite Radio; 688 Harman/kardon Surround Sound System; 6AC Intelligent Emergency Call; 6AE Teleservices; 6AK Connecteddrive Services; 6C4 Connectedpackage Professional; 6DR Bmw Drive Recorder; 6NX Wireless Charging Tray; 6PA Personal Esim 5g; 6U3 Bmw Live Cockpit Professional; 6VB Control Infotainment; 712 M Sports Seat; 760 Individual High-gloss Satin Chrome; 775 Individual Roof-lining Anthracite; 7M9 Bmw Individual High-gloss Shadowline Exterior Trim With Extended Features; 823 Hot-climate Version; 845 Acoustic Belt Warning; 853 Language Version English; 8EK Body Control; 8KL Oelserviceint. 15.000km/12months; 8R9 Refrigerant; 8SM Vin, Visible From Outside; 8TN Daytime Driving Lights Selectable B; 8WM Control D; 925 Shipping Protection Package; 992 Number Plate Attachement Management; L070",CarGurus,"Fort Lauderdale, FL — Ferrari Maserati Alfa Romeo Of Fort Lauderdale",https://www.cargurus.com/Cars/listing/456874151?sourceContext=autotempest&cgfv=1.23&cgfr=5&cgfab=Q&px8324=p110&dnetworktype=r&cgfdate=2026929&cgfloc=en
2025 BMW M3 Competition xDrive,"$108,373","10,608 mi.",2025,BMW,M3,M3 xDrive Competition,WBS33HJ05SFU14319,"1CB Co2 Content; 1CR Remote Engine Start; 1U0 19""/20"" M Schmiederäder Doppelspeiche 826 M Schwarz Mit Mischbereifung; 248 Steering Wheel Heating; 2T4 M Sport Differential; 2VB Tyre Pressure Indicator; 2VC Tyre Repair Kit; 2VF Adaptiv M Suspension; 302 Alarm System; 316 Automatic Tailgate Operation; 319 Integrated Universal Remote Control; 322 Comfort Access System; 3M5 M Compound Brake With Red Calipers; 3MF Bmw Individual Shadowline Lights; 430 Interior And Exterior Mirror Packa; 431 Interior Rr Vw Mirror W Aut Anti-d; 459 Seat Adjustm., Electr. W. Memory; 48C M Carbon Bucket Seats; 493 Storage Compartment Package; 494 Seat Heating F Driver/front Passenger; 4GQ M Seat Belts; 4MC Interior Trim Finishers Carbon Fibre; 4NE Blow-by-heater; 4U0 Galvanic Embellisher For Controls; 534 Automatic Air Conditioning; 544 Cruise Control With Braking Function; 552 Adaptive Led Headlight; 5AC Autom. High-beam Headlights Control; 5AL Active Protection; 5AP Decoding For No-dazzle High-beam As; 5AS Driving Assistant; 5AV Active Guard; 5DN Parking Assistant Plus; 5DS Luggage-compartment Emerg. Release; 645 Radio Control Us; 655 Satellite Radio; 688 Harman/kardon Surround Sound System; 6AC Intelligent Emergency Call; 6AE Teleservices; 6AK Connecteddrive Services; 6C4 Connectedpackage Professional; 6DR Bmw Drive Recorder; 6NX Wireless Charging Tray; 6PA Personal Esim 5g; 6U3 Bmw Live Cockpit Professional; 6VB Control Infotainment; 71C M Carbon Exterieur Package; 760 Individual High-gloss Satin Chrome; 775 Individual Roof-lining Anthracite; 7M9 Bmw Individual High-gloss Shadowline Exterior Trim With Extended Features; 823 Hot-climate Version; 845 Acoustic Belt Warning; 853 Language Version English; 8EK Body Control; 8KL Oelserviceint. 15.000km/12months; 8R9 Refrigerant; 8SM Vin, Visible From Outside; 8TN Daytime Driving Lights Selectable B; 8WM Control D; 925 Shipping Protection Package; 992 Number Plate Attachement Management; L070",Cars.com,"Joliet, IL — Motor Cars Of Chicago",https://www.cars.com/vehicledetail/ecae2bbd-5fb5-4b0a-9082-c9be526e00d8/?aff=atempest&utm_campaign=atempest&utm_source=autotempest&utm_medium=trp&utm_campaign_id=1&utm_trusted=TRUE
2024 BMW M3 Competition xDrive,"$100,353","30,078 mi.",2024,BMW,M3,M3 xDrive Competition,WBS43AY0XRFS99373,"1CB Co2 Content; 1CR Remote Engine Start; 1MB M Drive Professional; 1U0 19""/20"" M Schmiederäder Doppelspeiche 826 M Schwarz Mit Mischbereifung; 248 Steering Wheel Heating; 2NK M Carbon Ceramic Brake; 2T4 M Sport Differential; 2VB Tyre Pressure Indicator; 2VC Tyre Repair Kit; 2VF Adaptiv M Suspension; 302 Alarm System; 316 Automatic Tailgate Operation; 319 Integrated Universal Remote Control; 322 Comfort Access System; 3DE Deletion Of Specific Exterior Desig; 3MF Bmw Individual Shadowline Lights; 430 Interior And Exterior Mirror Packa; 431 Interior Rr Vw Mirror W Aut Anti-d; 459 Seat Adjustm., Electr. W. Memory; 48C M Carbon Bucket Seats; 493 Storage Compartment Package; 494 Seat Heating F Driver/front Passenger; 4GQ M Seat Belts; 4MC Interior Trim Finishers Carbon Fibre; 4NE Blow-by-heater; 534 Automatic Air Conditioning; 5AC Autom. High-beam Headlights Control; 5AL Active Protection; 5AP Decoding For No-dazzle High-beam As; 5AR Traffic-queue Assistant; 5AU Driving Assistant Professional; 5AV Active Guard; 5AZ Bmw Laser Light; 5DN Parking Assistant Plus; 5DS Luggage-compartment Emerg. Release; 645 Radio Control Us; 655 Satellite Radio; 688 Harman/kardon Surround Sound System; 6AC Intelligent Emergency Call; 6AE Teleservices; 6AK Connecteddrive Services; 6C4 Connectedpackage Professional; 6DR Bmw Drive Recorder; 6NX Wireless Charging Tray; 6PA Personal Esim 5g; 6U3 Bmw Live Cockpit Professional; 6VB Control Infotainment; 71C M Carbon Exterieur Package; 760 Individual High-gloss Satin Chrome; 775 Individual Roof-lining Anthracite; 7M9 Bmw Individual High-gloss Shadowline Exterior Trim With Extended Features; 7ME M Drivers Package; 823 Hot-climate Version; 845 Acoustic Belt Warning; 853 Language Version English; 8EK Body Control; 8KL Oelserviceint. 15.000km/12months; 8R9 Refrigerant; 8SM Vin, Visible From Outside; 8TN Daytime Driving Lights Selectable B; 8WM Control D; 925 Shipping Protection Package; 992 Number Plate Attachement Management; L070",CarGurus,"Joliet, IL — Motor Cars Of Chicago",https://www.cargurus.com/Cars/listing/453541764?sourceContext=autotempest&cgfv=1.23&cgfr=8&cgfab=Q&px8324=p110&dnetworktype=r&cgfdate=2026929&cgfloc=en
2023 BMW M3 Competition xDrive,"$83,353","21,188 mi.",2023,BMW,M3,M3 xDrive Competition,WBS43AY05PFN82874,,CarGurus,"Joliet, IL — Motor Cars Of Chicago",https://www.cargurus.com/Cars/listing/454416180?sourceContext=autotempest&cgfv=1.2&cgfr=1&cgfab=Q&px8324=p110&dnetworktype=r&cgfdate=2026929&cgfloc=en
2021 BMW M3 Competition,"$78,043","25,972 mi.",2021,BMW,M3,M3 Competition,WBS33AY08MFL48963,,CarGurus,"Delray Beach, FL — Delray Buick Gmc",https://www.cargurus.com/Cars/listing/456912770?sourceContext=autotempest&cgfv=1.18&cgfr=5&cgfab=Q&px8324=p110&dnetworktype=r&cgfdate=2026929&cgfloc=en
2022 BMW M3 Competition,"$81,989","17,454 mi.",2022,BMW,M3,M3 Competition,WBS33AY06NFL92106,,Cars.com,"Freehold, NJ — Bmw Of Freehold",https://www.cars.com/vehicledetail/1a8fa64e-5f63-4490-bf0d-a42ec1990614/?aff=atempest&utm_campaign=atempest&utm_source=autotempest&utm_medium=trp&utm_campaign_id=1&utm_trusted=TRUE
2024 BMW M3 Competition,"$78,498","8,625 mi.",2024,BMW,M3,M3 Competition,WBS33AY05RFR58326,,CarGurus,"Union, NJ — Autopia Motorcars",https://www.cargurus.com/Cars/listing/456643036?sourceContext=autotempest&cgfv=1.18&cgfr=1&cgfab=Q&px8324=p110&dnetworktype=r&cgfdate=2026929&cgfloc=en
2021 BMW M3 Competition,"$64,158","53,414 mi.",2021,BMW,M3,M3 Competition,WBS33AY08MFK93608,,Cars.com,"Farmington Hills, MI — Suburban Toyota Of Farmington Hills",https://www.cars.com/vehicledetail/c99ed6d6-ed46-4244-a0da-b598ef2bb699/?aff=atempest&utm_campaign=atempest&utm_source=autotempest&utm_medium=trp&utm_campaign_id=1&utm_trusted=TRUE
2024 BMW M3,"$79,596","9,413 mi.",2024,BMW,M3,,WBS53AY02RFS27913,,Cars.com,"Lexington, KY — Don Franklin Lexington Nissan",https://www.cars.com/vehicledetail/3ba218ec-33a3-491c-bf38-1b630ed878b5/?aff=atempest&utm_campaign=atempest&utm_source=autotempest&utm_medium=trp&utm_campaign_id=1&utm_trusted=TRUE
2022 BMW M3 Competition,"$71,697","50,355 mi.",2022,BMW,M3,M3 Competition,WBS33AY01NFM56598,,Cars.com,"Marietta, GA — Platinum Cars Marietta",https://www.cars.com/vehicledetail/a89223ee-1535-45af-8fc6-eb47ab3860a2/?aff=atempest&utm_campaign=atempest&utm_source=autotempest&utm_medium=trp&utm_campaign_id=1&utm_trusted=TRUE
2022 BMW M3 Competition xDrive,"$71,456","53,598 mi.",2022,BMW,M3,M3 xDrive Competition,WBS43AY04NFL61909,"1CB Co2 Content; 1U0 19""/20"" M Schmiederäder Doppelspeiche 826 M Schwarz Mit Mischbereifung; 2T4 M Sport Differential; 2VB Tyre Pressure Indicator; 2VC Tyre Repair Kit; 2VF Adaptiv M Suspension; 302 Alarm System; 319 Integrated Universal Remote Control; 322 Comfort Access System; 3AG Backup Camera; 3M5 M Compound Brake With Red Calipers; 403 Glas Roof, Electric; 430 Interior And Exterior Mirror Packa; 431 Interior Rr Vw Mirror W Aut Anti-d; 459 Seat Adjustm., Electr. W. Memory; 488 Lumbar Support Driver/front Passenger; 493 Storage Compartment Package; 494 Seat Heating F Driver/front Passenger; 4GQ M Seat Belts; 4MC Interior Trim Finishers Carbon Fibre; 4NE Blow-by-heater; 508 Park Distance Control (pdc); 534 Automatic Air Conditioning; 5AC Autom. High-beam Headlights Control; 5AR Traffic-queue Assistant; 5AU Driving Assistant Professional; 5AV Active Guard; 5DS Luggage-compartment Emerg. Release; 645 Radio Control Us; 655 Satellite Radio; 688 Harman/kardon Surround Sound System; 6AC Intelligent Emergency Call; 6AE Teleservices; 6AK Connecteddrive Services; 6C4 Connectedpackage Professional; 6NS Enhanced Telephony With Extended Smartphone Connectivity; 6U3 Bmw Live Cockpit Professional; 712 M Sports Seat; 760 Individual High-gloss Satin Chrome; 775 Individual Roof-lining Anthracite; 7M9 Bmw Individual High-gloss Shadowline Exterior Trim With Extended Features; 823 Hot-climate Version; 845 Acoustic Belt Warning; 853 Language Version English; 8EK Body Control; 8KL Oelserviceint. 15.000km/12months; 8R9 Refrigerant; 8SM Vin, Visible From Outside; 8TN Daytime Driving Lights Selectable B; 925 Shipping Protection Package; 992 Number Plate Attachement Management; L070",Cars.com,"Alpharetta, GA — United Bmw",https://www.cars.com/vehicledetail/9ffc986f-0e68-4fa9-adf9-d8212578b35b/?aff=atempest&utm_campaign=atempest&utm_source=autotempest&utm_medium=trp&utm_campaign_id=1&utm_trusted=TRUE
2023 BMW M3,"$74,684","9,870 mi.",2023,BMW,M3,,WBS53AY06PFN98991,,Cars.com,"Orlando, FL — Orange Buick Gmc",https://www.cars.com/vehicledetail/1258ec2c-27c0-466a-b829-7cc9d3121c5b/?aff=atempest&utm_campaign=atempest&utm_source=autotempest&utm_medium=trp&utm_campaign_id=1&utm_trusted=TRUE
2025 BMW M3 Competition xDrive,"$97,373","8,520 mi.",2025,BMW,M3,M3 xDrive Competition,WBS33HJ0XSFU81644,"1CB Co2 Content; 1CR Remote Engine Start; 1WL 19""/20"" M Schmiederäder Doppelspeiche 825 M Silber Mit Mischbereifung; 248 Steering Wheel Heating; 2T4 M Sport Differential; 2VB Tyre Pressure Indicator; 2VC Tyre Repair Kit; 2VF Adaptiv M Suspension; 302 Alarm System; 316 Automatic Tailgate Operation; 319 Integrated Universal Remote Control; 322 Comfort Access System; 3DE Deletion Of Specific Exterior Desig; 3M6 M Compound Brake With Black Calipers; 403 Glas Roof, Electric; 430 Interior And Exterior Mirror Packa; 431 Interior Rr Vw Mirror W Aut Anti-d; 459 Seat Adjustm., Electr. W. Memory; 488 Lumbar Support Driver/front Passenger; 493 Storage Compartment Package; 494 Seat Heating F Driver/front Passenger; 4GQ M Seat Belts; 4MC Interior Trim Finishers Carbon Fibre; 4NE Blow-by-heater; 534 Automatic Air Conditioning; 544 Cruise Control With Braking Function; 552 Adaptive Led Headlight; 5AC Autom. High-beam Headlights Control; 5AL Active Protection; 5AP Decoding For No-dazzle High-beam As; 5AS Driving Assistant; 5AV Active Guard; 5DN Parking Assistant Plus; 5DS Luggage-compartment Emerg. Release; 645 Radio Control Us; 655 Satellite Radio; 688 Harman/kardon Surround Sound System; 6AC Intelligent Emergency Call; 6AE Teleservices; 6AK Connecteddrive Services; 6C4 Connectedpackage Professional; 6DR Bmw Drive Recorder; 6NX Wireless Charging Tray; 6PA Personal Esim 5g; 6U3 Bmw Live Cockpit Professional; 6VB Control Infotainment; 712 M Sports Seat; 760 Individual High-gloss Satin Chrome; 775 Individual Roof-lining Anthracite; 7M9 Bmw Individual High-gloss Shadowline Exterior Trim With Extended Features; 823 Hot-climate Version; 845 Acoustic Belt Warning; 853 Language Version English; 8EK Body Control; 8KL Oelserviceint. 15.000km/12months; 8R9 Refrigerant; 8SM Vin, Visible From Outside; 8TN Daytime Driving Lights Selectable B; 8WM Control D; 925 Shipping Protection Package; 992 Number Plate Attachement Management; L070",Cars.com,"Joliet, IL — Motor Cars Of Chicago",https://www.cars.com/vehicledetail/5ead7e88-995b-4aef-9f4d-49d5e2aaac27/?aff=atempest&utm_campaign=atempest&utm_source=autotempest&utm_medium=trp&utm_campaign_id=1&utm_trusted=TRUE
2022 BMW M3 Competition,"$73,838","24,017 mi.",2022,BMW,M3,M3 Competition,WBS33AY07NFM32211,,CarGurus,"Duluth, GA — Gravity Autos Duluth",https://www.cargurus.com/Cars/listing/456013053?sourceContext=autotempest&cgfv=1.16&cgfr=2&cgfab=Q&px8324=p110&dnetworktype=r&cgfdate=2026929&cgfloc=en
2022 BMW M3 Competition,"$79,373","6,504 mi.",2022,BMW,M3,M3 Competition,WBS33AY06NFL82837,,Cars.com,"Joliet, IL — Motor Cars Of Chicago",https://www.cars.com/vehicledetail/d3a2d501-6e8c-4692-bc35-79622fe4cda0/?aff=atempest&utm_campaign=atempest&utm_source=autotempest&utm_medium=trp&utm_campaign_id=1&utm_trusted=TRUE
2021 BMW M3,"$77,353","8,099 mi.",2021,BMW,M3,,WBS53AY03MFL15295,,CarGurus,"Joliet, IL — Motor Cars Of Chicago",https://www.cargurus.com/Cars/listing/454108292?sourceContext=autotempest&cgfv=1.18&cgfr=5&cgfab=Q&px8324=p110&dnetworktype=r&cgfdate=2026929&cgfloc=en
2025 BMW M3 Sedan 4D,"$54,900","16,054 mi.",2025,BMW,M3,,WBS13HJ02SFT95915,,Cars.com,"Hollywood, FL — Sv Motors Inc",https://www.cars.com/vehicledetail/831ee772-b88c-4250-b664-87dd42fa8205/?aff=atempest&utm_campaign=atempest&utm_source=autotempest&utm_medium=trp&utm_campaign_id=1&utm_trusted=TRUE
2025 BMW M3 Competition xDrive,"$89,698","6,912 mi.",2025,BMW,M3,M3 xDrive Competition,WBS33HJ05SFU21996,,CarGurus,"Salem, NH — Salem Ford",https://www.cargurus.com/Cars/listing/455945110?sourceContext=autotempest&cgfv=1.21&cgfr=2&cgfab=Q&px8324=p110&dnetworktype=r&cgfdate=2026929&cgfloc=en
2023 BMW M3 Competition xDrive,"$97,850","23,557 mi.",2023,BMW,M3,M3 xDrive Competition,WBS43AY05PFN33089,,Cars.com,"Burnsville, MN — Dodge Ram Of Burnsville",https://www.cars.com/vehicledetail/f09c7044-6c81-4fac-b8a8-73e96ec0bfed/?aff=atempest&utm_campaign=atempest&utm_source=autotempest&utm_medium=trp&utm_campaign_id=1&utm_trusted=TRUE
2026 BMW M3 Sedan 4D,"$84,589","1,903 mi.",2026,BMW,M3,,WBS13HJ04TFV74202,,Cars.com,"Union, NJ — New York Auto Depot Inc",https://www.cars.com/vehicledetail/bc6eb2e4-21c5-4782-955b-ded513bd94b3/?aff=atempest&utm_campaign=atempest&utm_source=autotempest&utm_medium=trp&utm_campaign_id=1&utm_trusted=TRUE
2025 BMW M3,"$82,216","6,370 mi.",2025,BMW,M3,,WBS13HJ0XSFV44510,,CarGurus,"San Antonio, TX — Sewell Cadillac",https://www.cargurus.com/Cars/listing/455735323?sourceContext=autotempest&cgfv=1.19&cgfr=5&cgfab=Q&px8324=p110&dnetworktype=r&cgfdate=2026929&cgfloc=en
2025 BMW M3 Competition xDrive,"$92,544","7,032 mi.",2025,BMW,M3,M3 xDrive Competition,WBS33HJ02SFV14748,,Cars.com,"Herculaneum, MO — Sapaugh Gm Country",https://www.cars.com/vehicledetail/c9a95d9f-e546-47cf-8e08-a90ca488ba74/?aff=atempest&utm_campaign=atempest&utm_source=autotempest&utm_medium=trp&utm_campaign_id=1&utm_trusted=TRUE
2022 BMW M3 Competition,"$71,399","33,264 mi.",2022,BMW,M3,M3 Competition,WBS33AY03NFM30620,,Cars.com,"Fort Lauderdale, FL — Txtcharlie",https://www.cars.com/vehicledetail/44d9662b-da2e-4a76-ab3d-183e7a65f398/?aff=atempest&utm_campaign=atempest&utm_source=autotempest&utm_medium=trp&utm_campaign_id=1&utm_trusted=TRUE
2021 BMW M3 Sedan,"$72,314","29,883 mi.",2021,BMW,M3,,WBS53AY06MFK93261,,Cars.com,"Farmington Hills, MI — Bmw Of Farmington Hills",https://www.cars.com/vehicledetail/1f89234a-4973-4887-9ba3-1e9ad67e11ba/?aff=atempest&utm_campaign=atempest&utm_source=autotempest&utm_medium=trp&utm_campaign_id=1&utm_trusted=TRUE
2023 BMW M3 Competition,"$74,228","15,839 mi.",2023,BMW,M3,M3 Competition,WBS33AY05PFR40633,,Cars.com,"New Port Richey, FL — Volkswagen Of New Port Richey",https://www.cars.com/vehicledetail/54825c78-f32a-45c1-bd66-f038e26b40b4/?aff=atempest&utm_campaign=atempest&utm_source=autotempest&utm_medium=trp&utm_campaign_id=1&utm_trusted=TRUE
2024 BMW M3 Competition,"$69,488","44,920 mi.",2024,BMW,M3,M3 Competition,WBS33AY05RFR89284,,CarGurus,"Miami, FL — Bomnin Chevrolet Dadeland",https://www.cargurus.com/Cars/listing/455328024?sourceContext=autotempest&cgfv=1.13&cgfr=1&cgfab=Q&px8324=p110&dnetworktype=r&cgfdate=2026929&cgfloc=en
2023 BMW M3 Competition xDrive,"$82,297","17,613 mi.",2023,BMW,M3,M3 xDrive Competition,WBS43AY03PFP08049,,Cars.com,"Palmetto Bay, FL — Hgreg Nissan Kendall",https://www.cars.com/vehicledetail/60bca541-6d87-47d9-a5d3-f32215c49c30/?aff=atempest&utm_campaign=atempest&utm_source=autotempest&utm_medium=trp&utm_campaign_id=1&utm_trusted=TRUE
2026 BMW M3 Competition xDrive,"$95,990","12,322 mi.",2026,BMW,M3,M3 xDrive Competition,WBS33HJ09TFV64662,,Cars.com,"Newark, DE — Porsche Delaware",https://www.cars.com/vehicledetail/8d79b836-a960-4a4a-8b52-dbe88ae42f36/?aff=atempest&utm_campaign=atempest&utm_source=autotempest&utm_medium=trp&utm_campaign_id=1&utm_trusted=TRUE
2024 BMW M3,"$72,593","17,387 mi.",2024,BMW,M3,,WBS53AY08RFT10987,,Cars.com,"Alcoa, TN — West Chevrolet",https://www.cars.com/vehicledetail/0885fdc4-2f49-4322-bc86-c380676426a3/?aff=atempest&utm_campaign=atempest&utm_source=autotempest&utm_medium=trp&utm_campaign_id=1&utm_trusted=TRUE
2022 BMW M3 Competition,"$71,348","24,865 mi.",2022,BMW,M3,M3 Competition,WBS33AY02NFM70395,,CarGurus,"Marysville, OH — Performance Luxury Sport",https://www.cargurus.com/Cars/listing/453714603?sourceContext=autotempest&cgfv=1.15&cgfr=2&cgfab=Q&px8324=p110&dnetworktype=r&cgfdate=2026929&cgfloc=en
2023 BMW M3 Competition xDrive,"$80,171","54,668 mi.",2023,BMW,M3,M3 xDrive Competition,WBS43AY01PFN95556,,Cars.com,"Davenport, IA — Kimberly Car City",https://www.cars.com/vehicledetail/0ddf00bf-89ce-44cf-af89-15ac40c8d582/?aff=atempest&utm_campaign=atempest&utm_source=autotempest&utm_medium=trp&utm_campaign_id=1&utm_trusted=TRUE
2022 BMW M3,"$67,314","38,162 mi.",2022,BMW,M3,,WBS53AY03NFL95599,,Cars.com,"Farmington Hills, MI — Bmw Of Farmington Hills",https://www.cars.com/vehicledetail/6dfa2405-a5aa-4a6b-8e88-06e777f9842d/?aff=atempest&utm_campaign=atempest&utm_source=autotempest&utm_medium=trp&utm_campaign_id=1&utm_trusted=TRUE
2026 BMW M3 Competition xDrive,"$112,353","2,373 mi.",2026,BMW,M3,M3 xDrive Competition,WBS33HJ05TFW09936,,CarGurus,"Joliet, IL — Motor Cars Of Chicago",https://www.cargurus.com/Cars/listing/452737084?sourceContext=autotempest&cgfv=1.23&cgfr=7&cgfab=Q&px8324=p110&dnetworktype=r&cgfdate=2026929&cgfloc=en
2025 BMW M3 Competition xDrive,"$85,635","25,340 mi.",2025,BMW,M3,M3 xDrive Competition,WBS33HJ02SFV23482,,Cars.com,"Wesley Chapel, FL — Chevrolet Of Wesley Chapel",https://www.cars.com/vehicledetail/a2604f1e-bd34-49f8-a091-c26384cf1c0a/?aff=atempest&utm_campaign=atempest&utm_source=autotempest&utm_medium=trp&utm_campaign_id=1&utm_trusted=TRUE
2026 BMW M3 Competition,"$85,474","5,425 mi.",2026,BMW,M3,M3 Competition,WBS23HJ04TFW19871,,Cars.com,"Horsham, PA — Carsindex - Horsham",https://www.cars.com/vehicledetail/7fec482a-1dd9-419e-9cad-21cbe59c9176/?aff=atempest&utm_campaign=atempest&utm_source=autotempest&utm_medium=trp&utm_campaign_id=1&utm_trusted=TRUE
2022 BMW M3 Competition xDrive,"$78,893","24,235 mi.",2022,BMW,M3,M3 xDrive Competition,WBS43AY0XNFL94462,,CarGurus,"Mason, OH — Becks Auto Group",https://www.cargurus.com/Cars/listing/454133543?sourceContext=autotempest&cgfv=1.18&cgfr=5&cgfab=Q&px8324=p110&dnetworktype=r&cgfdate=2026929&cgfloc=en
2024 BMW M3,"$86,988","8,723 mi.",2024,BMW,M3,,WBS53AY0XRFS11202,,CarGurus,"New Albany, IN — Hypercars Llc",https://www.cargurus.com/Cars/listing/454026275?sourceContext=autotempest&cgfv=1.2&cgfr=5&cgfab=Q&px8324=p110&dnetworktype=r&cgfdate=2026929&cgfloc=en
2022 BMW M3 Competition xDrive,"$80,171","32,657 mi.",2022,BMW,M3,M3 xDrive Competition,WBS43AY00NFN13331,,Cars.com,"Davenport, IA — Kimberly Car City",https://www.cars.com/vehicledetail/0be14d92-fd47-49ee-b993-9f406c402d20/?aff=atempest&utm_campaign=atempest&utm_source=autotempest&utm_medium=trp&utm_campaign_id=1&utm_trusted=TRUE
2023 BMW M3 Competition xDrive,"$71,984","56,327 mi.",2023,BMW,M3,M3 xDrive Competition,WBS43AY06PFN96637,,Cars.com,"Spokane, WA — Bmw Of Spokane",https://www.cars.com/vehicledetail/de32f3c9-ec44-4db7-a6b3-a38dc57145d1/?aff=atempest&utm_campaign=atempest&utm_source=autotempest&utm_medium=trp&utm_campaign_id=1&utm_trusted=TRUE
2026 BMW M3 Competition xDrive,"$95,599","1,531 mi.",2026,BMW,M3,M3 xDrive Competition,WBS33HJ07TFW33932,,CarGurus,"Fishers, IN — Fishers Imports",https://www.cargurus.com/Cars/listing/452798763?sourceContext=autotempest&cgfv=1.22&cgfr=2&cgfab=Q&px8324=p110&dnetworktype=r&cgfdate=2026929&cgfloc=en
2023 BMW M3 Competition,"$72,704","28,155 mi.",2023,BMW,M3,M3 Competition,WBS33AY07PFN44719,,Cars.com,"Buford, GA — Alm Mall Of Ga",https://www.cars.com/vehicledetail/198824eb-f54f-4dad-8a2f-6e1e1f49d36f/?aff=atempest&utm_campaign=atempest&utm_source=autotempest&utm_medium=trp&utm_campaign_id=1&utm_trusted=TRUE
2022 BMW M3 Competition xDrive,"$77,223","23,973 mi.",2022,BMW,M3,M3 xDrive Competition,WBS43AY02NFM37126,,Cars.com,"Plano, TX — Sewell Bmw Mini Of Plano",https://www.cars.com/vehicledetail/477de0eb-ed4a-46fc-8ba2-d016c0610181/?aff=atempest&utm_campaign=atempest&utm_source=autotempest&utm_medium=trp&utm_campaign_id=1&utm_trusted=TRUE
2024 BMW M3 CS,"$114,278","11,395 mi.",2024,BMW,M3,,WBS63AY03RFR92259,,Cars.com,"Kingsport, TN — Rick Hill Imports - Bmw Mercedes-Benz",https://www.cars.com/vehicledetail/196c1f91-3b83-4879-8049-e297c6a57900/?aff=atempest&utm_campaign=atempest&utm_source=autotempest&utm_medium=trp&utm_campaign_id=1&utm_trusted=TRUE
2023 BMW M3 Competition xDrive,"$78,373","50,403 mi.",2023,BMW,M3,M3 xDrive Competition,WBS43AY07PFP53141,,Cars.com,"Joliet, IL — Motor Cars Of Chicago",https://www.cars.com/vehicledetail/ce9e8008-e1c2-4ddf-97d1-27b8774d7e4d/?aff=atempest&utm_campaign=atempest&utm_source=autotempest&utm_medium=trp&utm_campaign_id=1&utm_trusted=TRUE
2023 BMW M3 Competition xDrive,"$91,373","12,613 mi.",2023,BMW,M3,M3 xDrive Competition,WBS43AY00PFP29523,,Cars.com,"Joliet, IL — Motor Cars Of Chicago",https://www.cars.com/vehicledetail/334ca50e-df36-4f5a-bed6-5406d030d6db/?aff=atempest&utm_campaign=atempest&utm_source=autotempest&utm_medium=trp&utm_campaign_id=1&utm_trusted=TRUE
2023 BMW M3,"$69,525","23,346 mi.",2023,BMW,M3,,WBS53AY06PFP80979,,CarGurus,"Marietta, GA — Porsche Atlanta Northwest",https://www.cargurus.com/Cars/listing/452364991?sourceContext=autotempest&cgfv=1.14&cgfr=1&cgfab=Q&px8324=p110&dnetworktype=r&cgfdate=2026929&cgfloc=en
2023 BMW M3 Competition xDrive,"$76,648","41,640 mi.",2023,BMW,M3,M3 xDrive Competition,WBS43AY06PFN88988,,Cars.com,"Kennesaw, GA — Grand Motorcars Kennesaw",https://www.cars.com/vehicledetail/1096807f-f462-45bd-9aa7-b4265f90d124/?aff=atempest&utm_campaign=atempest&utm_source=autotempest&utm_medium=trp&utm_campaign_id=1&utm_trusted=TRUE
2024 BMW M3 Competition xDrive,"$83,988","25,457 mi.",2024,BMW,M3,M3 xDrive Competition,WBS43AY04RFT07225,,Cars.com,"Columbus, OH — Mark Wahlberg Chevrolet",https://www.cars.com/vehicledetail/5d01316c-b850-4d53-979a-1ee0f9c702dc/?aff=atempest&utm_campaign=atempest&utm_source=autotempest&utm_medium=trp&utm_campaign_id=1&utm_trusted=TRUE
2025 BMW M3 Competition,"$75,999","21,000 mi.",2025,BMW,M3,M3 Competition,WBS23HJ0XSFU61700,,Cars.com,"Layton, UT — Young Chrysler Dodge Ram",https://www.cars.com/vehicledetail/1e52c957-0a34-4198-ab20-479a55b29191/?aff=atempest&utm_campaign=atempest&utm_source=autotempest&utm_medium=trp&utm_campaign_id=1&utm_trusted=TRUE
2024 BMW M3,"$76,063","21,744 mi.",2024,BMW,M3,,WBS53AY02RFR55652,,CarGurus,"Bayside, NY — Infiniti City Of Queens",https://www.cargurus.com/Cars/listing/451414818?sourceContext=autotempest&cgfv=1.17&cgfr=2&cgfab=Q&px8324=p110&dnetworktype=r&cgfdate=2026929&cgfloc=en
2026 BMW M3 Competition xDrive,"$92,599","3,164 mi.",2026,BMW,M3,M3 xDrive Competition,WBS33HJ0XTFW49607,,Cars.com,"Verona, NJ — Decozen Chrysler Jeep Dodge Ram",https://www.cars.com/vehicledetail/464056e1-7c4b-487a-90cc-e3f19bcc6343/?aff=atempest&utm_campaign=atempest&utm_source=autotempest&utm_medium=trp&utm_campaign_id=1&utm_trusted=TRUE
2021 BMW M3,"$64,393","29,554 mi.",2021,BMW,M3,,WBS53AY07MFK83399,,Cars.com,"Milford, OH — Crossroads Car And Truck",https://www.cars.com/vehicledetail/792c69d8-b649-4797-ae1a-5c6bfeccfc93/?aff=atempest&utm_campaign=atempest&utm_source=autotempest&utm_medium=trp&utm_campaign_id=1&utm_trusted=TRUE
2025 BMW M3 Competition xDrive,"$89,900","3,706 mi.",2025,BMW,M3,M3 xDrive Competition,WBS33HJ00SFV23027,,CarGurus,"Puyallup, WA — Legend Auto Sales",https://www.cargurus.com/Cars/listing/432536759?sourceContext=autotempest&cgfv=1.21&cgfr=2&cgfab=Q&px8324=p110&dnetworktype=r&cgfdate=2026929&cgfloc=en
2021 BMW M3 Competition,"$73,990","17,007 mi.",2021,BMW,M3,M3 Competition,WBS33AY0XMFL26057,,Cars.com,"Miami, FL — Ocean Auto Club",https://www.cars.com/vehicledetail/05581c8f-8d3e-4a37-931f-88a135c13093/?aff=atempest&utm_campaign=atempest&utm_source=autotempest&utm_medium=trp&utm_campaign_id=1&utm_trusted=TRUE
2024 BMW M3 CS,"$137,912","2,957 mi.",2024,BMW,M3,,WBS63AY07RFP96082,,Cars.com,"West Chicago, IL — Chicago Motor Cars",https://www.cars.com/vehicledetail/650d4974-15ae-41d9-98d7-5b409f77d778/?aff=atempest&utm_campaign=atempest&utm_source=autotempest&utm_medium=trp&utm_campaign_id=1&utm_trusted=TRUE
2025 BMW M3,"$78,263","15,495 mi.",2025,BMW,M3,,WBS13HJ08SFU30862,,CarGurus,"Nanuet, NY — Platinum Automall Of Rockland",https://www.cargurus.com/Cars/listing/437928735?sourceContext=autotempest&cgfv=1.18&cgfr=2&cgfab=Q&px8324=p110&dnetworktype=r&cgfdate=2026929&cgfloc=en
2026 BMW M3 Competition xDrive,"$90,536",256 mi.,2026,BMW,M3,M3 xDrive Competition,WBS33HJ02TFV63417,,CarGurus,"Delray Beach, FL — The Platinum Collection",https://www.cargurus.com/Cars/listing/428692423?sourceContext=autotempest&cgfv=1.21&cgfr=1&cgfab=Q&px8324=p110&dnetworktype=r&cgfdate=2026929&cgfloc=en
2025 BMW M3 Competition,"$81,164","8,218 mi.",2025,BMW,M3,M3 Competition,WBS23HJ05SFU07642,,Cars.com,"Marietta, GA — Alm Marietta",https://www.cars.com/vehicledetail/9588be91-59c9-49b2-9915-b721054fb6ff/?aff=atempest&utm_campaign=atempest&utm_source=autotempest&utm_medium=trp&utm_campaign_id=1&utm_trusted=TRUE
2023 BMW M3 Competition xDrive Sedan,"$53,900","64,230 mi.",2023,BMW,M3,M3 xDrive Competition,WBS43AY09PFN44984,,Cars.com,"Hollywood, FL — Sv Motors Inc",https://www.cars.com/vehicledetail/5b616d85-fcd0-41b2-a971-0cd66c76d3c5/?aff=atempest&utm_campaign=atempest&utm_source=autotempest&utm_medium=trp&utm_campaign_id=1&utm_trusted=TRUE
2022 BMW M3,"$65,308","37,775 mi.",2022,BMW,M3,,WBS53AY08NFL86610,,Cars.com,"Spokane, WA — Bmw Of Spokane",https://www.cars.com/vehicledetail/f15c1bb5-ebd3-457f-b95b-f52bfee82731/?aff=atempest&utm_campaign=atempest&utm_source=autotempest&utm_medium=trp&utm_campaign_id=1&utm_trusted=TRUE
2022 BMW M3 Competition xDrive Sedan,Inquire,"52,901 mi.",2022,BMW,M3,M3 xDrive Competition,WBS43AY08NFM65884,,Cars.com,"Inglewood, CA — La City Cars",https://www.cars.com/vehicledetail/08c577f0-3e98-429d-a505-24236647e610/?aff=atempest&utm_campaign=atempest&utm_source=autotempest&utm_medium=trp&utm_campaign_id=1&utm_trusted=TRUE
2021 BMW M3 Competition,Inquire,"57,904 mi.",2021,BMW,M3,M3 Competition,WBS33AY09MFL30133,,Cars.com,"Las Vegas, NV — The Collezione By Thecarwiz",https://www.cars.com/vehicledetail/7bda7ddf-1277-4e80-8135-a3d372e0bbba/?aff=atempest&utm_campaign=atempest&utm_source=autotempest&utm_medium=trp&utm_campaign_id=1&utm_trusted=TRUE
2025 BMW M3,Inquire,"9,728 mi.",2025,BMW,M3,,WBS13HJ00SFV03982,,Cars.com,"Nashua, NH — Tulley Bmw Of Nashua",https://www.cars.com/vehicledetail/e417fa58-5471-4d87-9e79-7814cf994495/?aff=atempest&utm_campaign=atempest&utm_source=autotempest&utm_medium=trp&utm_campaign_id=1&utm_trusted=TRUE
2022 BMW M3 Sedan,Inquire,"47,341 mi.",2022,BMW,M3,,WBS53AY0XNFL73406,,Cars.com,"Columbus, OH — Auto Boutique Of Columbus",https://www.cars.com/vehicledetail/41b844e7-1c7d-4ce6-ad9e-44c7f797a2d1/?aff=atempest&utm_campaign=atempest&utm_source=autotempest&utm_medium=trp&utm_campaign_id=1&utm_trusted=TRUE
2022 BMW M3 Competition xDrive,Inquire,"48,428 mi.",2022,BMW,M3,M3 xDrive Competition,WBS43AY05NFL62986,,Cars.com,"Columbia, SC — Golden Motors",https://www.cars.com/vehicledetail/b1399478-dc6d-40ef-a0a6-984198f981af/?aff=atempest&utm_campaign=atempest&utm_source=autotempest&utm_medium=trp&utm_campaign_id=1&utm_trusted=TRUE
2023 BMW M3 Competition xDrive,Inquire,"36,055 mi.",2023,BMW,M3,M3 xDrive Competition,WBS43AY08PFP55433,,Cars.com,"Richmond Hill, NY — Six Stars Auto Sales Inc",https://www.cars.com/vehicledetail/e95adba8-8281-49c8-8976-c91c0ea42442/?aff=atempest&utm_campaign=atempest&utm_source=autotempest&utm_medium=trp&utm_campaign_id=1&utm_trusted=TRUE
2021 BMW M3 Competition,Inquire,"39,490 mi.",2021,BMW,M3,M3 Competition,WBS33AY00MFL60265,,Cars.com,"Miami, FL — Ocean Auto Club",https://www.cars.com/vehicledetail/fdb39186-610f-4986-97df-f643e0258c4f/?aff=atempest&utm_campaign=atempest&utm_source=autotempest&utm_medium=trp&utm_campaign_id=1&utm_trusted=TRUE
2022 BMW M3 Competition xDrive Sedan,Inquire,"49,106 mi.",2022,BMW,M3,M3 xDrive Competition,WBS43AY05NFM30543,,Cars.com,"Massapequa Park, NY — Power Motors East",https://www.cars.com/vehicledetail/a2b2edc8-9d0e-4629-bc1b-c93beb7216a3/?aff=atempest&utm_campaign=atempest&utm_source=autotempest&utm_medium=trp&utm_campaign_id=1&utm_trusted=TRUE
2024 BMW M3,"$86,988","11,454 mi.",2024,BMW,M3,,WBS53AY06RFS82610,,CarGurus,"New Albany, IN — Hypercars Llc",https://www.cargurus.com/Cars/listing/458027324?sourceContext=autotempest&cgfv=1.2&cgfr=7&cgfab=Q&px8324=p110&dnetworktype=r&cgfdate=2026929&cgfloc=en
2024 BMW M3 Competition xDrive,"$87,965","22,772 mi.",2024,BMW,M3,M3 xDrive Competition,WBS43AY09RFT18043,,CarGurus,"Fishers, IN — Fishers Imports",https://www.cargurus.com/Cars/listing/460096306?sourceContext=autotempest&cgfv=1.21&cgfr=5&cgfab=Q&px8324=p110&dnetworktype=r&cgfdate=2026929&cgfloc=en
2025 BMW M3 Competition xDrive,"$92,038","8,592 mi.",2025,BMW,M3,M3 xDrive Competition,WBS33HJ09SFU21161,,Cars.com,"Fargo, ND — Corwin Toyota Of Fargo",https://www.cars.com/vehicledetail/66e25c47-0a2f-433b-9ca4-0c7244dacc59/?aff=atempest&utm_campaign=atempest&utm_source=autotempest&utm_medium=trp&utm_campaign_id=1&utm_trusted=TRUE
2023 BMW M3 Competition,Inquire,"40,321 mi.",2023,BMW,M3,M3 Competition,WBS33AY05PFN35386,,Cars.com,"Atlanta, GA — Ax Auto Inc.",https://www.cars.com/vehicledetail/1da575b7-127d-4477-80b2-ac211fd23646/?aff=atempest&utm_campaign=atempest&utm_source=autotempest&utm_medium=trp&utm_campaign_id=1&utm_trusted=TRUE
2024 BMW M3,"$90,000","28,750 mi.",2024,BMW,M3,,WBS53AY00RFS89987,,Cars.com,"GLENDALE, AZ",https://www.cars.com/vehicledetail/5a154e6e-9f3a-4be8-b789-dee0b1aaf47d/?aff=atempst&utm_campaign=atempst&utm_source=autotempest&utm_medium=trp&utm_campaign_id=1&utm_trusted=TRUE
2023 BMW M3 Competition xDrive,"$85,985","33,560 mi.",2023,BMW,M3,M3 xDrive Competition,WBS43AY09PFN68895,,Cars.com,"AURORA, CO",https://www.cars.com/vehicledetail/5dd1120a-de91-4b75-b75b-21c96aa306f6/?aff=atempst&utm_campaign=atempst&utm_source=autotempest&utm_medium=trp&utm_campaign_id=1&utm_trusted=TRUE
2025 BMW M3 Competition xDrive,"$89,888","4,414 mi.",2025,BMW,M3,M3 xDrive Competition,WBS33HJ01SFU62335,,Cars.com,"LITITZ, PA",https://www.cars.com/vehicledetail/8c4efeef-4c28-4363-938c-dba6d737b124/?aff=atempst&utm_campaign=atempst&utm_source=autotempest&utm_medium=trp&utm_campaign_id=1&utm_trusted=TRUE
2021 BMW M3 Competition,"$77,000","18,700 mi.",2021,BMW,M3,M3 Competition,WBS33AY00MFL14256,,Cars.com,"LUTZ, FL",https://www.cars.com/vehicledetail/f908ae34-156b-4003-8d34-ec462d13e41a/?aff=atempst&utm_campaign=atempst&utm_source=autotempest&utm_medium=trp&utm_campaign_id=1&utm_trusted=TRUE
2026 BMW M3 Competition xDrive,"$98,500","4,500 mi.",2026,BMW,M3,M3 xDrive Competition,WBS33HJ02TFV89967,,Cars.com,,https://www.cars.com/vehicledetail/22f81985-4681-4b04-ab89-abefc9b86972/?aff=atempst&utm_campaign=atempst&utm_source=autotempest&utm_medium=trp&utm_campaign_id=1&utm_trusted=TRUE
2023 BMW M3,"$72,000","40,500 mi.",2023,BMW,M3,,WBS53AY09PFP48687,,Cars.com,"ODESSA, FL",https://www.cars.com/vehicledetail/5eb13cf3-b4fe-463f-948a-be9fc02498de/?aff=atempst&utm_campaign=atempst&utm_source=autotempest&utm_medium=trp&utm_campaign_id=1&utm_trusted=TRUE
2024 BMW M3 CS,"$112,399","17,031 mi.",,,,,,,eBay,"Fort Lauderdale, FL",https://www.ebay.com/itm/128103797431?hash=item1dd394d2b7%3Ag%3Aap8AAeSwDDdqVuQK&mkevt=1&mkcid=1&mkrid=711-53200-19255-0&campid=5337650957&customid=&toolid=10049
2023 BMW M3 Competition,"$80,399","26,565 mi.",,,,,,,eBay,"Fort Lauderdale, FL",https://www.ebay.com/itm/128100746304?hash=item1dd3664440%3Ag%3A37gAAeSwHQBqik3W&mkevt=1&mkcid=1&mkrid=711-53200-19255-0&campid=5337650957&customid=&toolid=10049
2022 BMW M3 Competition,"$71,399","33,264 mi.",,,,,,,eBay,"Fort Lauderdale, FL",https://www.ebay.com/itm/128100099905?hash=item1dd35c6741%3Ag%3AfesAAeSwXyBqdfNh&mkevt=1&mkcid=1&mkrid=711-53200-19255-0&campid=5337650957&customid=&toolid=10049
2024 BMW M3 Competition,"$85,399","23,281 mi.",,,,,,,eBay,"Fort Lauderdale, FL",https://www.ebay.com/itm/128098724771?hash=item1dd3476ba3%3Ag%3AWsEAAeSwCjBqtswo&mkevt=1&mkcid=1&mkrid=711-53200-19255-0&campid=5337650957&customid=&toolid=10049
"2024 BMW M3 CS Sedan Frozen White! Only 2,900 Miles! M...","$137,912","2,957 mi.",,,,,,,eBay,"West Chicago, IL",https://www.ebay.com/itm/158338534117?hash=item24ddb64ae5%3Ag%3A%7EoUAAeSwBLNqRlnu&mkevt=1&mkcid=1&mkrid=711-53200-19255-0&campid=5337650957&customid=&toolid=10049
"2023 BMW M3 1 of 2 Atlantic Blue Individual, 6-Speed...",,"22,000 mi.",,,,,,,eBay,"Ocoee, FL",https://www.ebay.com/itm/398422624115?hash=item5cc3d6c773%3Ag%3Aa5UAAeSw8Ghp7tDy&mkevt=1&mkcid=1&mkrid=711-53200-19255-0&campid=5337650957&customid=&toolid=10049
2023 BMW M3 COMPETITION,"$74,999","21,739 mi.",2023,BMW,M3,M3 xDrive Competition,WBS43AY07PFN36690,,eBay,"Andover, MN",https://www.ebay.com/itm/298686123157?hash=item458b148c95%3Ag%3A%7EnQAAeSw69RqsKLc&mkevt=1&mkcid=1&mkrid=711-53200-19255-0&campid=5337650957&customid=&toolid=10049
2025 BMW M3,"$91,000","9,346 mi.",2025,BMW,M3,,WBS13HJ00SFV31507,,eBay,"Franklin Lakes, NJ",https://www.ebay.com/itm/117414294633?hash=item1b566ff469%3Ag%3AhnMAAeSwamhqqbp4&mkevt=1&mkcid=1&mkrid=711-53200-19255-0&campid=5337650957&customid=&toolid=10049
"2024 BMW M3 CS Sedan Frozen White! Only 2,900 Miles! M...","$139,800","2,957 mi.",,,,,,,eBay,"West Chicago, IL",https://www.ebay.com/itm/158261497848?hash=item24d91ecff8%3Ag%3A%7EoUAAeSwBLNqRlnu&mkevt=1&mkcid=1&mkrid=711-53200-19255-0&campid=5337650957&customid=&toolid=10049
2022 BMW M3,"$51,500","22,000 mi.",2022,BMW,M3,,WBS53AY00NFM59100,,eBay,"Mukilteo, WA",https://www.ebay.com/itm/800614464965?hash=itemba68573dc5%3Ag%3AfVsAAeSw2Ztqm3Pb&mkevt=1&mkcid=1&mkrid=711-53200-19255-0&campid=5337650957&customid=&toolid=10049
2027 BMW M3 Competition xDrive,"$94,735",10 mi.,2027,BMW,M3,M3 xDrive Competition,WBS33HJ06VFX54583,,CarGurus,"Valencia, CA — Valencia Bmw",https://www.cargurus.com/Cars/listing/460109975?sourceContext=autotempest&cgfv=1.22&cgfr=4&cgfab=Q&px8324=p110&dnetworktype=r&cgfdate=2026929&cgfloc=en
2021 BMW M3 Competition,"$69,998","40,532 mi.",2021,BMW,M3,M3 Competition,WBS33AY07MFL16778,,CarGurus,"Buena Park, CA — Carmax Buena Park",https://www.cargurus.com/Cars/listing/460027032?sourceContext=autotempest&cgfv=1.14&cgfr=5&cgfab=Q&px8324=p110&dnetworktype=r&cgfdate=2026929&cgfloc=en
2023 BMW M3 Competition xDrive,"$82,785","49,173 mi.",2023,BMW,M3,M3 xDrive Competition,WBS43AY01PFR28726,,CarGurus,"Santa Ana, CA — Ark 1 Automotive",https://www.cargurus.com/Cars/listing/459974619?sourceContext=autotempest&cgfv=1.19&cgfr=7&cgfab=Q&px8324=p110&dnetworktype=r&cgfdate=2026929&cgfloc=en
2023 BMW M3,"$85,080","15,325 mi.",2023,BMW,M3,,WBS53AY02PFR38296,,CarGurus,"Canoga Park, CA — Envy Automotive",https://www.cargurus.com/Cars/listing/459866935?sourceContext=autotempest&cgfv=1.2&cgfr=5&cgfab=Q&px8324=p110&dnetworktype=r&cgfdate=2026929&cgfloc=en
2021 BMW M3 Competition,"$62,998","59,028 mi.",2021,BMW,M3,M3 Competition,WBS33AY07MFK56954,,CarGurus,"Palmdale, CA — Carmax Palmdale",https://www.cargurus.com/Cars/listing/459755922?sourceContext=autotempest&cgfv=1.1&cgfr=5&cgfab=Q&px8324=p110&dnetworktype=r&cgfdate=2026929&cgfloc=en
2027 BMW M3,"$93,310",15 mi.,2027,BMW,M3,CS,WBS13HJ05VFX25549,,CarGurus,"Santa Monica, CA — Fletcher Jones Bmw Of Santa Monica",https://www.cargurus.com/Cars/listing/459515380?sourceContext=autotempest&cgfv=1.22&cgfr=4&cgfab=Q&px8324=p110&dnetworktype=r&cgfdate=2026929&cgfloc=en
2027 BMW M3 Competition xDrive,"$99,147",5 mi.,2027,BMW,M3,M3 xDrive Competition,WBS33HJ05VFX34048,,CarGurus,"Torrance, CA — South Bay Bmw Mini",https://www.cargurus.com/Cars/listing/459437231?sourceContext=autotempest&cgfv=1.22&cgfr=4&cgfab=Q&px8324=p110&dnetworktype=r&cgfdate=2026929&cgfloc=en
2024 BMW M3,"$82,010","12,370 mi.",2024,BMW,M3,,WBS53AY03RFS17374,,CarGurus,"Riverside, CA — Bmw Of Riverside",https://www.cargurus.com/Cars/listing/453755059?sourceContext=autotempest&cgfv=1.19&cgfr=5&cgfab=Q&px8324=p110&dnetworktype=r&cgfdate=2026929&cgfloc=en
2027 BMW M3 Competition,"$93,095",12 mi.,2027,BMW,M3,M3 Competition,WBS23HJ07VFX24861,,CarGurus,"Studio City, CA — Century West Bmw",https://www.cargurus.com/Cars/listing/459232312?sourceContext=autotempest&cgfv=1.22&cgfr=4&cgfab=Q&px8324=p110&dnetworktype=r&cgfdate=2026929&cgfloc=en
2025 BMW M3 Competition xDrive,"$99,728","1,600 mi.",2025,BMW,M3,M3 xDrive Competition,WBS33HJ01SFV08889,,CarGurus,"Orange, CA — Nissan Of Orange",https://www.cargurus.com/Cars/listing/459194601?sourceContext=autotempest&cgfv=1.23&cgfr=7&cgfab=Q&px8324=p110&dnetworktype=r&cgfdate=2026929&cgfloc=en
2027 BMW M3,"$111,160",,2027,BMW,M3,CS,WBS13HJ0XVFX53072,,CarGurus,"Monrovia, CA — Bmw Of Monrovia",https://www.cargurus.com/Cars/listing/459097006?sourceContext=autotempest&cgfv=1.23&cgfr=4&cgfab=Q&px8324=p110&dnetworktype=r&cgfdate=2026929&cgfloc=en
2026 BMW M3 Competition xDrive,"$116,888","5,253 mi.",2026,BMW,M3,M3 xDrive Competition,WBS33HJ06TFV85498,,Cars.com,"Costa Mesa, CA — Oc Autosource",https://www.cars.com/vehicledetail/bc42d89a-3791-4c88-b8c7-2d56c12e9ad5/?aff=atempest&utm_campaign=atempest&utm_source=autotempest&utm_medium=trp&utm_campaign_id=1&utm_trusted=TRUE
2027 BMW M3 Competition xDrive,"$100,435",,2027,BMW,M3,M3 xDrive Competition,WBS33HJ09VFX40841,,CarGurus,"Los Angeles, CA — Beverly Hills Bmw",https://www.cargurus.com/Cars/listing/458856313?sourceContext=autotempest&cgfv=1.23&cgfr=4&cgfab=Q&px8324=p110&dnetworktype=r&cgfdate=2026929&cgfloc=en
2027 BMW M3 Competition,"$89,650",8 mi.,2027,BMW,M3,M3 Competition,WBS23HJ0XVFX22098,,CarGurus,"Studio City, CA — Century West Bmw",https://www.cargurus.com/Cars/listing/458770124?sourceContext=autotempest&cgfv=1.21&cgfr=4&cgfab=Q&px8324=p110&dnetworktype=r&cgfdate=2026929&cgfloc=en
2025 BMW M3,"$83,973","7,822 mi.",2025,BMW,M3,,WBS13HJ0XSFU51504,,CarGurus,"Santa Ana, CA — Crevier Bmw",https://www.cargurus.com/Cars/listing/458729874?sourceContext=autotempest&cgfv=1.2&cgfr=5&cgfab=Q&px8324=p110&dnetworktype=r&cgfdate=2026929&cgfloc=en
2024 BMW M3,"$87,038","9,345 mi.",2024,BMW,M3,,WBS53AY05RFS82792,,CarGurus,"Orange, CA — Nissan Of Orange",https://www.cargurus.com/Cars/listing/451283098?sourceContext=autotempest&cgfv=1.21&cgfr=7&cgfab=Q&px8324=p110&dnetworktype=r&cgfdate=2026929&cgfloc=en
2025 BMW M3 Competition xDrive,"$95,121","7,094 mi.",2025,BMW,M3,M3 xDrive Competition,WBS33HJ08SFV33403,,CarGurus,"Cerritos, CA — Norm Reeves Hyundai",https://www.cargurus.com/Cars/listing/458380711?sourceContext=autotempest&cgfv=1.22&cgfr=5&cgfab=Q&px8324=p110&dnetworktype=r&cgfdate=2026929&cgfloc=en
2021 BMW M3,"$72,052","32,818 mi.",2021,BMW,M3,,WBS53AY0XMFL31929,,CarGurus,"Redondo Beach, CA — Redondo Mitsubishi",https://www.cargurus.com/Cars/listing/450666777?sourceContext=autotempest&cgfv=1.15&cgfr=5&cgfab=Q&px8324=p110&dnetworktype=r&cgfdate=2026929&cgfloc=en
2022 BMW M3,"$69,341","31,977 mi.",2022,BMW,M3,,WBS53AY07NFM36896,,CarGurus,"Santa Ana, CA — Alsbou Motors Santa Ana",https://www.cargurus.com/Cars/listing/458257786?sourceContext=autotempest&cgfv=1.14&cgfr=2&cgfab=Q&px8324=p110&dnetworktype=r&cgfdate=2026929&cgfloc=en
2027 BMW M3 Competition,"$93,437",2 mi.,2027,BMW,M3,M3 Competition,WBS23HJ03VFX24999,,CarGurus,"Norwalk, CA — Mckenna Bmw",https://www.cargurus.com/Cars/listing/458010027?sourceContext=autotempest&cgfv=1.22&cgfr=4&cgfab=Q&px8324=p110&dnetworktype=r&cgfdate=2026929&cgfloc=en
2027 BMW M3 Competition,"$95,820",1 mi.,2027,BMW,M3,M3 Competition,WBS23HJ0XVFX21906,,CarGurus,"Los Angeles, CA — Beverly Hills Bmw",https://www.cargurus.com/Cars/listing/457916810?sourceContext=autotempest&cgfv=1.22&cgfr=4&cgfab=Q&px8324=p110&dnetworktype=r&cgfdate=2026929&cgfloc=en
2026 BMW M3 Competition xDrive,"$101,620","4,282 mi.",2026,BMW,M3,M3 xDrive Competition,WBS33HJ09TFW07932,,CarGurus,"Riverside, CA — Bmw Of Riverside",https://www.cargurus.com/Cars/listing/457832354?sourceContext=autotempest&cgfv=1.23&cgfr=7&cgfab=Q&px8324=p110&dnetworktype=r&cgfdate=2026929&cgfloc=en
2027 BMW M3 Competition xDrive,"$89,999","10,467 mi.",2027,BMW,M3,M3 xDrive Competition,WBS33HJ06VFW72188,,CarGurus,"Fontana, CA — Rotolo Chevrolet Incorporated",https://www.cargurus.com/Cars/listing/457417800?sourceContext=autotempest&cgfv=1.21&cgfr=2&cgfab=Q&px8324=p110&dnetworktype=r&cgfdate=2026929&cgfloc=en
2024 BMW M3 Competition xDrive,"$67,862","10,500 mi.",2024,BMW,M3,M3 xDrive Competition,WBS43AY03RFT56948,,CarGurus,"Riverside, CA — Ie Auto Sales",https://www.cargurus.com/Cars/listing/457082565?sourceContext=autotempest&cgfv=1.13&cgfr=4&cgfab=Q&px8324=p110&dnetworktype=r&cgfdate=2026929&cgfloc=en
2024 BMW M3 Competition xDrive,"$84,229","27,122 mi.",2024,BMW,M3,M3 xDrive Competition,WBS43AY06RFS30471,,CarGurus,"Costa Mesa, CA — Carbeeco",https://www.cargurus.com/Cars/listing/456990213?sourceContext=autotempest&cgfv=1.2&cgfr=2&cgfab=Q&px8324=p110&dnetworktype=r&cgfdate=2026929&cgfloc=en
2021 BMW M3 Competition,"$78,585","17,665 mi.",2021,BMW,M3,M3 Competition,WBS33AY00MFL42123,,CarGurus,"Anaheim, CA — Jstar Chrysler Jeep Dodge Ram",https://www.cargurus.com/Cars/listing/456971981?sourceContext=autotempest&cgfv=1.18&cgfr=5&cgfab=Q&px8324=p110&dnetworktype=r&cgfdate=2026929&cgfloc=en
2024 BMW M3 Competition,"$81,728","16,220 mi.",2024,BMW,M3,M3 Competition,WBS33AY00RFR58136,,CarGurus,"Costa Mesa, CA — Obzu Autos",https://www.cargurus.com/Cars/listing/446540240?sourceContext=autotempest&cgfv=1.19&cgfr=2&cgfab=Q&px8324=p110&dnetworktype=r&cgfdate=2026929&cgfloc=en
2026 BMW M3,"$90,955","3,493 mi.",2026,BMW,M3,,WBS13HJ02TFV81391,,CarGurus,"Studio City, CA — Century West Bmw",https://www.cargurus.com/Cars/listing/456343089?sourceContext=autotempest&cgfv=1.21&cgfr=7&cgfab=Q&px8324=p110&dnetworktype=r&cgfdate=2026929&cgfloc=en
2021 BMW M3 Competition,"$74,885","34,341 mi.",2021,BMW,M3,M3 Competition,WBS33AY0XMFK82321,,CarGurus,"Anaheim, CA — Jstar Chrysler Jeep Dodge Ram",https://www.cargurus.com/Cars/listing/456086196?sourceContext=autotempest&cgfv=1.17&cgfr=5&cgfab=Q&px8324=p110&dnetworktype=r&cgfdate=2026929&cgfloc=en
2021 BMW M3 Competition,"$71,965","31,993 mi.",2021,BMW,M3,M3 Competition,WBS33AY00MFK56956,,CarGurus,"Los Angeles, CA — Motorenn Inc",https://www.cargurus.com/Cars/listing/455520561?sourceContext=autotempest&cgfv=1.15&cgfr=2&cgfab=Q&px8324=p110&dnetworktype=r&cgfdate=2026929&cgfloc=en
2023 BMW M3 Competition xDrive,"$96,118","43,440 mi.",2023,BMW,M3,M3 xDrive Competition,WBS43AY03PFP09167,,CarGurus,"Irvine, CA — Scuderia Motorcars",https://www.cargurus.com/Cars/listing/455239318?sourceContext=autotempest&cgfv=1.22&cgfr=8&cgfab=Q&px8324=p110&dnetworktype=r&cgfdate=2026929&cgfloc=en
2027 BMW M3 Competition xDrive,"$96,822",13 mi.,2027,BMW,M3,M3 xDrive Competition,WBS33HJ08VFX28826,,CarGurus,"Glendale, CA — Pacific Bmw",https://www.cargurus.com/Cars/listing/455148702?sourceContext=autotempest&cgfv=1.22&cgfr=4&cgfab=Q&px8324=p110&dnetworktype=r&cgfdate=2026929&cgfloc=en
2027 BMW M3 Competition xDrive,"$99,192",5 mi.,2027,BMW,M3,M3 xDrive Competition,WBS33HJ05VFX32199,,CarGurus,"Riverside, CA — Bmw Of Riverside",https://www.cargurus.com/Cars/listing/455162518?sourceContext=autotempest&cgfv=1.22&cgfr=4&cgfab=Q&px8324=p110&dnetworktype=r&cgfdate=2026929&cgfloc=en
2027 BMW M3 Competition xDrive,"$105,177",4 mi.,2027,BMW,M3,M3 xDrive Competition,WBS33HJ06VFX25536,,CarGurus,"Riverside, CA — Bmw Of Riverside",https://www.cargurus.com/Cars/listing/455162493?sourceContext=autotempest&cgfv=1.23&cgfr=4&cgfab=Q&px8324=p110&dnetworktype=r&cgfdate=2026929&cgfloc=en
2027 BMW M3 Competition xDrive,"$110,272",12 mi.,2027,BMW,M3,M3 xDrive Competition,WBS33HJ0XVFX26978,,CarGurus,"Glendale, CA — Pacific Bmw",https://www.cargurus.com/Cars/listing/455148715?sourceContext=autotempest&cgfv=1.23&cgfr=4&cgfab=Q&px8324=p110&dnetworktype=r&cgfdate=2026928&cgfloc=en
2027 BMW M3 Competition xDrive,"$110,772",4 mi.,2027,BMW,M3,M3 xDrive Competition,WBS33HJ05VFX23812,,CarGurus,"Riverside, CA — Bmw Of Riverside",https://www.cargurus.com/Cars/listing/455124622?sourceContext=autotempest&cgfv=1.23&cgfr=4&cgfab=Q&px8324=p110&dnetworktype=r&cgfdate=2026929&cgfloc=en
2027 BMW M3 Competition xDrive,"$98,637",15 mi.,2027,BMW,M3,M3 xDrive Competition,WBS33HJ05VFX28721,,CarGurus,"Glendale, CA — Pacific Bmw",https://www.cargurus.com/Cars/listing/454970133?sourceContext=autotempest&cgfv=1.22&cgfr=4&cgfab=Q&px8324=p110&dnetworktype=r&cgfdate=2026928&cgfloc=en
2025 BMW M3 Competition xDrive,"$97,925","16,799 mi.",2025,BMW,M3,M3 xDrive Competition,WBS33HJ02SFU19378,,CarGurus,"Los Angeles, CA — Bmw Of Downtown Los Angeles",https://www.cargurus.com/Cars/listing/454847521?sourceContext=autotempest&cgfv=1.22&cgfr=7&cgfab=Q&px8324=p110&dnetworktype=r&cgfdate=2026929&cgfloc=en
2027 BMW M3 Competition xDrive,"$101,787",12 mi.,2027,BMW,M3,M3 xDrive Competition,WBS33HJ02VFX27753,,CarGurus,"Glendale, CA — Pacific Bmw",https://www.cargurus.com/Cars/listing/454631005?sourceContext=autotempest&cgfv=1.23&cgfr=4&cgfab=Q&px8324=p110&dnetworktype=r&cgfdate=2026929&cgfloc=en
2025 BMW M3 Competition xDrive,"$85,972","23,566 mi.",2025,BMW,M3,M3 xDrive Competition,WBS33HJ0XSFV15081,,CarGurus,"Riverside, CA — Jaguar Land Rover Riverside",https://www.cargurus.com/Cars/listing/453437397?sourceContext=autotempest&cgfv=1.2&cgfr=2&cgfab=Q&px8324=p110&dnetworktype=r&cgfdate=2026928&cgfloc=en
2025 BMW M3 Competition xDrive,"$85,199","19,956 mi.",2025,BMW,M3,M3 xDrive Competition,WBS33HJ05SFT71150,,Cars.com,"Claremont, CA — Knight Claremont Chrysler Dodge Jeep Ram",https://www.cars.com/vehicledetail/74a46ce4-126b-4f21-b301-e6d517661863/?aff=atempest&utm_campaign=atempest&utm_source=autotempest&utm_medium=trp&utm_campaign_id=1&utm_trusted=TRUE
2027 BMW M3 Competition xDrive,"$106,922",5 mi.,2027,BMW,M3,M3 xDrive Competition,WBS33HJ07VFW78422,,CarGurus,"Torrance, CA — South Bay Bmw Mini",https://www.cargurus.com/Cars/listing/450643837?sourceContext=autotempest&cgfv=1.23&cgfr=4&cgfab=Q&px8324=p110&dnetworktype=r&cgfdate=2026929&cgfloc=en
2027 BMW M3 Competition,"$93,115",15 mi.,2027,BMW,M3,M3 Competition,WBS23HJ09VFW96805,,CarGurus,"Los Angeles, CA — Beverly Hills Bmw",https://www.cargurus.com/Cars/listing/448884004?sourceContext=autotempest&cgfv=1.22&cgfr=4&cgfab=Q&px8324=p110&dnetworktype=r&cgfdate=2026929&cgfloc=en
2025 BMW M3 Competition xDrive,"$81,117","37,085 mi.",2025,BMW,M3,M3 xDrive Competition,WBS33HJ06SFT99734,,CarGurus,"City Of Industry, CA — Puente Hills Ford",https://www.cargurus.com/Cars/listing/448061517?sourceContext=autotempest&cgfv=1.19&cgfr=2&cgfab=Q&px8324=p110&dnetworktype=r&cgfdate=2026929&cgfloc=en
2027 BMW M3 Competition,"$94,590",1 mi.,2027,BMW,M3,M3 Competition,WBS23HJ01VFW80503,,CarGurus,"Los Angeles, CA — Beverly Hills Bmw",https://www.cargurus.com/Cars/listing/447529158?sourceContext=autotempest&cgfv=1.22&cgfr=4&cgfab=Q&px8324=p110&dnetworktype=r&cgfdate=2026929&cgfloc=en
2023 BMW M3,"$68,080","10,976 mi.",2023,BMW,M3,,WBS53AY07PFN46267,,CarGurus,"Costa Mesa, CA — Pacific Auto Center - Costa Mesa",https://www.cargurus.com/Cars/listing/427475914?sourceContext=autotempest&cgfv=1.13&cgfr=1&cgfab=Q&px8324=p110&dnetworktype=r&cgfdate=2026929&cgfloc=en
2024 BMW M3 Competition,"$80,998","40,885 mi.",2024,BMW,M3,M3 xDrive Competition,WBS43AY05RFS27576,,TrueCar,"Norco, CA — Carmax Norco",https://www.truecar.com/used-cars-for-sale/listing/WBS43AY05RFS27576/?referrer_id=autotempest
2026 BMW M3 Competition,"$90,875","2,281 mi.",2026,BMW,M3,M3 xDrive Competition,WBS33HJ0XTFV60118,,TrueCar,"Anaheim, CA — Lithia Anaheim Hyundai",https://www.truecar.com/used-cars-for-sale/listing/WBS33HJ0XTFV60118/?referrer_id=autotempest
2026 BMW M3 Competition,"$89,529","15,765 mi.",2026,BMW,M3,M3 xDrive Competition,WBS33HJ04TFV51057,,TrueCar,"Sherman Oaks, CA — Bmw Of Sherman Oaks",https://www.truecar.com/used-cars-for-sale/listing/WBS33HJ04TFV51057/?referrer_id=autotempest
2024 BMW M3 Competition xDrive,"$93,076","18,135 mi.",2024,BMW,M3,M3 xDrive Competition,WBS43AY02RFT61915,,CarGurus,"Carlsbad, CA — Bmw Of Carlsbad",https://www.cargurus.com/Cars/listing/460110903?sourceContext=autotempest&cgfv=1.22&cgfr=7&cgfab=Q&px8324=p110&dnetworktype=r&cgfdate=2026929&cgfloc=en
2027 BMW M3 Competition xDrive,"$94,885",10 mi.,2027,BMW,M3,M3 xDrive Competition,WBS33HJ02VFX58307,,CarGurus,"Carlsbad, CA — Bmw Of Carlsbad",https://www.cargurus.com/Cars/listing/459921551?sourceContext=autotempest&cgfv=1.22&cgfr=4&cgfab=Q&px8324=p110&dnetworktype=r&cgfdate=2026929&cgfloc=en
2026 BMW M3 Competition xDrive,"$97,637","2,881 mi.",2026,BMW,M3,M3 xDrive Competition,WBS33HJ08TFW28593,,CarGurus,"Murrieta, CA — Bmw Of Murrieta",https://www.cargurus.com/Cars/listing/459968743?sourceContext=autotempest&cgfv=1.22&cgfr=5&cgfab=Q&px8324=p110&dnetworktype=r&cgfdate=2026929&cgfloc=en
2027 BMW M3,"$90,085",,2027,BMW,M3,CS,WBS13HJ01VFX57530,,CarGurus,"Camarillo, CA — Bmw Of Camarillo",https://www.cargurus.com/Cars/listing/459817161?sourceContext=autotempest&cgfv=1.21&cgfr=4&cgfab=Q&px8324=p110&dnetworktype=r&cgfdate=2026929&cgfloc=en
2027 BMW M3,"$97,185",10 mi.,2027,BMW,M3,CS,WBS13HJ03VFX57657,,CarGurus,"Carlsbad, CA — Bmw Of Carlsbad",https://www.cargurus.com/Cars/listing/459806898?sourceContext=autotempest&cgfv=1.22&cgfr=4&cgfab=Q&px8324=p110&dnetworktype=r&cgfdate=2026929&cgfloc=en
2026 BMW M3 Competition xDrive,"$94,888","2,596 mi.",2026,BMW,M3,M3 xDrive Competition,WBS33HJ06TFV95450,,CarGurus,"Carlsbad, CA — Bmw Of Carlsbad",https://www.cargurus.com/Cars/listing/459695061?sourceContext=autotempest&cgfv=1.22&cgfr=2&cgfab=Q&px8324=p110&dnetworktype=r&cgfdate=2026929&cgfloc=en
2023 BMW M3 Competition,"$83,573","26,212 mi.",2023,BMW,M3,M3 Competition,WBS33AY08PFP94423,,CarGurus,"Camarillo, CA — Bmw Of Camarillo",https://www.cargurus.com/Cars/listing/459623702?sourceContext=autotempest&cgfv=1.2&cgfr=8&cgfab=Q&px8324=p110&dnetworktype=r&cgfdate=2026929&cgfloc=en
2021 BMW M3 Competition,"$62,998","56,715 mi.",2021,BMW,M3,M3 Competition,WBS33AY00MFL38248,,CarGurus,"El Cajon, CA — Carmax El Cajon",https://www.cargurus.com/Cars/listing/458299214?sourceContext=autotempest&cgfv=1.1&cgfr=2&cgfab=Q&px8324=p110&dnetworktype=r&cgfdate=2026929&cgfloc=en
2025 BMW M3 Competition,"$81,800","25,907 mi.",2025,BMW,M3,M3 Competition,WBS23HJ04SFT94706,,CarGurus,"Camarillo, CA — Bmw Of Camarillo",https://www.cargurus.com/Cars/listing/458695951?sourceContext=autotempest&cgfv=1.19&cgfr=5&cgfab=Q&px8324=p110&dnetworktype=r&cgfdate=2026928&cgfloc=en
2022 BMW M3,"$77,998","15,206 mi.",2022,BMW,M3,,WBS53AY04NFM92021,,CarGurus,"Oxnard, CA — Carmax Oxnard",https://www.cargurus.com/Cars/listing/456769525?sourceContext=autotempest&cgfv=1.18&cgfr=5&cgfab=Q&px8324=p110&dnetworktype=r&cgfdate=2026929&cgfloc=en
2027 BMW M3,"$94,045",10 mi.,2027,BMW,M3,CS,WBS13HJ09VFX43956,,CarGurus,"Carlsbad, CA — Bmw Of Carlsbad",https://www.cargurus.com/Cars/listing/457617391?sourceContext=autotempest&cgfv=1.22&cgfr=4&cgfab=Q&px8324=p110&dnetworktype=r&cgfdate=2026929&cgfloc=en
2027 BMW M3 Competition xDrive,"$113,730",10 mi.,2027,BMW,M3,M3 xDrive Competition,WBS33HJ03VFX42617,,CarGurus,"Carlsbad, CA — Bmw Of Carlsbad",https://www.cargurus.com/Cars/listing/457273452?sourceContext=autotempest&cgfv=1.23&cgfr=4&cgfab=Q&px8324=p110&dnetworktype=r&cgfdate=2026929&cgfloc=en
2027 BMW M3 Competition xDrive,"$118,110",10 mi.,2027,BMW,M3,M3 xDrive Competition,WBS33HJ09VFX42315,,CarGurus,"Carlsbad, CA — Bmw Of Carlsbad",https://www.cargurus.com/Cars/listing/457154884?sourceContext=autotempest&cgfv=1.23&cgfr=4&cgfab=Q&px8324=p110&dnetworktype=r&cgfdate=2026929&cgfloc=en
2027 BMW M3 Competition xDrive,"$124,575",10 mi.,2027,BMW,M3,M3 xDrive Competition,WBS33HJ0XVFX27970,,CarGurus,"Carlsbad, CA — Bmw Of Carlsbad",https://www.cargurus.com/Cars/listing/457154887?sourceContext=autotempest&cgfv=1.24&cgfr=4&cgfab=Q&px8324=p110&dnetworktype=r&cgfdate=2026929&cgfloc=en
2027 BMW M3 Competition xDrive,"$104,680",10 mi.,2027,BMW,M3,M3 xDrive Competition,WBS33HJ0XVFX28939,,CarGurus,"Carlsbad, CA — Bmw Of Carlsbad",https://www.cargurus.com/Cars/listing/455181785?sourceContext=autotempest&cgfv=1.23&cgfr=4&cgfab=Q&px8324=p110&dnetworktype=r&cgfdate=2026929&cgfloc=en
2027 BMW M3 Competition xDrive,"$117,975",10 mi.,2027,BMW,M3,M3 xDrive Competition,WBS33HJ04VFX36230,,CarGurus,"Carlsbad, CA — Bmw Of Carlsbad",https://www.cargurus.com/Cars/listing/455181783?sourceContext=autotempest&cgfv=1.23&cgfr=4&cgfab=Q&px8324=p110&dnetworktype=r&cgfdate=2026929&cgfloc=en
2027 BMW M3 Competition xDrive,"$107,935",10 mi.,2027,BMW,M3,M3 xDrive Competition,WBS33HJ08VFX37042,,CarGurus,"Carlsbad, CA — Bmw Of Carlsbad",https://www.cargurus.com/Cars/listing/454763343?sourceContext=autotempest&cgfv=1.23&cgfr=4&cgfab=Q&px8324=p110&dnetworktype=r&cgfdate=2026928&cgfloc=en
2023 BMW M3 Competition,"$69,669","45,491 mi.",2023,BMW,M3,M3 Competition,WBS33AY07PFN27984,,Cars.com,"Concord, CA — Concord Toyota",https://www.cars.com/vehicledetail/89cb2314-5dd7-4d7c-9927-62b137602b48/?aff=atempest&utm_campaign=atempest&utm_source=autotempest&utm_medium=trp&utm_campaign_id=1&utm_trusted=TRUE
2027 BMW M3 Competition xDrive,"$99,649",10 mi.,2027,BMW,M3,M3 xDrive Competition,WBS33HJ07VFX58416,,CarGurus,"Henderson, NV — Bmw Of Henderson",https://www.cargurus.com/Cars/listing/459921440?sourceContext=autotempest&cgfv=1.22&cgfr=4&cgfab=Q&px8324=p110&dnetworktype=r&cgfdate=2026929&cgfloc=en
2025 BMW M3 Competition,"$89,886","24,979 mi.",2025,BMW,M3,M3 Competition,WBS23HJ06SFV35954,,CarGurus,"Gilbert, AZ — Lemaster Motorcars",https://www.cargurus.com/Cars/listing/459917061?sourceContext=autotempest&cgfv=1.21&cgfr=7&cgfab=Q&px8324=p110&dnetworktype=r&cgfdate=2026929&cgfloc=en
2027 BMW M3 Competition xDrive,"$99,185",10 mi.,2027,BMW,M3,M3 xDrive Competition,WBS33HJ06VFX57435,,CarGurus,"Fremont, CA — Bmw Of Fremont",https://www.cargurus.com/Cars/listing/459806755?sourceContext=autotempest&cgfv=1.22&cgfr=4&cgfab=Q&px8324=p110&dnetworktype=r&cgfdate=2026929&cgfloc=en
2027 BMW M3,"$111,449",10 mi.,2027,BMW,M3,CS,WBS13HJ06VFX57653,,CarGurus,"Tucson, AZ — Bmw Of Tucson",https://www.cargurus.com/Cars/listing/459806436?sourceContext=autotempest&cgfv=1.23&cgfr=4&cgfab=Q&px8324=p110&dnetworktype=r&cgfdate=2026929&cgfloc=en
2024 BMW M3 CS,"$139,991","2,713 mi.",2024,BMW,M3,,WBS63AY08RFS07671,,Cars.com,"Scottsdale, AZ — Auto Boom Llc",https://www.cars.com/vehicledetail/c7725320-dc36-43f8-b9f8-6669f0b119db/?aff=atempest&utm_campaign=atempest&utm_source=autotempest&utm_medium=trp&utm_campaign_id=1&utm_trusted=TRUE
2023 BMW M3,"$87,580","18,737 mi.",2023,BMW,M3,,WBS53AY07PFR37113,,CarGurus,"Phoenix, AZ — Chapman Bmw On Camelback",https://www.cargurus.com/Cars/listing/459850436?sourceContext=autotempest&cgfv=1.21&cgfr=8&cgfab=Q&px8324=p110&dnetworktype=r&cgfdate=2026929&cgfloc=en
2021 BMW M3 Competition,"$68,995","57,068 mi.",2021,BMW,M3,M3 Competition,WBS33AY00MFK83039,,CarGurus,"Newark, CA — Fremont Mazda",https://www.cargurus.com/Cars/listing/459673543?sourceContext=autotempest&cgfv=1.14&cgfr=7&cgfab=Q&px8324=p110&dnetworktype=r&cgfdate=2026929&cgfloc=en
2021 BMW M3 Competition,"$70,998","46,600 mi.",2021,BMW,M3,M3 Competition,WBS33AY07MFL35301,,CarGurus,"Sacramento, CA — Carmax Sacramento South",https://www.cargurus.com/Cars/listing/459711302?sourceContext=autotempest&cgfv=1.15&cgfr=5&cgfab=Q&px8324=p110&dnetworktype=r&cgfdate=2026929&cgfloc=en
2026 BMW M3 Competition xDrive,"$97,628","8,859 mi.",2026,BMW,M3,M3 xDrive Competition,WBS33HJ03TFV56105,,CarGurus,"Morgan Hill, CA — Morgan Hill Cdjr",https://www.cargurus.com/Cars/listing/450322576?sourceContext=autotempest&cgfv=1.22&cgfr=5&cgfab=Q&px8324=p110&dnetworktype=r&cgfdate=2026929&cgfloc=en
2026 BMW M3,"$102,045",52 mi.,2026,BMW,M3,,WBS13HJ09TFW51193,,CarGurus,"Concord, CA — Bmw Of Concord",https://www.cargurus.com/Cars/listing/449088936?sourceContext=autotempest&cgfv=1.23&cgfr=4&cgfab=Q&px8324=p110&dnetworktype=r&cgfdate=2026929&cgfloc=en
2027 BMW M3 Competition xDrive,"$119,549",10 mi.,2027,BMW,M3,M3 xDrive Competition,WBS33HJ0XVFX54831,,CarGurus,"Las Vegas, NV — Bmw Of Las Vegas",https://www.cargurus.com/Cars/listing/459285835?sourceContext=autotempest&cgfv=1.24&cgfr=4&cgfab=Q&px8324=p110&dnetworktype=r&cgfdate=2026929&cgfloc=en
2026 BMW M3 Competition xDrive,"$95,599","1,642 mi.",2026,BMW,M3,M3 xDrive Competition,WBS33HJ03TFW21275,,CarGurus,"Scottsdale, AZ — Certified Benz And Beemer",https://www.cargurus.com/Cars/listing/459310197?sourceContext=autotempest&cgfv=1.22&cgfr=5&cgfab=Q&px8324=p110&dnetworktype=r&cgfdate=2026929&cgfloc=en
2024 BMW M3 Competition,"$84,763","3,809 mi.",2024,BMW,M3,M3 Competition,WBS33AY09RFR77946,,Cars.com,"Buellton, CA — Rio Vista Chevrolet",https://www.cars.com/vehicledetail/93ab86f4-4d96-4f49-8b51-9d0421c64e04/?aff=atempest&utm_campaign=atempest&utm_source=autotempest&utm_medium=trp&utm_campaign_id=1&utm_trusted=TRUE
2027 BMW M3,"$123,349",10 mi.,2027,BMW,M3,CS,WBS13HJ04VFX53696,,CarGurus,"Las Vegas, NV — Bmw Of Las Vegas",https://www.cargurus.com/Cars/listing/459159007?sourceContext=autotempest&cgfv=1.24&cgfr=4&cgfab=Q&px8324=p110&dnetworktype=r&cgfdate=2026929&cgfloc=en
2025 BMW M3,"$88,119","5,094 mi.",2025,BMW,M3,,WBS13HJ07SFU36247,,CarGurus,"Sacramento, CA — Niello Bmw Sacramento",https://www.cargurus.com/Cars/listing/459009467?sourceContext=autotempest&cgfv=1.21&cgfr=7&cgfab=Q&px8324=p110&dnetworktype=r&cgfdate=2026929&cgfloc=en
2025 BMW M3 Competition xDrive,"$93,675","5,485 mi.",2025,BMW,M3,M3 xDrive Competition,WBS33HJ06SFU69636,,CarGurus,"Santa Clara, CA — Stevens Creek Nissan",https://www.cargurus.com/Cars/listing/459031659?sourceContext=autotempest&cgfv=1.22&cgfr=5&cgfab=Q&px8324=p110&dnetworktype=r&cgfdate=2026929&cgfloc=en
2023 BMW M3 Competition xDrive,"$89,169","10,438 mi.",2023,BMW,M3,M3 xDrive Competition,WBS43AY06PFN44411,,CarGurus,"Santa Clara, CA — Stevens Creek Bmw",https://www.cargurus.com/Cars/listing/459002578?sourceContext=autotempest&cgfv=1.21&cgfr=5&cgfab=Q&px8324=p110&dnetworktype=r&cgfdate=2026929&cgfloc=en
2024 BMW M3 Competition,"$82,852","15,388 mi.",2024,BMW,M3,M3 Competition,WBS33AY06RFS10586,,CarGurus,"Glendale, AZ — Arrowhead Bmw",https://www.cargurus.com/Cars/listing/458526573?sourceContext=autotempest&cgfv=1.19&cgfr=2&cgfab=Q&px8324=p110&dnetworktype=r&cgfdate=2026929&cgfloc=en
2021 BMW M3 Competition,"$85,790","34,124 mi.",2021,BMW,M3,M3 Competition,WBS33AY09MFK88319,,CarGurus,"Scottsdale, AZ — Lapin Motor Co. - Scottsdale",https://www.cargurus.com/Cars/listing/458509846?sourceContext=autotempest&cgfv=1.2&cgfr=8&cgfab=Q&px8324=p110&dnetworktype=r&cgfdate=2026929&cgfloc=en
2025 BMW M3,"$84,790","12,378 mi.",2025,BMW,M3,,WBS13HJ05SFT70006,,CarGurus,"Scottsdale, AZ — Lapin Motor Co. - Scottsdale",https://www.cargurus.com/Cars/listing/458452339?sourceContext=autotempest&cgfv=1.2&cgfr=5&cgfab=Q&px8324=p110&dnetworktype=r&cgfdate=2026929&cgfloc=en
2021 BMW M3 Competition,"$76,790","38,804 mi.",2021,BMW,M3,M3 Competition,WBS33AY09MFL45733,,CarGurus,"Scottsdale, AZ — Lapin Motor Co. - Scottsdale",https://www.cargurus.com/Cars/listing/458414841?sourceContext=autotempest&cgfv=1.17&cgfr=5&cgfab=Q&px8324=p110&dnetworktype=r&cgfdate=2026929&cgfloc=en
2027 BMW M3 Competition xDrive,"$119,975",10 mi.,2027,BMW,M3,M3 xDrive Competition,WBS33HJ00VFX44146,,CarGurus,"Fremont, CA — Bmw Of Fremont",https://www.cargurus.com/Cars/listing/458283892?sourceContext=autotempest&cgfv=1.24&cgfr=4&cgfab=Q&px8324=p110&dnetworktype=r&cgfdate=2026929&cgfloc=en
2023 BMW M3 Competition,"$95,790","22,789 mi.",2023,BMW,M3,M3 Competition,WBS33AY0XPFN77875,,CarGurus,"Scottsdale, AZ — Lapin Motor Co. - Scottsdale",https://www.cargurus.com/Cars/listing/458271148?sourceContext=autotempest&cgfv=1.22&cgfr=8&cgfab=Q&px8324=p110&dnetworktype=r&cgfdate=2026929&cgfloc=en
2026 BMW M3,"$86,111","1,800 mi.",2026,BMW,M3,,WBS13HJ03TFW51254,,CarGurus,"Martinez, CA — Ace Auto Dealers",https://www.cargurus.com/Cars/listing/458054811?sourceContext=autotempest&cgfv=1.2&cgfr=4&cgfab=Q&px8324=p110&dnetworktype=r&cgfdate=2026929&cgfloc=en
2024 BMW M3 Competition xDrive,"$85,886","27,627 mi.",2024,BMW,M3,M3 xDrive Competition,WBS43AY00RFS69489,,CarGurus,"Scottsdale, AZ — Auto Boom Motor Co.",https://www.cargurus.com/Cars/listing/458076537?sourceContext=autotempest&cgfv=1.2&cgfr=5&cgfab=Q&px8324=p110&dnetworktype=r&cgfdate=2026929&cgfloc=en
2027 BMW M3,"$92,619",10 mi.,2027,BMW,M3,CS,WBS13HJ07VFX41882,,CarGurus,"Tucson, AZ — Bmw Of Tucson",https://www.cargurus.com/Cars/listing/457036451?sourceContext=autotempest&cgfv=1.22&cgfr=4&cgfab=Q&px8324=p110&dnetworktype=r&cgfdate=2026929&cgfloc=en
2027 BMW M3 Competition xDrive,"$101,399",14 mi.,2027,BMW,M3,M3 xDrive Competition,WBS33HJ02VFX33441,,CarGurus,"Las Vegas, NV — Bmw Of Las Vegas",https://www.cargurus.com/Cars/listing/457036572?sourceContext=autotempest&cgfv=1.23&cgfr=4&cgfab=Q&px8324=p110&dnetworktype=r&cgfdate=2026929&cgfloc=en
2027 BMW M3,"$123,735",14 mi.,2027,BMW,M3,CS,WBS13HJ04VFX30354,,CarGurus,"Fremont, CA — Bmw Of Fremont",https://www.cargurus.com/Cars/listing/456969555?sourceContext=autotempest&cgfv=1.24&cgfr=4&cgfab=Q&px8324=p110&dnetworktype=r&cgfdate=2026929&cgfloc=en
2026 BMW M3 Competition,"$89,464","2,121 mi.",2026,BMW,M3,M3 Competition,WBS23HJ07TFW01607,,CarGurus,"Tucson, AZ — Bmw Of Tucson",https://www.cargurus.com/Cars/listing/456421015?sourceContext=autotempest&cgfv=1.21&cgfr=2&cgfab=Q&px8324=p110&dnetworktype=r&cgfdate=2026929&cgfloc=en
2024 BMW M3 Competition xDrive,"$89,399","14,605 mi.",2024,BMW,M3,M3 xDrive Competition,WBS43AY02RFS85466,,CarGurus,"Henderson, NV — Porsche Henderson",https://www.cargurus.com/Cars/listing/456333508?sourceContext=autotempest&cgfv=1.21&cgfr=5&cgfab=Q&px8324=p110&dnetworktype=r&cgfdate=2026929&cgfloc=en
2023 BMW M3,"$65,998","57,067 mi.",2023,BMW,M3,,WBS53AY01PFN48645,,CarGurus,"Las Vegas, NV — Globul Auto Sales",https://www.cargurus.com/Cars/listing/456056268?sourceContext=autotempest&cgfv=1.12&cgfr=2&cgfab=Q&px8324=p110&dnetworktype=r&cgfdate=2026929&cgfloc=en
2027 BMW M3,"$121,535",10 mi.,2027,BMW,M3,CS,WBS13HJ04VFX41550,,CarGurus,"Fremont, CA — Bmw Of Fremont",https://www.cargurus.com/Cars/listing/455942517?sourceContext=autotempest&cgfv=1.24&cgfr=4&cgfab=Q&px8324=p110&dnetworktype=r&cgfdate=2026929&cgfloc=en
2024 BMW M3 Competition,"$82,073","16,352 mi.",2024,BMW,M3,M3 Competition,WBS33AY01RFS69383,,CarGurus,"San Rafael, CA — Bmw Of San Rafael",https://www.cargurus.com/Cars/listing/455897259?sourceContext=autotempest&cgfv=1.19&cgfr=5&cgfab=Q&px8324=p110&dnetworktype=r&cgfdate=2026929&cgfloc=en
2022 BMW M3,"$68,970","26,875 mi.",2022,BMW,M3,,WBS53AY06NFM82350,,CarGurus,"Fresno, CA — Vantage Auto Group Inc.",https://www.cargurus.com/Cars/listing/455812220?sourceContext=autotempest&cgfv=1.14&cgfr=2&cgfab=Q&px8324=p110&dnetworktype=r&cgfdate=2026929&cgfloc=en
2023 BMW M3,"$79,079","12,527 mi.",2023,BMW,M3,,WBS53AY01PFN27116,,CarGurus,"San Francisco, CA — Porsche San Francisco",https://www.cargurus.com/Cars/listing/455606764?sourceContext=autotempest&cgfv=1.18&cgfr=2&cgfab=Q&px8324=p110&dnetworktype=r&cgfdate=2026929&cgfloc=en
2027 BMW M3 Competition xDrive,"$106,799",10 mi.,2027,BMW,M3,M3 xDrive Competition,WBS33HJ09VFX40127,,CarGurus,"Las Vegas, NV — Bmw Of Las Vegas",https://www.cargurus.com/Cars/listing/455466247?sourceContext=autotempest&cgfv=1.23&cgfr=4&cgfab=Q&px8324=p110&dnetworktype=r&cgfdate=2026929&cgfloc=en
2027 BMW M3,"$104,859",10 mi.,2027,BMW,M3,CS,WBS13HJ07VFX36357,,CarGurus,"Tucson, AZ — Bmw Of Tucson",https://www.cargurus.com/Cars/listing/455012748?sourceContext=autotempest&cgfv=1.23&cgfr=4&cgfab=Q&px8324=p110&dnetworktype=r&cgfdate=2026929&cgfloc=en
2027 BMW M3 Competition xDrive,"$106,949",10 mi.,2027,BMW,M3,M3 xDrive Competition,WBS33HJ05VFX38424,,CarGurus,"Tucson, AZ — Bmw Of Tucson",https://www.cargurus.com/Cars/listing/455012744?sourceContext=autotempest&cgfv=1.23&cgfr=4&cgfab=Q&px8324=p110&dnetworktype=r&cgfdate=2026929&cgfloc=en
2027 BMW M3 Competition xDrive,"$111,135",10 mi.,2027,BMW,M3,M3 xDrive Competition,WBS33HJ04VFX38270,,CarGurus,"Fremont, CA — Bmw Of Fremont",https://www.cargurus.com/Cars/listing/455013848?sourceContext=autotempest&cgfv=1.23&cgfr=4&cgfab=Q&px8324=p110&dnetworktype=r&cgfdate=2026929&cgfloc=en
2023 BMW M3 Competition xDrive,"$84,777","24,369 mi.",2023,BMW,M3,M3 xDrive Competition,WBS43AY03PFR33863,,CarGurus,"Roseville, CA — Bmw Of Roseville",https://www.cargurus.com/Cars/listing/455013632?sourceContext=autotempest&cgfv=1.2&cgfr=5&cgfab=Q&px8324=p110&dnetworktype=r&cgfdate=2026929&cgfloc=en
2023 BMW M3 Competition xDrive,"$85,748","27,892 mi.",2023,BMW,M3,M3 xDrive Competition,WBS43AY0XPFP11532,,CarGurus,"Phoenix, AZ — Baba's Motorsports Llc",https://www.cargurus.com/Cars/listing/454582146?sourceContext=autotempest&cgfv=1.2&cgfr=5&cgfab=Q&px8324=p110&dnetworktype=r&cgfdate=2026929&cgfloc=en
2027 BMW M3 Competition,"$95,572",16 mi.,2027,BMW,M3,M3 Competition,WBS23HJ07VFW87097,,CarGurus,"Chula Vista, CA — Bmw Of Chula Vista",https://www.cargurus.com/Cars/listing/454357846?sourceContext=autotempest&cgfv=1.22&cgfr=4&cgfab=Q&px8324=p110&dnetworktype=r&cgfdate=2026929&cgfloc=en
2021 BMW M3 Competition,"$77,183","45,084 mi.",2021,BMW,M3,M3 Competition,WBS33AY0XMFL32716,,CarGurus,"San Jose, CA — San Jose Mitsubishi",https://www.cargurus.com/Cars/listing/454222157?sourceContext=autotempest&cgfv=1.18&cgfr=8&cgfab=Q&px8324=p110&dnetworktype=r&cgfdate=2026929&cgfloc=en
2023 BMW M3 Competition xDrive,"$84,886","37,060 mi.",2023,BMW,M3,M3 xDrive Competition,WBS43AY0XPFP33661,,CarGurus,"Scottsdale, AZ — Auto Boom Motor Co.",https://www.cargurus.com/Cars/listing/453335690?sourceContext=autotempest&cgfv=1.2&cgfr=5&cgfab=Q&px8324=p110&dnetworktype=r&cgfdate=2026929&cgfloc=en
2021 BMW M3,"$54,995","69,375 mi.",2021,BMW,M3,,WBS53AY0XMFL29758,,CarGurus,"Roseville, CA — Elev8 Auto Collection",https://www.cargurus.com/Cars/listing/452760770?sourceContext=autotempest&cgfv=1.03&cgfr=2&cgfab=Q&px8324=p110&dnetworktype=r&cgfdate=2026929&cgfloc=en
2025 BMW M3 Competition xDrive,"$89,599","14,371 mi.",2025,BMW,M3,M3 xDrive Competition,WBS33HJ06SFT68287,,CarGurus,"Scottsdale, AZ — Certified Benz And Beemer",https://www.cargurus.com/Cars/listing/452409824?sourceContext=autotempest&cgfv=1.21&cgfr=2&cgfab=Q&px8324=p110&dnetworktype=r&cgfdate=2026929&cgfloc=en
2027 BMW M3 Competition,"$92,622","1,210 mi.",2027,BMW,M3,M3 Competition,WBS23HJ00VFW73655,,CarGurus,"Chula Vista, CA — Bmw Of Chula Vista",https://www.cargurus.com/Cars/listing/451281147?sourceContext=autotempest&cgfv=1.22&cgfr=4&cgfab=Q&px8324=p110&dnetworktype=r&cgfdate=2026929&cgfloc=en
2023 BMW M3,"$72,500","30,273 mi.",2023,BMW,M3,,WBS53AY08PFP92230,,CarGurus,"Mesa, AZ — Jba Motors, Llc",https://www.cargurus.com/Cars/listing/443162218?sourceContext=autotempest&cgfv=1.16&cgfr=1&cgfab=Q&px8324=p110&dnetworktype=r&cgfdate=2026929&cgfloc=en
2022 BMW M3 Competition,"$51,099","53,858 mi.",2022,BMW,M3,M3 Competition,WBS33AY00NFM20143,,CarGurus,"Sacramento, CA — Bucketbuddy Auto Llc",https://www.cargurus.com/Cars/listing/449644735?sourceContext=autotempest&cgfv=0.98&cgfr=4&cgfab=Q&px8324=p110&dnetworktype=r&cgfdate=2026929&cgfloc=en
2022 BMW M3 Competition,"$64,243","58,478 mi.",2022,BMW,M3,M3 Competition,WBS33AY04NFM25393,,CarGurus,"Phoenix, AZ — Loren Automotive Group",https://www.cargurus.com/Cars/listing/448844358?sourceContext=autotempest&cgfv=1.11&cgfr=5&cgfab=Q&px8324=p110&dnetworktype=r&cgfdate=2026929&cgfloc=en
2025 BMW M3,"$89,999","3,952 mi.",2025,BMW,M3,,WBS13HJ07SFU33154,,CarGurus,"Phoenix, AZ — Carey Motor Company",https://www.cargurus.com/Cars/listing/448070395?sourceContext=autotempest&cgfv=1.21&cgfr=4&cgfab=Q&px8324=p110&dnetworktype=r&cgfdate=2026929&cgfloc=en
2026 BMW M3 Competition xDrive,"$93,268","10,100 mi.",2026,BMW,M3,M3 xDrive Competition,WBS33HJ03TFV80016,,CarGurus,"Sacramento, CA — Exclusive Motors",https://www.cargurus.com/Cars/listing/445815128?sourceContext=autotempest&cgfv=1.22&cgfr=5&cgfab=Q&px8324=p110&dnetworktype=r&cgfdate=2026929&cgfloc=en
2024 BMW M3 Competition,"$84,299","29,357 mi.",2024,BMW,M3,M3 xDrive Competition,WBS43AY09RFT50104,,TrueCar,"Las Vegas, NV — Genesis Of Las Vegas",https://www.truecar.com/used-cars-for-sale/listing/WBS43AY09RFT50104/?referrer_id=autotempest
2027 BMW M3,"$104,210",3 mi.,2027,BMW,M3,CS,WBS13HJ08VFX26856,,CarGurus,"Orlando, FL — Fields Bmw South Orlando",https://www.cargurus.com/Cars/listing/460079968?sourceContext=autotempest&cgfv=1.23&cgfr=4&cgfab=Q&px8324=p110&dnetworktype=r&cgfdate=2026929&cgfloc=en
2027 BMW M3 Competition xDrive,"$111,475",10 mi.,2027,BMW,M3,M3 xDrive Competition,WBS33HJ02VFX58484,,CarGurus,"Houston, TX — Bmw Houston",https://www.cargurus.com/Cars/listing/460110798?sourceContext=autotempest&cgfv=1.23&cgfr=4&cgfab=Q&px8324=p110&dnetworktype=r&cgfdate=2026929&cgfloc=en
2025 BMW M3 Competition xDrive,"$90,799","5,852 mi.",2025,BMW,M3,M3 xDrive Competition,WBS33HJ01SFU61802,,CarGurus,"Rahway, NJ — Square One Auto",https://www.cargurus.com/Cars/listing/459772188?sourceContext=autotempest&cgfv=1.21&cgfr=2&cgfab=Q&px8324=p110&dnetworktype=r&cgfdate=2026929&cgfloc=en
2024 BMW M3 Competition xDrive,"$85,435","152,048 mi.",2024,BMW,M3,M3 xDrive Competition,WBS43AY09RFR84318,,CarGurus,"Dallas, TX — Bmw Of Dallas/Mini Of Dallas",https://www.cargurus.com/Cars/listing/460126412?sourceContext=autotempest&cgfv=1.2&cgfr=6&cgfab=Q&px8324=p110&dnetworktype=r&cgfdate=2026929&cgfloc=en
2024 BMW M3 Competition xDrive,"$87,638","28,600 mi.",2024,BMW,M3,M3 xDrive Competition,WBS43AY06RFR73101,,CarGurus,"Tamarac, FL — Sawgrass Infiniti",https://www.cargurus.com/Cars/listing/457640267?sourceContext=autotempest&cgfv=1.2&cgfr=5&cgfab=Q&px8324=p110&dnetworktype=r&cgfdate=2026929&cgfloc=en
2022 BMW M3 Competition xDrive,"$81,093","38,270 mi.",2022,BMW,M3,M3 xDrive Competition,WBS43AY06NFN08764,,CarGurus,"Decatur, GA — Nalley Bmw",https://www.cargurus.com/Cars/listing/460113002?sourceContext=autotempest&cgfv=1.19&cgfr=5&cgfab=Q&px8324=p110&dnetworktype=r&cgfdate=2026929&cgfloc=en
2027 BMW M3,"$89,348","3,034 mi.",2027,BMW,M3,CS,WBS13HJ06VFW87121,,CarGurus,"Brooklyn Park, MN — Luther Brookdale Chrysler Jeep Dodge",https://www.cargurus.com/Cars/listing/460043738?sourceContext=autotempest&cgfv=1.21&cgfr=5&cgfab=Q&px8324=p110&dnetworktype=r&cgfdate=2026929&cgfloc=en
2027 BMW M3 Competition xDrive,"$95,045",5 mi.,2027,BMW,M3,M3 xDrive Competition,WBS33HJ04VFX37832,,CarGurus,"Shrewsbury, MA — Bmw Of Shrewsbury",https://www.cargurus.com/Cars/listing/460049178?sourceContext=autotempest&cgfv=1.22&cgfr=4&cgfab=Q&px8324=p110&dnetworktype=r&cgfdate=2026929&cgfloc=en
2027 BMW M3,"$114,090",5 mi.,2027,BMW,M3,CS,WBS13HJ05VFX34252,,CarGurus,"Orlando, FL — Fields Bmw South Orlando",https://www.cargurus.com/Cars/listing/459978226?sourceContext=autotempest&cgfv=1.23&cgfr=4&cgfab=Q&px8324=p110&dnetworktype=r&cgfdate=2026929&cgfloc=en
2027 BMW M3 Competition xDrive,"$119,995",114 mi.,2027,BMW,M3,M3 xDrive Competition,WBS33HJ01VFX16663,,Cars.com,"Coconut Creek, FL — Bmw/Mini Of Coconut Creek",https://www.cars.com/vehicledetail/dbdaf1fc-3a70-41ef-87d6-7f0b78cc620d/?aff=atempest&utm_campaign=atempest&utm_source=autotempest&utm_medium=trp&utm_campaign_id=1&utm_trusted=TRUE
2025 BMW M3 Competition xDrive,"$98,324","7,934 mi.",2025,BMW,M3,M3 xDrive Competition,WBS33HJ06SFT70198,,CarGurus,"Manchester, NH — Tulley Bmw Of Manchester",https://www.cargurus.com/Cars/listing/460025289?sourceContext=autotempest&cgfv=1.22&cgfr=7&cgfab=Q&px8324=p110&dnetworktype=r&cgfdate=2026929&cgfloc=en
2024 BMW M3 Competition xDrive,"$88,219","16,621 mi.",2024,BMW,M3,M3 xDrive Competition,WBS43AY06RFS35220,,Cars.com,"Houston, TX — Audi West Houston",https://www.cars.com/vehicledetail/f33ec31f-83b6-4613-a87a-4c7c5cad1b46/?aff=atempest&utm_campaign=atempest&utm_source=autotempest&utm_medium=trp&utm_campaign_id=1&utm_trusted=TRUE
2024 BMW M3 CS,"$119,880","9,061 mi.",2024,BMW,M3,,WBS63AY03RFR77356,,Cars.com,"Franklin Square, NY — United Motorcars",https://www.cars.com/vehicledetail/839bc84e-f93f-4f6a-9834-5b0ccf4a4863/?aff=atempest&utm_campaign=atempest&utm_source=autotempest&utm_medium=trp&utm_campaign_id=1&utm_trusted=TRUE
2023 BMW M3 Competition,"$78,050","36,115 mi.",2023,BMW,M3,M3 Competition,WBS33AY02PFN99028,,CarGurus,"Beaverton, OR — Beaverton Nissan",https://www.cargurus.com/Cars/listing/459999329?sourceContext=autotempest&cgfv=1.18&cgfr=7&cgfab=Q&px8324=p110&dnetworktype=r&cgfdate=2026929&cgfloc=en
2027 BMW M3,"$82,625",10 mi.,2027,BMW,M3,CS,WBS13HJ00VFX58569,,CarGurus,"The Woodlands, TX — Bmw Of The Woodlands",https://www.cargurus.com/Cars/listing/459921509?sourceContext=autotempest&cgfv=1.19&cgfr=4&cgfab=Q&px8324=p110&dnetworktype=r&cgfdate=2026929&cgfloc=en
2027 BMW M3,"$111,658",5 mi.,2027,BMW,M3,CS,WBS13HJ05VFX56087,,CarGurus,"Cincinnati, OH — Bmw Of Cincinnati North",https://www.cargurus.com/Cars/listing/459863632?sourceContext=autotempest&cgfv=1.23&cgfr=4&cgfab=Q&px8324=p110&dnetworktype=r&cgfdate=2026929&cgfloc=en
2027 BMW M3,"$135,129",12 mi.,2027,BMW,M3,CS,WBS13HJ00VFX35809,,CarGurus,"Hyannis, MA — Bmw Of Cape Cod",https://www.cargurus.com/Cars/listing/459919307?sourceContext=autotempest&cgfv=1.24&cgfr=4&cgfab=Q&px8324=p110&dnetworktype=r&cgfdate=2026929&cgfloc=en
2026 BMW M3 Competition xDrive,"$112,294","8,965 mi.",2026,BMW,M3,M3 xDrive Competition,WBS33HJ05TFV70555,,Cars.com,"Columbia, MO — Bmw Of Columbia - Mo",https://www.cars.com/vehicledetail/bd5976f0-a297-490f-a176-cd72cb9dd4f7/?aff=atempest&utm_campaign=atempest&utm_source=autotempest&utm_medium=trp&utm_campaign_id=1&utm_trusted=TRUE
2024 BMW M3 Competition xDrive,"$87,999","18,610 mi.",2024,BMW,M3,M3 xDrive Competition,WBS43AY08RFT08457,,CarGurus,"Centerville, UT — Summit Trucks",https://www.cargurus.com/Cars/listing/444345131?sourceContext=autotempest&cgfv=1.21&cgfr=4&cgfab=Q&px8324=p110&dnetworktype=r&cgfdate=2026929&cgfloc=en
2024 BMW M3 Competition xDrive,"$102,137","11,927 mi.",2024,BMW,M3,M3 xDrive Competition,WBS43AY09RFS56658,,CarGurus,"Delavan, WI — Kunes Ford Of Delavan",https://www.cargurus.com/Cars/listing/446214473?sourceContext=autotempest&cgfv=1.23&cgfr=8&cgfab=Q&px8324=p110&dnetworktype=r&cgfdate=2026929&cgfloc=en
2027 BMW M3 Competition xDrive,"$105,400",5 mi.,2027,BMW,M3,M3 xDrive Competition,WBS33HJ0XVFX58345,,CarGurus,"Highlands Ranch, CO — Schomp Bmw",https://www.cargurus.com/Cars/listing/459852724?sourceContext=autotempest&cgfv=1.23&cgfr=4&cgfab=Q&px8324=p110&dnetworktype=r&cgfdate=2026929&cgfloc=en
2026 BMW M3 Competition xDrive,"$108,794","10,182 mi.",2026,BMW,M3,M3 xDrive Competition,WBS33HJ0XTFW47159,,CarGurus,"Pinellas Park, FL — Premier Auto Lounge",https://www.cargurus.com/Cars/listing/458792816?sourceContext=autotempest&cgfv=1.23&cgfr=8&cgfab=Q&px8324=p110&dnetworktype=r&cgfdate=2026929&cgfloc=en
2025 BMW M3,"$77,898","15,385 mi.",2025,BMW,M3,,WBS13HJ05SFU05160,,CarGurus,"Greensboro, NC — Eurobahn Bmw Mini Mercedes-Benz Audi",https://www.cargurus.com/Cars/listing/459757266?sourceContext=autotempest&cgfv=1.18&cgfr=2&cgfab=Q&px8324=p110&dnetworktype=r&cgfdate=2026929&cgfloc=en
2025 BMW M3 Competition,"$86,488","11,075 mi.",2025,BMW,M3,M3 Competition,WBS23HJ01SFU57843,,CarGurus,"Miami, FL — Bomnin Chevrolet Dadeland",https://www.cargurus.com/Cars/listing/459833567?sourceContext=autotempest&cgfv=1.2&cgfr=2&cgfab=Q&px8324=p110&dnetworktype=r&cgfdate=2026929&cgfloc=en
2025 BMW M3,"$91,102","6,404 mi.",2025,BMW,M3,,WBS13HJ02SFU20733,,CarGurus,"Mckinney, TX — Bmw Of Mckinney",https://www.cargurus.com/Cars/listing/459851155?sourceContext=autotempest&cgfv=1.21&cgfr=8&cgfab=Q&px8324=p110&dnetworktype=r&cgfdate=2026929&cgfloc=en
2025 BMW M3 Competition xDrive,"$97,353","26,571 mi.",2025,BMW,M3,M3 xDrive Competition,WBS33HJ09SFU61062,,CarGurus,"Joliet, IL — Motor Cars Of Chicago",https://www.cargurus.com/Cars/listing/459046135?sourceContext=autotempest&cgfv=1.22&cgfr=7&cgfab=Q&px8324=p110&dnetworktype=r&cgfdate=2026929&cgfloc=en
2024 BMW M3 Competition xDrive,"$90,937","27,853 mi.",2024,BMW,M3,M3 xDrive Competition,WBS43AY02RFS59272,,CarGurus,"Buford, GA — Mall Of Georgia Mazda",https://www.cargurus.com/Cars/listing/459854457?sourceContext=autotempest&cgfv=1.21&cgfr=7&cgfab=Q&px8324=p110&dnetworktype=r&cgfdate=2026929&cgfloc=en
2023 BMW M3,"$75,298","33,601 mi.",2023,BMW,M3,,WBS53AY01PFN81354,,CarGurus,"Cleveland, OH — Marshall Goldman Motor Sales",https://www.cargurus.com/Cars/listing/459782283?sourceContext=autotempest&cgfv=1.17&cgfr=5&cgfab=Q&px8324=p110&dnetworktype=r&cgfdate=2026929&cgfloc=en
2023 BMW M3 Competition xDrive,"$80,353","38,599 mi.",2023,BMW,M3,M3 xDrive Competition,WBS43AY06PFP03718,,CarGurus,"Joliet, IL — Motor Cars Of Chicago",https://www.cargurus.com/Cars/listing/451054046?sourceContext=autotempest&cgfv=1.19&cgfr=2&cgfab=Q&px8324=p110&dnetworktype=r&cgfdate=2026929&cgfloc=en
2022 BMW M3,"$60,463","58,200 mi.",2022,BMW,M3,,WBS53AY09NFM22174,,CarGurus,"Nashville, TN — Belle Meade Auto Brokers",https://www.cargurus.com/Cars/listing/459811872?sourceContext=autotempest&cgfv=1.08&cgfr=5&cgfab=Q&px8324=p110&dnetworktype=r&cgfdate=2026929&cgfloc=en
2021 BMW M3,"$66,977","49,364 mi.",2021,BMW,M3,,WBS53AY03MFL07567,,CarGurus,"Brodheadsville, PA — Dean Carter Chevrolet",https://www.cargurus.com/Cars/listing/457767666?sourceContext=autotempest&cgfv=1.12&cgfr=7&cgfab=Q&px8324=p110&dnetworktype=r&cgfdate=2026929&cgfloc=en
2027 BMW M3,"$83,749",10 mi.,2027,BMW,M3,CS,WBS13HJ05VFX56770,,CarGurus,"Rockville, MD — Bmw Of Rockville",https://www.cargurus.com/Cars/listing/459694919?sourceContext=autotempest&cgfv=1.2&cgfr=4&cgfab=Q&px8324=p110&dnetworktype=r&cgfdate=2026929&cgfloc=en
2027 BMW M3 Competition,"$95,220",1 mi.,2027,BMW,M3,M3 Competition,WBS23HJ02VFX36495,,CarGurus,"Katy, TX — Bmw Of West Houston",https://www.cargurus.com/Cars/listing/459739151?sourceContext=autotempest&cgfv=1.22&cgfr=4&cgfab=Q&px8324=p110&dnetworktype=r&cgfdate=2026929&cgfloc=en
2027 BMW M3 Competition xDrive,"$103,950",10 mi.,2027,BMW,M3,M3 xDrive Competition,WBS33HJ03VFX56775,,CarGurus,"Dallas, TX — Bmw Of Dallas/Mini Of Dallas",https://www.cargurus.com/Cars/listing/459695076?sourceContext=autotempest&cgfv=1.23&cgfr=4&cgfab=Q&px8324=p110&dnetworktype=r&cgfdate=2026929&cgfloc=en
2025 BMW M3 Competition xDrive,"$109,174","6,580 mi.",2025,BMW,M3,M3 xDrive Competition,WBS33HJ07SFU64350,,CarGurus,"Staten Island, NY — Brooklyn Auto Sales",https://www.cargurus.com/Cars/listing/459686408?sourceContext=autotempest&cgfv=1.23&cgfr=6&cgfab=Q&px8324=p110&dnetworktype=r&cgfdate=2026929&cgfloc=en
2024 BMW M3 Competition xDrive,"$83,997","44,313 mi.",2024,BMW,M3,M3 xDrive Competition,WBS43AY09RFS66364,,Cars.com,"Cleveland, TN — Carsnow Llc",https://www.cars.com/vehicledetail/61485d8f-973b-49c2-a831-a91572e5c229/?aff=atempest&utm_campaign=atempest&utm_source=autotempest&utm_medium=trp&utm_campaign_id=1&utm_trusted=TRUE
2023 BMW M3,"$73,494","45,534 mi.",2023,BMW,M3,,WBS53AY01PFN78535,,Cars.com,"Saint Louis, MO — Autohaus Bmw",https://www.cars.com/vehicledetail/56b2a084-01fb-4f7e-aeee-1a853764ef03/?aff=atempest&utm_campaign=atempest&utm_source=autotempest&utm_medium=trp&utm_campaign_id=1&utm_trusted=TRUE
2023 BMW M3 Competition xDrive,"$90,188","49,734 mi.",2023,BMW,M3,M3 xDrive Competition,WBS43AY06PFP64681,,CarGurus,"Kennewick, WA — Vip Motorsports",https://www.cargurus.com/Cars/listing/459742337?sourceContext=autotempest&cgfv=1.21&cgfr=8&cgfab=Q&px8324=p110&dnetworktype=r&cgfdate=2026929&cgfloc=en
2022 BMW M3,"$75,223","25,692 mi.",2022,BMW,M3,M3 Competition,WBS33AY0XNFL61361,,Cars.com,"The Woodlands, TX — Mercedes-Benz Of The Woodlands",https://www.cars.com/vehicledetail/49be258f-f93a-4500-917e-f5347126af48/?aff=atempest&utm_campaign=atempest&utm_source=autotempest&utm_medium=trp&utm_campaign_id=1&utm_trusted=TRUE
2022 BMW M3 Competition,"$75,679","46,506 mi.",2022,BMW,M3,M3 Competition,WBS33AY07NFL64220,,CarGurus,"Tamarac, FL — Sawgrass Infiniti",https://www.cargurus.com/Cars/listing/459730536?sourceContext=autotempest&cgfv=1.16&cgfr=7&cgfab=Q&px8324=p110&dnetworktype=r&cgfdate=2026929&cgfloc=en
2022 BMW M3 Competition xDrive,"$77,977","26,097 mi.",2022,BMW,M3,M3 xDrive Competition,WBS43AY06NFM55709,,CarGurus,"Kirkland, WA — Volkswagen Of Kirkland",https://www.cargurus.com/Cars/listing/459662886?sourceContext=autotempest&cgfv=1.18&cgfr=2&cgfab=Q&px8324=p110&dnetworktype=r&cgfdate=2026929&cgfloc=en
2022 BMW M3 Competition xDrive,"$83,686","53,478 mi.",2022,BMW,M3,M3 xDrive Competition,WBS43AY0XNFM81746,,CarGurus,"Georgetown, KY — Dan Cummins Chrysler Dodge Jeep Ram Of Georgetown",https://www.cargurus.com/Cars/listing/459717863?sourceContext=autotempest&cgfv=1.2&cgfr=8&cgfab=Q&px8324=p110&dnetworktype=r&cgfdate=2026929&cgfloc=en
2021 BMW M3,"$60,599","63,902 mi.",2021,BMW,M3,,WBS53AY00MFL31180,,CarGurus,"Denver, CO — Mercedes-Benz Of Denver",https://www.cargurus.com/Cars/listing/459634660?sourceContext=autotempest&cgfv=1.08&cgfr=5&cgfab=Q&px8324=p110&dnetworktype=r&cgfdate=2026929&cgfloc=en
2027 BMW M3 Competition xDrive,"$101,577",10 mi.,2027,BMW,M3,M3 xDrive Competition,WBS33HJ03VFX55948,,CarGurus,"Westmont, IL — Laurel Bmw Of Westmont",https://www.cargurus.com/Cars/listing/459577853?sourceContext=autotempest&cgfv=1.23&cgfr=4&cgfab=Q&px8324=p110&dnetworktype=r&cgfdate=2026929&cgfloc=en
2027 BMW M3,"$109,750",10 mi.,2027,BMW,M3,CS,WBS13HJ08VFX56102,,CarGurus,"Bellevue, WA — Bmw Of Bellevue",https://www.cargurus.com/Cars/listing/459577889?sourceContext=autotempest&cgfv=1.23&cgfr=4&cgfab=Q&px8324=p110&dnetworktype=r&cgfdate=2026929&cgfloc=en
2025 BMW M3,"$80,925","15,362 mi.",2025,BMW,M3,,WBS13HJ07SFV20634,,CarGurus,"Huntington Station, NY — Habberstad Bmw",https://www.cargurus.com/Cars/listing/459593492?sourceContext=autotempest&cgfv=1.19&cgfr=2&cgfab=Q&px8324=p110&dnetworktype=r&cgfdate=2026929&cgfloc=en
2025 BMW M3 Competition xDrive,"$90,478","19,420 mi.",2025,BMW,M3,M3 xDrive Competition,WBS33HJ02SFU32082,,CarGurus,"Conshohocken, PA — Genesis Of Conshohocken",https://www.cargurus.com/Cars/listing/459585278?sourceContext=autotempest&cgfv=1.21&cgfr=5&cgfab=Q&px8324=p110&dnetworktype=r&cgfdate=2026929&cgfloc=en
2024 BMW M3 Competition xDrive,"$85,508","22,885 mi.",2024,BMW,M3,M3 xDrive Competition,WBS43AY08RFR86755,,CarGurus,"Rock Hill, SC — Rock Hill Nissan",https://www.cargurus.com/Cars/listing/448286605?sourceContext=autotempest&cgfv=1.2&cgfr=5&cgfab=Q&px8324=p110&dnetworktype=r&cgfdate=2026929&cgfloc=en
2024 BMW M3 Competition xDrive,"$104,100","9,860 mi.",2024,BMW,M3,M3 xDrive Competition,WBS43AY01RFT25049,,CarGurus,"Federal Way, WA — West State Motorsport",https://www.cargurus.com/Cars/listing/459621353?sourceContext=autotempest&cgfv=1.23&cgfr=8&cgfab=Q&px8324=p110&dnetworktype=r&cgfdate=2026929&cgfloc=en
2023 BMW M3 Competition xDrive,"$89,197","40,000 mi.",2023,BMW,M3,M3 xDrive Competition,WBS43AY06PFN32131,,CarGurus,"American Fork, UT — Carguyz Motors",https://www.cargurus.com/Cars/listing/452038128?sourceContext=autotempest&cgfv=1.21&cgfr=8&cgfab=Q&px8324=p110&dnetworktype=r&cgfdate=2026929&cgfloc=en
2022 BMW M3 Competition xDrive,"$78,483","36,025 mi.",2022,BMW,M3,M3 xDrive Competition,WBS43AY0XNFL80402,,CarGurus,"Stratham, NH — Bmw Of Stratham",https://www.cargurus.com/Cars/listing/457557332?sourceContext=autotempest&cgfv=1.18&cgfr=5&cgfab=Q&px8324=p110&dnetworktype=r&cgfdate=2026929&cgfloc=en
2022 BMW M3 Competition xDrive,"$76,294","44,464 mi.",2022,BMW,M3,M3 xDrive Competition,WBS43AY04NFM87879,,Cars.com,"Coral Gables, FL — The Collection",https://www.cars.com/vehicledetail/320685f3-a66a-4e1b-bda0-93db78e96afa/?aff=atempest&utm_campaign=atempest&utm_source=autotempest&utm_medium=trp&utm_campaign_id=1&utm_trusted=TRUE
2021 BMW M3 Competition,"$70,297","49,715 mi.",2021,BMW,M3,M3 Competition,WBS33AY0XMFL51055,,CarGurus,"Merriam, KS — Bmw Mini Of Shawnee Mission",https://www.cargurus.com/Cars/listing/459510202?sourceContext=autotempest&cgfv=1.14&cgfr=7&cgfab=Q&px8324=p110&dnetworktype=r&cgfdate=2026929&cgfloc=en
2026 BMW M3 Competition xDrive,"$81,097","1,800 mi.",2026,BMW,M3,M3 xDrive Competition,WBS33HJ02TFV88382,,CarGurus,"Miami, FL — Miami Luxury Motors",https://www.cargurus.com/Cars/listing/459448305?sourceContext=autotempest&cgfv=1.19&cgfr=4&cgfab=Q&px8324=p110&dnetworktype=r&cgfdate=2026929&cgfloc=en
2026 BMW M3 Competition xDrive,"$99,288","2,011 mi.",2026,BMW,M3,M3 xDrive Competition,WBS33HJ09TFW17313,,CarGurus,"Albuquerque, NM — Sandia Bmw Mini",https://www.cargurus.com/Cars/listing/459481085?sourceContext=autotempest&cgfv=1.22&cgfr=5&cgfab=Q&px8324=p110&dnetworktype=r&cgfdate=2026929&cgfloc=en
2025 BMW M3 Competition xDrive,"$94,889","15,820 mi.",2025,BMW,M3,M3 xDrive Competition,WBS33HJ03SFV42607,,CarGurus,"Huntsville, AL — Hiley Mazda Of Huntsville",https://www.cargurus.com/Cars/listing/459470076?sourceContext=autotempest&cgfv=1.22&cgfr=7&cgfab=Q&px8324=p110&dnetworktype=r&cgfdate=2026929&cgfloc=en
2024 BMW M3 Competition xDrive,"$88,217","20,693 mi.",2024,BMW,M3,M3 xDrive Competition,WBS43AY09RFS23188,,Cars.com,"Houston, TX — Mac Haik Ford",https://www.cars.com/vehicledetail/f830e6ac-6a3a-4d3b-9a93-151b76709eea/?aff=atempest&utm_campaign=atempest&utm_source=autotempest&utm_medium=trp&utm_campaign_id=1&utm_trusted=TRUE
2023 BMW M3,"$79,999","15,322 mi.",2023,BMW,M3,,WBS53AY0XPFR20953,,CarGurus,"Bellingham, WA — Mercedes-Benz Of Bellingham",https://www.cargurus.com/Cars/listing/459470667?sourceContext=autotempest&cgfv=1.19&cgfr=5&cgfab=Q&px8324=p110&dnetworktype=r&cgfdate=2026929&cgfloc=en
2023 BMW M3 Competition xDrive,"$88,895","15,102 mi.",2023,BMW,M3,M3 xDrive Competition,WBS43AY06PFR42718,,CarGurus,"Margate, FL — Autonation Ford Margate",https://www.cargurus.com/Cars/listing/459445176?sourceContext=autotempest&cgfv=1.21&cgfr=5&cgfab=Q&px8324=p110&dnetworktype=r&cgfdate=2026929&cgfloc=en
2027 BMW M3,"$96,698","1,005 mi.",2027,BMW,M3,CS,WBS13HJ01VFW92954,,CarGurus,"West Palm Beach, FL — Braman Motorcars Bmw",https://www.cargurus.com/Cars/listing/459373941?sourceContext=autotempest&cgfv=1.22&cgfr=7&cgfab=Q&px8324=p110&dnetworktype=r&cgfdate=2026929&cgfloc=en
2027 BMW M3 Competition xDrive,"$108,457",9 mi.,2027,BMW,M3,M3 xDrive Competition,WBS33HJ08VFX43827,,CarGurus,"Chicago, IL — Perillo Bmw",https://www.cargurus.com/Cars/listing/459343404?sourceContext=autotempest&cgfv=1.23&cgfr=4&cgfab=Q&px8324=p110&dnetworktype=r&cgfdate=2026929&cgfloc=en
2027 BMW M3,"$160,949",390 mi.,2027,BMW,M3,CS,WBS13HJ00VFX35063,,CarGurus,"Atlanta, GA — Motorcars Of Atlanta",https://www.cargurus.com/Cars/listing/459368674?sourceContext=autotempest&cgfv=1.24&cgfr=6&cgfab=Q&px8324=p110&dnetworktype=r&cgfdate=2026929&cgfloc=en
2026 BMW M3 Competition xDrive,"$101,488","3,530 mi.",2026,BMW,M3,M3 xDrive Competition,WBS33HJ08TFV94512,,Cars.com,"Hollywood, FL — Gravity Autos Hollywood",https://www.cars.com/vehicledetail/c54a6976-cc3a-40a3-a9e4-27fafb5880f1/?aff=atempest&utm_campaign=atempest&utm_source=autotempest&utm_medium=trp&utm_campaign_id=1&utm_trusted=TRUE
2025 BMW M3,"$86,032","7,850 mi.",2025,BMW,M3,,WBS13HJ08SFT66872,,Cars.com,"Wilmington, DE — Union Park Honda Bmw Buick Gmc Volvo Car",https://www.cars.com/vehicledetail/22ea0804-4720-4ae3-beb6-e0b992d34cbc/?aff=atempest&utm_campaign=atempest&utm_source=autotempest&utm_medium=trp&utm_campaign_id=1&utm_trusted=TRUE
2024 BMW M3,"$77,083","14,788 mi.",2024,BMW,M3,,WBS53AY02RFT61207,,CarGurus,"Bartlesville, OK — Bill Knight Ford Of Bartlesville",https://www.cargurus.com/Cars/listing/459389701?sourceContext=autotempest&cgfv=1.18&cgfr=2&cgfab=Q&px8324=p110&dnetworktype=r&cgfdate=2026929&cgfloc=en
2022 BMW M3 Competition xDrive,"$70,594","49,191 mi.",2022,BMW,M3,M3 xDrive Competition,WBS43AY05NFM37024,,CarGurus,"Coventry, CT — Coventry Motorcar",https://www.cargurus.com/Cars/listing/459348204?sourceContext=autotempest&cgfv=1.14&cgfr=2&cgfab=Q&px8324=p110&dnetworktype=r&cgfdate=2026929&cgfloc=en
2022 BMW M3 Competition xDrive,"$74,695","33,186 mi.",2022,BMW,M3,M3 xDrive Competition,WBS43AY0XNFM32076,,CarGurus,"Westbury, NY — Alpha Auto",https://www.cargurus.com/Cars/listing/459361997?sourceContext=autotempest&cgfv=1.16&cgfr=1&cgfab=Q&px8324=p110&dnetworktype=r&cgfdate=2026929&cgfloc=en
2021 BMW M3,"$59,601","48,500 mi.",2021,BMW,M3,,WBS53AY04MFK83621,,CarGurus,"Highland Park, IL — Gravity Autos Chicago",https://www.cargurus.com/Cars/listing/459380975?sourceContext=autotempest&cgfv=1.07&cgfr=1&cgfab=Q&px8324=p110&dnetworktype=r&cgfdate=2026929&cgfloc=en
2027 BMW M3 Competition xDrive,"$98,592",31 mi.,2027,BMW,M3,M3 xDrive Competition,WBS33HJ07VFW86715,,CarGurus,"Bluffton, SC — Hilton Head Bmw",https://www.cargurus.com/Cars/listing/451254451?sourceContext=autotempest&cgfv=1.22&cgfr=4&cgfab=Q&px8324=p110&dnetworktype=r&cgfdate=2026929&cgfloc=en
2027 BMW M3,"$102,415",2 mi.,2027,BMW,M3,CS,WBS13HJ08VFX31491,,CarGurus,"Houston, TX — Bmw Of Houston Midtown",https://www.cargurus.com/Cars/listing/459316782?sourceContext=autotempest&cgfv=1.23&cgfr=4&cgfab=Q&px8324=p110&dnetworktype=r&cgfdate=2026929&cgfloc=en
2026 BMW M3 Competition xDrive,"$103,150","16,000 mi.",2026,BMW,M3,M3 xDrive Competition,WBS33HJ06TFV95643,,CarGurus,"Carrollton, TX — Midway Cars Direct",https://www.cargurus.com/Cars/listing/459289286?sourceContext=autotempest&cgfv=1.23&cgfr=8&cgfab=Q&px8324=p110&dnetworktype=r&cgfdate=2026929&cgfloc=en
2025 BMW M3 Competition,"$82,520","19,425 mi.",2025,BMW,M3,M3 Competition,WBS23HJ05SFT65683,,CarGurus,"Wesley Chapel, FL — Jacobs Mitsubishi Wesley Chapel",https://www.cargurus.com/Cars/listing/459335343?sourceContext=autotempest&cgfv=1.19&cgfr=2&cgfab=Q&px8324=p110&dnetworktype=r&cgfdate=2026929&cgfloc=en
2025 BMW M3 Competition xDrive,"$91,925","18,857 mi.",2025,BMW,M3,M3 xDrive Competition,WBS33HJ00SFU34834,,CarGurus,"Yonkers, NY — Yonkers Auto Gallery",https://www.cargurus.com/Cars/listing/459225859?sourceContext=autotempest&cgfv=1.21&cgfr=5&cgfab=Q&px8324=p110&dnetworktype=r&cgfdate=2026929&cgfloc=en
2024 BMW M3 Competition,"$72,871","41,413 mi.",2024,BMW,M3,M3 Competition,WBS33AY02RFR98069,,CarGurus,"Maitland, FL — Porsche Orlando",https://www.cargurus.com/Cars/listing/458652360?sourceContext=autotempest&cgfv=1.15&cgfr=1&cgfab=Q&px8324=p110&dnetworktype=r&cgfdate=2026929&cgfloc=en
2023 BMW M3 Competition xDrive,"$80,324","18,661 mi.",2023,BMW,M3,M3 xDrive Competition,WBS43AY0XPFN49675,,CarGurus,"Powell, OH — Pinnacle Autohaus",https://www.cargurus.com/Cars/listing/459317777?sourceContext=autotempest&cgfv=1.19&cgfr=4&cgfab=Q&px8324=p110&dnetworktype=r&cgfdate=2026929&cgfloc=en
2021 BMW M3 Competition,Inquire,"57,642 mi.",2021,BMW,M3,M3 Competition,WBS33AY01MFL20535,,Cars.com,"Upper Saddle River, NJ — Maserati Of Bergen County",https://www.cars.com/vehicledetail/1a65bd73-be4d-4d30-95fe-0fe5b9bbd5c4/?aff=atempest&utm_campaign=atempest&utm_source=autotempest&utm_medium=trp&utm_campaign_id=1&utm_trusted=TRUE
2027 BMW M3 Competition xDrive,"$95,790","4,746 mi.",2027,BMW,M3,M3 xDrive Competition,WBS33HJ09VFW77823,,CarGurus,"Honolulu, HI — Bmw Of Honolulu",https://www.cargurus.com/Cars/listing/458670122?sourceContext=autotempest&cgfv=1.22&cgfr=2&cgfab=Q&px8324=p110&dnetworktype=r&cgfdate=2026929&cgfloc=en
2027 BMW M3 Competition xDrive,"$98,062",9 mi.,2027,BMW,M3,M3 xDrive Competition,WBS33HJ03VFX42441,,CarGurus,"Chicago, IL — Perillo Bmw",https://www.cargurus.com/Cars/listing/459108817?sourceContext=autotempest&cgfv=1.22&cgfr=4&cgfab=Q&px8324=p110&dnetworktype=r&cgfdate=2026929&cgfloc=en
2027 BMW M3 Competition xDrive,"$109,195","6,006 mi.",2027,BMW,M3,M3 xDrive Competition,WBS33HJ09VFW70936,,Cars.com,"Lubbock, TX — Mears Auto Group",https://www.cars.com/vehicledetail/3df70dc7-5128-4399-8fc5-0af14ff66a78/?aff=atempest&utm_campaign=atempest&utm_source=autotempest&utm_medium=trp&utm_campaign_id=1&utm_trusted=TRUE
2025 BMW M3 Competition xDrive,"$98,097","10,413 mi.",2025,BMW,M3,M3 xDrive Competition,WBS33HJ02SFU06873,,CarGurus,"Marietta, GA — Atlanta Autos",https://www.cargurus.com/Cars/listing/459140874?sourceContext=autotempest&cgfv=1.22&cgfr=7&cgfab=Q&px8324=p110&dnetworktype=r&cgfdate=2026929&cgfloc=en
2024 BMW M3,"$72,925","25,316 mi.",2024,BMW,M3,,WBS53AY03RFR62111,,CarGurus,"Inwood, NY — South Shore Chrysler Dodge Jeep Ram",https://www.cargurus.com/Cars/listing/444178614?sourceContext=autotempest&cgfv=1.16&cgfr=2&cgfab=Q&px8324=p110&dnetworktype=r&cgfdate=2026929&cgfloc=en
2024 BMW M3 Competition xDrive,"$81,998","26,718 mi.",2024,BMW,M3,M3 xDrive Competition,WBS43AY05RFS28680,,CarGurus,"Jacksonville, FL — Carmax Jacksonville",https://www.cargurus.com/Cars/listing/459173543?sourceContext=autotempest&cgfv=1.19&cgfr=2&cgfab=Q&px8324=p110&dnetworktype=r&cgfdate=2026929&cgfloc=en
2024 BMW M3 Competition xDrive,"$85,410","35,622 mi.",2024,BMW,M3,M3 xDrive Competition,WBS43AY09RFS02339,,Cars.com,"Naperville, IL — Maserati Of Naperville",https://www.cars.com/vehicledetail/54cbd844-7121-4b25-ba6a-54cfaeda995d/?aff=atempest&utm_campaign=atempest&utm_source=autotempest&utm_medium=trp&utm_campaign_id=1&utm_trusted=TRUE
2024 BMW M3 CS,"$125,353","12,545 mi.",2024,BMW,M3,,WBS63AY08RFS69846,,CarGurus,"Joliet, IL — Motor Cars Of Chicago",https://www.cargurus.com/Cars/listing/459172898?sourceContext=autotempest&cgfv=1.24&cgfr=7&cgfab=Q&px8324=p110&dnetworktype=r&cgfdate=2026928&cgfloc=en
2023 BMW M3,"$81,215","6,783 mi.",2023,BMW,M3,,WBS53AY09PFN44567,,CarGurus,"Dallas, TX — Bmw Of Dallas/Mini Of Dallas",https://www.cargurus.com/Cars/listing/459124673?sourceContext=autotempest&cgfv=1.19&cgfr=1&cgfab=Q&px8324=p110&dnetworktype=r&cgfdate=2026929&cgfloc=en
2026 BMW M3 Competition xDrive,"$105,174","9,964 mi.",2026,BMW,M3,M3 xDrive Competition,WBS33HJ02TFV71940,,CarGurus,"Staten Island, NY — Brooklyn Auto Sales",https://www.cargurus.com/Cars/listing/459053014?sourceContext=autotempest&cgfv=1.23&cgfr=8&cgfab=Q&px8324=p110&dnetworktype=r&cgfdate=2026929&cgfloc=en
2025 BMW M3 Competition xDrive,"$82,998","11,423 mi.",2025,BMW,M3,M3 xDrive Competition,WBS33HJ0XSFV23195,,CarGurus,"Naples, FL — Carmax Naples",https://www.cargurus.com/Cars/listing/455839377?sourceContext=autotempest&cgfv=1.2&cgfr=1&cgfab=Q&px8324=p110&dnetworktype=r&cgfdate=2026929&cgfloc=en
2024 BMW M3,"$73,500","16,086 mi.",2024,BMW,M3,,WBS53AY02RFR71205,,CarGurus,"Raleigh, NC — Rdu Auto",https://www.cargurus.com/Cars/listing/458999458?sourceContext=autotempest&cgfv=1.16&cgfr=1&cgfab=Q&px8324=p110&dnetworktype=r&cgfdate=2026929&cgfloc=en
2024 BMW M3 Competition xDrive,"$85,569","296,455 mi.",2024,BMW,M3,M3 xDrive Competition,WBS43AY01RFR62510,,CarGurus,"Hyannis, MA — Bmw Of Cape Cod",https://www.cargurus.com/Cars/listing/459082774?sourceContext=autotempest&cgfv=1.2&cgfr=4&cgfab=Q&px8324=p110&dnetworktype=r&cgfdate=2026929&cgfloc=en
2023 BMW M3 Competition,"$81,695","12,929 mi.",2023,BMW,M3,M3 Competition,WBS33AY03PFN82061,,CarGurus,"Yonkers, NY — Yonkers Auto Gallery",https://www.cargurus.com/Cars/listing/453733151?sourceContext=autotempest&cgfv=1.19&cgfr=5&cgfab=Q&px8324=p110&dnetworktype=r&cgfdate=2026929&cgfloc=en
2023 BMW M3 Competition xDrive,"$86,810","13,473 mi.",2023,BMW,M3,M3 xDrive Competition,WBS43AY00PFP30512,,CarGurus,"Yonkers, NY — Yonkers Auto Gallery",https://www.cargurus.com/Cars/listing/454416157?sourceContext=autotempest&cgfv=1.2&cgfr=5&cgfab=Q&px8324=p110&dnetworktype=r&cgfdate=2026929&cgfloc=en
2027 BMW M3 Competition xDrive,"$96,034",16 mi.,2027,BMW,M3,M3 xDrive Competition,WBS33HJ04VFX34400,,CarGurus,"Hyannis, MA — Bmw Of Cape Cod",https://www.cargurus.com/Cars/listing/458942736?sourceContext=autotempest&cgfv=1.22&cgfr=4&cgfab=Q&px8324=p110&dnetworktype=r&cgfdate=2026929&cgfloc=en
2027 BMW M3 Competition xDrive,"$102,698",5 mi.,2027,BMW,M3,M3 xDrive Competition,WBS33HJ06VFX51795,,CarGurus,"Cincinnati, OH — Bmw Of Cincinnati North",https://www.cargurus.com/Cars/listing/458988366?sourceContext=autotempest&cgfv=1.23&cgfr=4&cgfab=Q&px8324=p110&dnetworktype=r&cgfdate=2026929&cgfloc=en
2027 BMW M3,"$109,249",,2027,BMW,M3,CS,WBS13HJ08VFX34164,,CarGurus,"Columbia, MO — Bmw Of Columbia",https://www.cargurus.com/Cars/listing/458995110?sourceContext=autotempest&cgfv=1.23&cgfr=4&cgfab=Q&px8324=p110&dnetworktype=r&cgfdate=2026929&cgfloc=en
2027 BMW M3,"$129,969",2 mi.,2027,BMW,M3,CS,WBS13HJ05VFX28788,,CarGurus,"Hyannis, MA — Bmw Of Cape Cod",https://www.cargurus.com/Cars/listing/458942743?sourceContext=autotempest&cgfv=1.24&cgfr=4&cgfab=Q&px8324=p110&dnetworktype=r&cgfdate=2026929&cgfloc=en
2027 BMW M3,"$134,989",2 mi.,2027,BMW,M3,CS,WBS13HJ09VFX32410,,CarGurus,"Hyannis, MA — Bmw Of Cape Cod",https://www.cargurus.com/Cars/listing/458942738?sourceContext=autotempest&cgfv=1.24&cgfr=4&cgfab=Q&px8324=p110&dnetworktype=r&cgfdate=2026929&cgfloc=en
2026 BMW M3,"$84,998","5,200 mi.",2026,BMW,M3,,WBS13HJ00TFV82992,,CarGurus,"San Antonio, TX — Cavender Buick Gmc North",https://www.cargurus.com/Cars/listing/458933290?sourceContext=autotempest&cgfv=1.2&cgfr=5&cgfab=Q&px8324=p110&dnetworktype=r&cgfdate=2026929&cgfloc=en
2025 BMW M3,"$80,175","9,601 mi.",2025,BMW,M3,,WBS13HJ03SFU87499,,CarGurus,"Grapevine, TX — Porsche Grapevine",https://www.cargurus.com/Cars/listing/458924782?sourceContext=autotempest&cgfv=1.19&cgfr=2&cgfab=Q&px8324=p110&dnetworktype=r&cgfdate=2026929&cgfloc=en
2023 BMW M3 Competition xDrive,"$86,445","25,613 mi.",2023,BMW,M3,M3 xDrive Competition,WBS43AY06PFN91082,,CarGurus,"Dallas, TX — Bmw Of Dallas/Mini Of Dallas",https://www.cargurus.com/Cars/listing/458973011?sourceContext=autotempest&cgfv=1.2&cgfr=5&cgfab=Q&px8324=p110&dnetworktype=r&cgfdate=2026929&cgfloc=en
2023 BMW M3 Competition xDrive,"$87,433","27,015 mi.",2023,BMW,M3,M3 xDrive Competition,WBS43AY08PFP30323,,CarGurus,"Miami, FL — Palmetto57 Volkswagen Nissan",https://www.cargurus.com/Cars/listing/458908443?sourceContext=autotempest&cgfv=1.2&cgfr=5&cgfab=Q&px8324=p110&dnetworktype=r&cgfdate=2026929&cgfloc=en
2022 BMW M3 Competition,"$65,163","41,294 mi.",2022,BMW,M3,M3 Competition,WBS33AY08NFL66462,,Cars.com,"Hillside, NJ — Luxury Motor Cars",https://www.cars.com/vehicledetail/17364293-6ee3-4c74-8548-5a2758ddc7c1/?aff=atempest&utm_campaign=atempest&utm_source=autotempest&utm_medium=trp&utm_campaign_id=1&utm_trusted=TRUE
2023 BMW M3 Competition xDrive,"$79,995","32,156 mi.",2023,BMW,M3,M3 xDrive Competition,WBS43AY02PFR13071,,CarGurus,"Houston, TX — Group 1 Lexus Southwest Houston",https://www.cargurus.com/Cars/listing/458876595?sourceContext=autotempest&cgfv=1.19&cgfr=2&cgfab=Q&px8324=p110&dnetworktype=r&cgfdate=2026929&cgfloc=en
2021 BMW M3,"$66,976","34,487 mi.",2021,BMW,M3,,WBS53AY06MFL24069,,Cars.com,"Dublin, OH — Twins Auto Of Dublin",https://www.cars.com/vehicledetail/7624efb2-42ba-4c67-9f76-b3e1ccd0c634/?aff=atempest&utm_campaign=atempest&utm_source=autotempest&utm_medium=trp&utm_campaign_id=1&utm_trusted=TRUE
2021 BMW M3 Competition,"$71,790","35,417 mi.",2021,BMW,M3,M3 Competition,WBS33AY0XMFL30562,,CarGurus,"Ewing, NJ — J&s Autohaus",https://www.cargurus.com/Cars/listing/458873841?sourceContext=autotempest&cgfv=1.15&cgfr=2&cgfab=Q&px8324=p110&dnetworktype=r&cgfdate=2026929&cgfloc=en
2027 BMW M3 Competition xDrive,"$97,991","1,105 mi.",2027,BMW,M3,M3 xDrive Competition,WBS33HJ01VFW74009,,Cars.com,"Houston, TX — Abz Motors",https://www.cars.com/vehicledetail/fcfbe9a5-1159-4020-94f3-5f2f4b4434b5/?aff=atempest&utm_campaign=atempest&utm_source=autotempest&utm_medium=trp&utm_campaign_id=1&utm_trusted=TRUE
2025 BMW M3,"$85,594","10,561 mi.",2025,BMW,M3,,WBS13HJ05SFU34027,,Cars.com,"Kansas City, KS — Randy Curnow Buick Gmc",https://www.cars.com/vehicledetail/a00c8aac-153c-41d0-b4a4-042e1d85e2ba/?aff=atempest&utm_campaign=atempest&utm_source=autotempest&utm_medium=trp&utm_campaign_id=1&utm_trusted=TRUE
2024 BMW M3,"$75,144","29,669 mi.",2024,BMW,M3,,WBS53AY06RFT18067,,Cars.com,"Seaford, NY — Toyota Of Massapequa",https://www.cars.com/vehicledetail/b188c0d9-47ae-4849-ace7-98f3762660f0/?aff=atempest&utm_campaign=atempest&utm_source=autotempest&utm_medium=trp&utm_campaign_id=1&utm_trusted=TRUE
2023 BMW M3,"$72,799","25,370 mi.",2023,BMW,M3,,WBS53AY08PFP52259,,CarGurus,"Greensboro, NC — I40 Auto",https://www.cargurus.com/Cars/listing/454132395?sourceContext=autotempest&cgfv=1.15&cgfr=2&cgfab=Q&px8324=p110&dnetworktype=r&cgfdate=2026929&cgfloc=en
2027 BMW M3 Competition xDrive,"$119,925",2 mi.,2027,BMW,M3,M3 xDrive Competition,WBS33HJ04VFX33246,,CarGurus,"Sarasota, FL — Bmw Of Sarasota",https://www.cargurus.com/Cars/listing/458795367?sourceContext=autotempest&cgfv=1.24&cgfr=4&cgfab=Q&px8324=p110&dnetworktype=r&cgfdate=2026929&cgfloc=en
2025 BMW M3 Competition xDrive,"$90,429","18,651 mi.",2025,BMW,M3,M3 xDrive Competition,WBS33HJ04SFU16997,,CarGurus,"Myrtle Beach, SC — Bmw Of Myrtle Beach",https://www.cargurus.com/Cars/listing/458733567?sourceContext=autotempest&cgfv=1.21&cgfr=7&cgfab=Q&px8324=p110&dnetworktype=r&cgfdate=2026929&cgfloc=en
2025 BMW M3 Competition xDrive,"$91,516","15,840 mi.",2025,BMW,M3,M3 xDrive Competition,WBS33HJ03SFU13590,,CarGurus,"Houston, TX — Bayway Cadillac Southwest",https://www.cargurus.com/Cars/listing/454512587?sourceContext=autotempest&cgfv=1.21&cgfr=5&cgfab=Q&px8324=p110&dnetworktype=r&cgfdate=2026929&cgfloc=en
2025 BMW M3 Competition xDrive,"$92,353","19,876 mi.",2025,BMW,M3,M3 xDrive Competition,WBS33HJ08SFU30191,,CarGurus,"Joliet, IL — Motor Cars Of Chicago",https://www.cargurus.com/Cars/listing/458711133?sourceContext=autotempest&cgfv=1.22&cgfr=5&cgfab=Q&px8324=p110&dnetworktype=r&cgfdate=2026929&cgfloc=en
2024 BMW M3 Competition xDrive,"$79,552","64,408 mi.",2024,BMW,M3,M3 xDrive Competition,WBS43AY07RFR74872,,CarGurus,"Orlando, FL — Porsche South Orlando",https://www.cargurus.com/Cars/listing/458735684?sourceContext=autotempest&cgfv=1.18&cgfr=7&cgfab=Q&px8324=p110&dnetworktype=r&cgfdate=2026929&cgfloc=en
2024 BMW M3 Competition xDrive,"$90,085","10,281 mi.",2024,BMW,M3,M3 xDrive Competition,WBS43AY06RFR73082,,CarGurus,"Tenafly, NJ — Bmw Of Tenafly",https://www.cargurus.com/Cars/listing/458732214?sourceContext=autotempest&cgfv=1.21&cgfr=5&cgfab=Q&px8324=p110&dnetworktype=r&cgfdate=2026929&cgfloc=en
2022 BMW M3 Competition xDrive,"$85,353","26,610 mi.",2022,BMW,M3,M3 xDrive Competition,WBS43AY0XNFN23204,,CarGurus,"Joliet, IL — Motor Cars Of Chicago",https://www.cargurus.com/Cars/listing/458711144?sourceContext=autotempest&cgfv=1.2&cgfr=5&cgfab=Q&px8324=p110&dnetworktype=r&cgfdate=2026929&cgfloc=en
2021 BMW M3 Competition,"$69,298","41,715 mi.",2021,BMW,M3,M3 Competition,WBS33AY01MFL23984,,CarGurus,"Westmont, IL — Audi Westmont",https://www.cargurus.com/Cars/listing/458768325?sourceContext=autotempest&cgfv=1.14&cgfr=5&cgfab=Q&px8324=p110&dnetworktype=r&cgfdate=2026929&cgfloc=en
2021 BMW M3 Competition,"$72,234","41,885 mi.",2021,BMW,M3,M3 Competition,WBS33AY05MFK74479,,CarGurus,"Irving , TX — Hopper Motorplex",https://www.cargurus.com/Cars/listing/458799155?sourceContext=autotempest&cgfv=1.15&cgfr=5&cgfab=Q&px8324=p110&dnetworktype=r&cgfdate=2026929&cgfloc=en
2027 BMW M3 Competition xDrive,"$99,288","1,074 mi.",2027,BMW,M3,M3 xDrive Competition,WBS33HJ09VFW69950,,CarGurus,"Pembroke Pines, FL — Bmw Of Pembroke Pines",https://www.cargurus.com/Cars/listing/458631142?sourceContext=autotempest&cgfv=1.22&cgfr=2&cgfab=Q&px8324=p110&dnetworktype=r&cgfdate=2026929&cgfloc=en
2026 BMW M3 Competition xDrive,"$100,985","2,821 mi.",2026,BMW,M3,M3 xDrive Competition,WBS33HJ03TFW34043,,CarGurus,"Miami, FL — Ocean Auto Club",https://www.cargurus.com/Cars/listing/458631587?sourceContext=autotempest&cgfv=1.23&cgfr=7&cgfab=Q&px8324=p110&dnetworktype=r&cgfdate=2026929&cgfloc=en
2025 BMW M3 Competition,"$81,825","30,536 mi.",2025,BMW,M3,M3 Competition,WBS23HJ00SFU59969,,CarGurus,"Houston, TX — Soho Motor Cars",https://www.cargurus.com/Cars/listing/458666564?sourceContext=autotempest&cgfv=1.19&cgfr=5&cgfab=Q&px8324=p110&dnetworktype=r&cgfdate=2026929&cgfloc=en
2025 BMW M3 Competition xDrive,"$95,100","7,263 mi.",2025,BMW,M3,M3 xDrive Competition,WBS33HJ08SFV14348,,Cars.com,"Indianapolis, IN — Fishers Imports Nw",https://www.cars.com/vehicledetail/8f27bb37-37d5-4943-a0da-44e5aa0a6cd4/?aff=atempest&utm_campaign=atempest&utm_source=autotempest&utm_medium=trp&utm_campaign_id=1&utm_trusted=TRUE
2024 BMW M3 Competition,"$79,077","35,487 mi.",2024,BMW,M3,M3 Competition,WBS33AY00RFS38271,,CarGurus,"Coconut Creek, FL — Infiniti Of Coconut Creek",https://www.cargurus.com/Cars/listing/458619409?sourceContext=autotempest&cgfv=1.18&cgfr=5&cgfab=Q&px8324=p110&dnetworktype=r&cgfdate=2026928&cgfloc=en
2024 BMW M3 Competition xDrive,"$88,844","20,350 mi.",2024,BMW,M3,M3 xDrive Competition,WBS43AY0XRFS32188,,CarGurus,"Tamarac, FL — Sawgrass Infiniti",https://www.cargurus.com/Cars/listing/451120201?sourceContext=autotempest&cgfv=1.21&cgfr=5&cgfab=Q&px8324=p110&dnetworktype=r&cgfdate=2026929&cgfloc=en
2024 BMW M3 Competition xDrive,"$89,998","10,230 mi.",2024,BMW,M3,M3 xDrive Competition,WBS43AY0XRFT55117,,Cars.com,"Coconut Creek, FL — Bmw/Mini Of Coconut Creek",https://www.cars.com/vehicledetail/f13180c6-965e-402c-8acb-d88b69be5022/?aff=atempest&utm_campaign=atempest&utm_source=autotempest&utm_medium=trp&utm_campaign_id=1&utm_trusted=TRUE
2024 BMW M3 Competition xDrive,"$94,417","13,313 mi.",2024,BMW,M3,M3 xDrive Competition,WBS43AY06RFS04453,,CarGurus,"Miami, FL — Palmetto Alfa Romeo Fiat",https://www.cargurus.com/Cars/listing/458691887?sourceContext=autotempest&cgfv=1.22&cgfr=7&cgfab=Q&px8324=p110&dnetworktype=r&cgfdate=2026929&cgfloc=en
2024 BMW M3 CS,"$100,000","59,651 mi.",2024,BMW,M3,,WBS63AY06RFR46229,,CarGurus,"Carrollton, TX — Prosperity Motors",https://www.cargurus.com/Cars/listing/443276204?sourceContext=autotempest&cgfv=1.23&cgfr=5&cgfab=Q&px8324=p110&dnetworktype=r&cgfdate=2026929&cgfloc=en
2023 BMW M3 Competition xDrive,"$89,210","30,273 mi.",2023,BMW,M3,M3 xDrive Competition,WBS43AY03PFP01439,,CarGurus,"Beaverton, OR — Beaverton Kia",https://www.cargurus.com/Cars/listing/458626325?sourceContext=autotempest&cgfv=1.21&cgfr=7&cgfab=Q&px8324=p110&dnetworktype=r&cgfdate=2026929&cgfloc=en
2023 BMW M3 Competition xDrive,"$91,894","19,837 mi.",2023,BMW,M3,M3 xDrive Competition,WBS43AY09PFN31250,,CarGurus,"Mount Pleasant, WI — Zeigler Honda Of Racine",https://www.cargurus.com/Cars/listing/458614482?sourceContext=autotempest&cgfv=1.21&cgfr=7&cgfab=Q&px8324=p110&dnetworktype=r&cgfdate=2026929&cgfloc=en
2027 BMW M3 Competition xDrive,"$127,863",16 mi.,2027,BMW,M3,M3 xDrive Competition,WBS33HJ06VFX16402,,CarGurus,"Murray, UT — Bmw Of Murray",https://www.cargurus.com/Cars/listing/458495697?sourceContext=autotempest&cgfv=1.24&cgfr=4&cgfab=Q&px8324=p110&dnetworktype=r&cgfdate=2026929&cgfloc=en
2023 BMW M3 Competition xDrive,"$81,113","33,509 mi.",2023,BMW,M3,M3 xDrive Competition,WBS43AY05PFP59052,,CarGurus,"Houston, TX — Westside Lexus",https://www.cargurus.com/Cars/listing/458506687?sourceContext=autotempest&cgfv=1.19&cgfr=5&cgfab=Q&px8324=p110&dnetworktype=r&cgfdate=2026929&cgfloc=en
2023 BMW M3 Competition xDrive,"$95,215","5,009 mi.",2023,BMW,M3,M3 xDrive Competition,WBS43AY06PFP11544,,CarGurus,"Carrollton, TX — One Legacy Motors",https://www.cargurus.com/Cars/listing/458515947?sourceContext=autotempest&cgfv=1.22&cgfr=7&cgfab=Q&px8324=p110&dnetworktype=r&cgfdate=2026929&cgfloc=en
2027 BMW M3 Competition xDrive,"$106,933",5 mi.,2027,BMW,M3,M3 xDrive Competition,WBS33HJ03VFX48577,,CarGurus,"Cincinnati, OH — Bmw Of Cincinnati North",https://www.cargurus.com/Cars/listing/458470427?sourceContext=autotempest&cgfv=1.23&cgfr=4&cgfab=Q&px8324=p110&dnetworktype=r&cgfdate=2026929&cgfloc=en
2025 BMW M3 Competition xDrive,"$90,891","8,989 mi.",2025,BMW,M3,M3 xDrive Competition,WBS33HJ01SFU15595,,Cars.com,"Andrews, TX — Sewell Chevrolet Of Andrews",https://www.cars.com/vehicledetail/7bfc1ba6-db52-4061-a26a-b4e5dcb2737a/?aff=atempest&utm_campaign=atempest&utm_source=autotempest&utm_medium=trp&utm_campaign_id=1&utm_trusted=TRUE
2025 BMW M3 Competition xDrive,"$92,687","7,390 mi.",2025,BMW,M3,M3 xDrive Competition,WBS33HJ0XSFV40952,,CarGurus,"San Antonio, TX — Principle Bmw Of San Antonio",https://www.cargurus.com/Cars/listing/458451024?sourceContext=autotempest&cgfv=1.22&cgfr=5&cgfab=Q&px8324=p110&dnetworktype=r&cgfdate=2026929&cgfloc=en
2022 BMW M3 Competition,"$70,805","39,121 mi.",2022,BMW,M3,M3 Competition,WBS33AY0XNFM98641,,CarGurus,"Lewisville, TX — Lewisville Autoplex",https://www.cargurus.com/Cars/listing/458399496?sourceContext=autotempest&cgfv=1.15&cgfr=5&cgfab=Q&px8324=p110&dnetworktype=r&cgfdate=2026929&cgfloc=en
2025 BMW M3,"$81,990","9,090 mi.",2025,BMW,M3,,WBS13HJ07SFT79483,,CarGurus,"Westfield, IN — Unlimited Motors - Westfield",https://www.cargurus.com/Cars/listing/458334185?sourceContext=autotempest&cgfv=1.19&cgfr=5&cgfab=Q&px8324=p110&dnetworktype=r&cgfdate=2026929&cgfloc=en
2025 BMW M3 Competition xDrive,"$98,594","8,297 mi.",2025,BMW,M3,M3 xDrive Competition,WBS33HJ07SFU95629,,CarGurus,"Lawrenceville, NJ — Precision Acura Of Princeton",https://www.cargurus.com/Cars/listing/458367042?sourceContext=autotempest&cgfv=1.22&cgfr=7&cgfab=Q&px8324=p110&dnetworktype=r&cgfdate=2026929&cgfloc=en
2023 BMW M3 Competition,"$79,388","13,462 mi.",2023,BMW,M3,M3 Competition,WBS33AY01PFN85136,,CarGurus,"Aurora, IL — Motor Cars Mitsubishi",https://www.cargurus.com/Cars/listing/458347856?sourceContext=autotempest&cgfv=1.18&cgfr=2&cgfab=Q&px8324=p110&dnetworktype=r&cgfdate=2026929&cgfloc=en
2026 BMW M3 Competition xDrive,"$96,758","1,334 mi.",2026,BMW,M3,M3 xDrive Competition,WBS33HJ05TFW31287,,CarGurus,"Tyler, TX — Bmw Of Tyler",https://www.cargurus.com/Cars/listing/458309158?sourceContext=autotempest&cgfv=1.22&cgfr=2&cgfab=Q&px8324=p110&dnetworktype=r&cgfdate=2026929&cgfloc=en
2026 BMW M3 Competition xDrive,"$107,353","4,929 mi.",2026,BMW,M3,M3 xDrive Competition,WBS33HJ00TFW26207,,CarGurus,"Joliet, IL — Motor Cars Of Chicago",https://www.cargurus.com/Cars/listing/458314580?sourceContext=autotempest&cgfv=1.23&cgfr=5&cgfab=Q&px8324=p110&dnetworktype=r&cgfdate=2026929&cgfloc=en
2026 BMW M3 Competition xDrive,"$93,270","3,090 mi.",2026,BMW,M3,M3 xDrive Competition,WBS33HJ09TFW48741,,Cars.com,"Grapevine, TX — Grubbs Volvo Cars Grapevine",https://www.cars.com/vehicledetail/9d2a022b-a086-4918-bc5c-c24e86df419a/?aff=atempest&utm_campaign=atempest&utm_source=autotempest&utm_medium=trp&utm_campaign_id=1&utm_trusted=TRUE
2023 BMW M3 Competition,"$72,593","42,498 mi.",2023,BMW,M3,M3 Competition,WBS33AY05PFN55377,,Cars.com,"Elizabeth, NJ — Nj Auto Haus Llc",https://www.cars.com/vehicledetail/59359d56-fb1e-417d-8e89-f5b71925ba47/?aff=atempest&utm_campaign=atempest&utm_source=autotempest&utm_medium=trp&utm_campaign_id=1&utm_trusted=TRUE
2023 BMW M3,"$74,990","38,967 mi.",2023,BMW,M3,,WBS53AY04PFP25219,,CarGurus,"New Rochelle, NY — Land Rover New Rochelle",https://www.cargurus.com/Cars/listing/458240270?sourceContext=autotempest&cgfv=1.17&cgfr=5&cgfab=Q&px8324=p110&dnetworktype=r&cgfdate=2026929&cgfloc=en
2027 BMW M3 Competition xDrive,"$102,698",5 mi.,2027,BMW,M3,M3 xDrive Competition,WBS33HJ03VFX46845,,CarGurus,"Cincinnati, OH — Bmw Of Cincinnati North",https://www.cargurus.com/Cars/listing/458146359?sourceContext=autotempest&cgfv=1.23&cgfr=4&cgfab=Q&px8324=p110&dnetworktype=r&cgfdate=2026929&cgfloc=en
2026 BMW M3 Competition xDrive,"$97,140","6,552 mi.",2026,BMW,M3,M3 xDrive Competition,WBS33HJ01TFV84534,,CarGurus,"Houston, TX — Autobyzack, Inc.",https://www.cargurus.com/Cars/listing/458076968?sourceContext=autotempest&cgfv=1.22&cgfr=5&cgfab=Q&px8324=p110&dnetworktype=r&cgfdate=2026929&cgfloc=en
2025 BMW M3 Competition,"$80,264","34,344 mi.",2025,BMW,M3,M3 Competition,WBS23HJ02SFU30649,,CarGurus,"Ocean, NJ — Maserati Of Monmouth",https://www.cargurus.com/Cars/listing/458050016?sourceContext=autotempest&cgfv=1.19&cgfr=5&cgfab=Q&px8324=p110&dnetworktype=r&cgfdate=2026929&cgfloc=en
2024 BMW M3 Competition xDrive,"$87,376","20,658 mi.",2024,BMW,M3,M3 xDrive Competition,WBS43AY02RFT49540,,Cars.com,"Hoffman Estates, IL — Mercedes-Benz Of Hoffman Estates",https://www.cars.com/vehicledetail/fb23783e-6616-4fa5-a6c5-369fe1185813/?aff=atempest&utm_campaign=atempest&utm_source=autotempest&utm_medium=trp&utm_campaign_id=1&utm_trusted=TRUE
2024 BMW M3,"$103,353","5,003 mi.",2024,BMW,M3,,WBS53AY06RFS49767,,CarGurus,"Joliet, IL — Motor Cars Of Chicago",https://www.cargurus.com/Cars/listing/458121597?sourceContext=autotempest&cgfv=1.23&cgfr=6&cgfab=Q&px8324=p110&dnetworktype=r&cgfdate=2026929&cgfloc=en
2026 BMW M3 Competition xDrive,"$109,997","6,071 mi.",2026,BMW,M3,M3 xDrive Competition,WBS33HJ0XTFW19233,,CarGurus,"Ocoee, FL — Route One Auto",https://www.cargurus.com/Cars/listing/457977983?sourceContext=autotempest&cgfv=1.23&cgfr=8&cgfab=Q&px8324=p110&dnetworktype=r&cgfdate=2026929&cgfloc=en
2025 BMW M3 Competition xDrive,"$79,549","35,231 mi.",2025,BMW,M3,M3 xDrive Competition,WBS33HJ08SFU40218,,CarGurus,"Miami, FL — Metro Ford",https://www.cargurus.com/Cars/listing/457194745?sourceContext=autotempest&cgfv=1.18&cgfr=1&cgfab=Q&px8324=p110&dnetworktype=r&cgfdate=2026929&cgfloc=en
2025 BMW M3 Competition xDrive,"$93,990","6,682 mi.",2025,BMW,M3,M3 xDrive Competition,WBS33HJ05SFU57882,,CarGurus,"Orlando, FL — Titanium Auto Group",https://www.cargurus.com/Cars/listing/455458884?sourceContext=autotempest&cgfv=1.22&cgfr=5&cgfab=Q&px8324=p110&dnetworktype=r&cgfdate=2026929&cgfloc=en
2022 BMW M3 Competition xDrive,"$64,589","103,161 mi.",2022,BMW,M3,M3 xDrive Competition,WBS43AY01NFN10616,,CarGurus,"West Jordan, UT — The Used Car Factory",https://www.cargurus.com/Cars/listing/457933782?sourceContext=autotempest&cgfv=1.11&cgfr=8&cgfab=Q&px8324=p110&dnetworktype=r&cgfdate=2026929&cgfloc=en
2022 BMW M3 Competition xDrive,"$114,900","4,400 mi.",2022,BMW,M3,M3 xDrive Competition,WBS43AY05NFL64396,,CarGurus,"Miami, FL — The Group B",https://www.cargurus.com/Cars/listing/458031387?sourceContext=autotempest&cgfv=1.23&cgfr=6&cgfab=Q&px8324=p110&dnetworktype=r&cgfdate=2026929&cgfloc=en
2021 BMW M3 Competition,"$73,897","46,549 mi.",2021,BMW,M3,M3 Competition,WBS33AY04MFL04085,,CarGurus,"Marietta, GA — Gravity Autos Marietta",https://www.cargurus.com/Cars/listing/458022602?sourceContext=autotempest&cgfv=1.16&cgfr=5&cgfab=Q&px8324=p110&dnetworktype=r&cgfdate=2026929&cgfloc=en
2021 BMW M3,"$73,990","51,751 mi.",2021,BMW,M3,,WBS53AY0XMFL30666,,CarGurus,"Clifton, NJ — B & M Auto Mall",https://www.cargurus.com/Cars/listing/458030991?sourceContext=autotempest&cgfv=1.16&cgfr=8&cgfab=Q&px8324=p110&dnetworktype=r&cgfdate=2026929&cgfloc=en
2027 BMW M3 Competition,"$106,702",10 mi.,2027,BMW,M3,M3 Competition,WBS23HJ03VFX42919,,CarGurus,"Westmont, IL — Laurel Bmw Of Westmont",https://www.cargurus.com/Cars/listing/457873213?sourceContext=autotempest&cgfv=1.23&cgfr=4&cgfab=Q&px8324=p110&dnetworktype=r&cgfdate=2026929&cgfloc=en
2026 BMW M3 Competition,"$95,742","3,070 mi.",2026,BMW,M3,M3 Competition,WBS23HJ00TFW03599,,CarGurus,"Knoxville, TN — Grayson Bmw",https://www.cargurus.com/Cars/listing/457871749?sourceContext=autotempest&cgfv=1.22&cgfr=5&cgfab=Q&px8324=p110&dnetworktype=r&cgfdate=2026929&cgfloc=en
2024 BMW M3 Competition xDrive,"$84,170","26,490 mi.",2024,BMW,M3,M3 xDrive Competition,WBS43AY00RFS32183,,CarGurus,"Yonkers, NY — Central Ave Nissan",https://www.cargurus.com/Cars/listing/457853037?sourceContext=autotempest&cgfv=1.2&cgfr=5&cgfab=Q&px8324=p110&dnetworktype=r&cgfdate=2026929&cgfloc=en
2023 BMW M3 Competition xDrive,"$82,220","25,456 mi.",2023,BMW,M3,M3 xDrive Competition,WBS43AY07PFN88224,,CarGurus,"Dallas, TX — Imd Motors Dallas",https://www.cargurus.com/Cars/listing/457886832?sourceContext=autotempest&cgfv=1.19&cgfr=4&cgfab=Q&px8324=p110&dnetworktype=r&cgfdate=2026929&cgfloc=en
2023 BMW M3 Competition xDrive,"$91,876","4,911 mi.",2023,BMW,M3,M3 xDrive Competition,WBS43AY02PFN47614,,Cars.com,"North Miami, FL — Lincoln North Miami",https://www.cars.com/vehicledetail/9696e31f-8063-4477-8f02-55f9fe6469a0/?aff=atempest&utm_campaign=atempest&utm_source=autotempest&utm_medium=trp&utm_campaign_id=1&utm_trusted=TRUE
2027 BMW M3 Competition xDrive,"$108,340",15 mi.,2027,BMW,M3,M3 xDrive Competition,WBS33HJ04VFX27950,,CarGurus,"Tigard, OR — Bmw Of Tigard",https://www.cargurus.com/Cars/listing/457714065?sourceContext=autotempest&cgfv=1.23&cgfr=4&cgfab=Q&px8324=p110&dnetworktype=r&cgfdate=2026929&cgfloc=en
2026 BMW M3,"$81,486","1,942 mi.",2026,BMW,M3,,WBS13HJ09TFW34846,,CarGurus,"Vero Beach, FL — Toyota Kia Of Vero Beach",https://www.cargurus.com/Cars/listing/457795968?sourceContext=autotempest&cgfv=1.19&cgfr=1&cgfab=Q&px8324=p110&dnetworktype=r&cgfdate=2026929&cgfloc=en
2025 BMW M3 Competition,"$79,237","18,019 mi.",2025,BMW,M3,M3 Competition,WBS23HJ08SFU00023,,CarGurus,"Harlingen, TX — Gillman Chevrolet Of Harlingen",https://www.cargurus.com/Cars/listing/457688949?sourceContext=autotempest&cgfv=1.18&cgfr=1&cgfab=Q&px8324=p110&dnetworktype=r&cgfdate=2026929&cgfloc=en
2025 BMW M3 Competition xDrive,"$87,470","24,901 mi.",2025,BMW,M3,M3 xDrive Competition,WBS33HJ05SFU04647,,CarGurus,"Tamarac, FL — Sawgrass Infiniti",https://www.cargurus.com/Cars/listing/457770529?sourceContext=autotempest&cgfv=1.2&cgfr=2&cgfab=Q&px8324=p110&dnetworktype=r&cgfdate=2026929&cgfloc=en
2025 BMW M3 Competition xDrive,"$93,373","21,174 mi.",2025,BMW,M3,M3 xDrive Competition,WBS33HJ04SFU32780,,Cars.com,"Joliet, IL — Motor Cars Of Chicago",https://www.cars.com/vehicledetail/a855ca65-ce7e-4cff-9070-8e9142e8c510/?aff=atempest&utm_campaign=atempest&utm_source=autotempest&utm_medium=trp&utm_campaign_id=1&utm_trusted=TRUE
2024 BMW M3,"$81,380","8,245 mi.",2024,BMW,M3,,WBS53AY08RFR49208,,CarGurus,"Fife, WA — Porsche Tacoma",https://www.cargurus.com/Cars/listing/447678679?sourceContext=autotempest&cgfv=1.19&cgfr=2&cgfab=Q&px8324=p110&dnetworktype=r&cgfdate=2026929&cgfloc=en
2024 BMW M3 CS,"$138,798","3,045 mi.",2024,BMW,M3,,WBS63AY07RFS31850,,Cars.com,"Carrollton, TX — Earth Motorcars / Lotus Of Dallas",https://www.cars.com/vehicledetail/70953cfa-33cc-4bcc-b04f-fb20427b9524/?aff=atempest&utm_campaign=atempest&utm_source=autotempest&utm_medium=trp&utm_campaign_id=1&utm_trusted=TRUE
2023 BMW M3 Competition xDrive,"$82,248","28,420 mi.",2023,BMW,M3,M3 xDrive Competition,WBS43AY07PFP66021,,CarGurus,"Englewood, CO — Autonation Toyota Arapahoe",https://www.cargurus.com/Cars/listing/457746807?sourceContext=autotempest&cgfv=1.19&cgfr=2&cgfab=Q&px8324=p110&dnetworktype=r&cgfdate=2026929&cgfloc=en
2022 BMW M3 Competition,"$68,664","55,792 mi.",2022,BMW,M3,M3 Competition,WBS33AY08NFM57845,,Cars.com,"Newnan, GA — Alm Newnan",https://www.cars.com/vehicledetail/07c5e5b6-2b46-4a42-a504-2503a1b4825e/?aff=atempest&utm_campaign=atempest&utm_source=autotempest&utm_medium=trp&utm_campaign_id=1&utm_trusted=TRUE
2022 BMW M3 Competition,"$75,895","32,552 mi.",2022,BMW,M3,M3 Competition,WBS33AY08NFM39412,,CarGurus,"Coconut Creek, FL — Bmw Mini Of Coconut Creek",https://www.cargurus.com/Cars/listing/457798885?sourceContext=autotempest&cgfv=1.17&cgfr=5&cgfab=Q&px8324=p110&dnetworktype=r&cgfdate=2026929&cgfloc=en
2021 BMW M3,"$64,353","34,865 mi.",2021,BMW,M3,,WBS53AY07MFL08706,,CarGurus,"Joliet, IL — Motor Cars Of Chicago",https://www.cargurus.com/Cars/listing/457680426?sourceContext=autotempest&cgfv=1.11&cgfr=2&cgfab=Q&px8324=p110&dnetworktype=r&cgfdate=2026929&cgfloc=en
2027 BMW M3 Competition xDrive,"$97,908",1 mi.,2027,BMW,M3,M3 xDrive Competition,WBS33HJ07VFX23424,,CarGurus,"Dayton, OH — Voss Village Bmw",https://www.cargurus.com/Cars/listing/457657996?sourceContext=autotempest&cgfv=1.22&cgfr=4&cgfab=Q&px8324=p110&dnetworktype=r&cgfdate=2026929&cgfloc=en
2021 BMW M3 Competition,"$68,994","41,800 mi.",2021,BMW,M3,M3 Competition,WBS33AY02MFK77209,,CarGurus,"Edison, NJ — Bentley Of Edison",https://www.cargurus.com/Cars/listing/457665536?sourceContext=autotempest&cgfv=1.13&cgfr=5&cgfab=Q&px8324=p110&dnetworktype=r&cgfdate=2026929&cgfloc=en
2027 BMW M3,"$90,215",12 mi.,2027,BMW,M3,CS,WBS13HJ08VFW72622,,CarGurus,"Huntington Station, NY — Habberstad Bmw",https://www.cargurus.com/Cars/listing/448449816?sourceContext=autotempest&cgfv=1.21&cgfr=4&cgfab=Q&px8324=p110&dnetworktype=r&cgfdate=2026928&cgfloc=en
2025 BMW M3 Competition xDrive,"$90,489","10,774 mi.",2025,BMW,M3,M3 xDrive Competition,WBS33HJ04SFT72841,,CarGurus,"Doylestown, PA — Fred Beans Chrysler Dodge Jeep Ram",https://www.cargurus.com/Cars/listing/457625491?sourceContext=autotempest&cgfv=1.21&cgfr=2&cgfab=Q&px8324=p110&dnetworktype=r&cgfdate=2026929&cgfloc=en
2022 BMW M3 Competition,"$71,487","25,439 mi.",2022,BMW,M3,M3 Competition,WBS33AY08NFL75128,,CarGurus,"San Antonio, TX — Principle Bmw Of San Antonio",https://www.cargurus.com/Cars/listing/457607641?sourceContext=autotempest&cgfv=1.15&cgfr=2&cgfab=Q&px8324=p110&dnetworktype=r&cgfdate=2026929&cgfloc=en
2027 BMW M3 Competition xDrive,"$97,465",10 mi.,2027,BMW,M3,M3 xDrive Competition,WBS33HJ03VFX18950,,CarGurus,"The Woodlands, TX — Bmw Of The Woodlands",https://www.cargurus.com/Cars/listing/451102317?sourceContext=autotempest&cgfv=1.22&cgfr=4&cgfab=Q&px8324=p110&dnetworktype=r&cgfdate=2026929&cgfloc=en
2027 BMW M3 Competition xDrive,"$101,565",11 mi.,2027,BMW,M3,M3 xDrive Competition,WBS33HJ04VFX36292,,CarGurus,"Dallas, TX — Bmw Of Dallas/Mini Of Dallas",https://www.cargurus.com/Cars/listing/457536540?sourceContext=autotempest&cgfv=1.23&cgfr=4&cgfab=Q&px8324=p110&dnetworktype=r&cgfdate=2026929&cgfloc=en
2027 BMW M3 Competition xDrive,"$108,462",10 mi.,2027,BMW,M3,M3 xDrive Competition,WBS33HJ0XVFX44171,,CarGurus,"Westmont, IL — Laurel Bmw Of Westmont",https://www.cargurus.com/Cars/listing/457536576?sourceContext=autotempest&cgfv=1.23&cgfr=4&cgfab=Q&px8324=p110&dnetworktype=r&cgfdate=2026929&cgfloc=en
2026 BMW M3 Competition xDrive,"$92,270","3,296 mi.",2026,BMW,M3,M3 xDrive Competition,WBS33HJ02TFW39279,,Cars.com,"Grapevine, TX — Grubbs Volvo Cars Grapevine",https://www.cars.com/vehicledetail/3d2b4c1b-6b67-4e2f-85a6-f71dbe47ec54/?aff=atempest&utm_campaign=atempest&utm_source=autotempest&utm_medium=trp&utm_campaign_id=1&utm_trusted=TRUE
2026 BMW M3 Competition xDrive,"$94,325","8,230 mi.",2026,BMW,M3,M3 xDrive Competition,WBS33HJ01TFW15653,,CarGurus,"American Fork, UT — Ken Garff Chevrolet American Fork",https://www.cargurus.com/Cars/listing/457564810?sourceContext=autotempest&cgfv=1.22&cgfr=2&cgfab=Q&px8324=p110&dnetworktype=r&cgfdate=2026929&cgfloc=en
2026 BMW M3 Competition xDrive,"$98,314","3,667 mi.",2026,BMW,M3,M3 xDrive Competition,WBS33HJ03TFV78587,,Cars.com,"Troy, MI — Aston Martin Detroit",https://www.cars.com/vehicledetail/941f3d20-178e-4f6d-a73f-2b3531d80558/?aff=atempest&utm_campaign=atempest&utm_source=autotempest&utm_medium=trp&utm_campaign_id=1&utm_trusted=TRUE
2025 BMW M3 Competition xDrive,"$92,395","3,707 mi.",2025,BMW,M3,M3 xDrive Competition,WBS33HJ08SFV23289,,CarGurus,"Westborough, MA — Autobahn Usa",https://www.cargurus.com/Cars/listing/457570690?sourceContext=autotempest&cgfv=1.22&cgfr=5&cgfab=Q&px8324=p110&dnetworktype=r&cgfdate=2026929&cgfloc=en
2023 BMW M3,"$80,611","12,391 mi.",2023,BMW,M3,,WBS53AY01PFR41917,,CarGurus,"Alpharetta, GA — Versatile Collection",https://www.cargurus.com/Cars/listing/457529435?sourceContext=autotempest&cgfv=1.19&cgfr=2&cgfab=Q&px8324=p110&dnetworktype=r&cgfdate=2026929&cgfloc=en
2023 BMW M3 Competition,"$79,648","22,897 mi.",2023,BMW,M3,M3 Competition,WBS33AY0XPFP56451,,CarGurus,"Tamarac, FL — Sawgrass Infiniti",https://www.cargurus.com/Cars/listing/451315281?sourceContext=autotempest&cgfv=1.18&cgfr=2&cgfab=Q&px8324=p110&dnetworktype=r&cgfdate=2026929&cgfloc=en
2023 BMW M3 Competition xDrive,"$85,065","21,342 mi.",2023,BMW,M3,M3 xDrive Competition,WBS43AY01PFN27399,,CarGurus,"Mount Kisco, NY — Darcars Bmw Of Mt. Kisco",https://www.cargurus.com/Cars/listing/457514636?sourceContext=autotempest&cgfv=1.2&cgfr=5&cgfab=Q&px8324=p110&dnetworktype=r&cgfdate=2026929&cgfloc=en
2025 BMW M3 Competition xDrive,"$98,353","26,728 mi.",2025,BMW,M3,M3 xDrive Competition,WBS33HJ01SFT91301,,CarGurus,"Joliet, IL — Motor Cars Of Chicago",https://www.cargurus.com/Cars/listing/457412014?sourceContext=autotempest&cgfv=1.22&cgfr=7&cgfab=Q&px8324=p110&dnetworktype=r&cgfdate=2026929&cgfloc=en
2024 BMW M3 Competition,"$82,506","7,795 mi.",2024,BMW,M3,M3 Competition,WBS33AY00RFT43957,,CarGurus,"Midland, TX — Sewell Bmw Of The Permian Basin",https://www.cargurus.com/Cars/listing/457452888?sourceContext=autotempest&cgfv=1.19&cgfr=2&cgfab=Q&px8324=p110&dnetworktype=r&cgfdate=2026929&cgfloc=en
2024 BMW M3 Competition xDrive,"$93,912","14,119 mi.",2024,BMW,M3,M3 xDrive Competition,WBS43AY09RFS47023,,CarGurus,"Barrington, IL — Motor Werks Cadillac",https://www.cargurus.com/Cars/listing/457444010?sourceContext=autotempest&cgfv=1.22&cgfr=5&cgfab=Q&px8324=p110&dnetworktype=r&cgfdate=2026929&cgfloc=en
2025 BMW M3 Competition xDrive,"$90,749","18,004 mi.",2025,BMW,M3,M3 xDrive Competition,WBS33HJ05SFU36451,,CarGurus,"Omaha, NE — Onyx Automotive",https://www.cargurus.com/Cars/listing/457303085?sourceContext=autotempest&cgfv=1.21&cgfr=5&cgfab=Q&px8324=p110&dnetworktype=r&cgfdate=2026929&cgfloc=en
2023 BMW M3 Competition xDrive,"$93,695","23,850 mi.",2023,BMW,M3,M3 xDrive Competition,WBS43AY02PFP27210,,CarGurus,"Westbury, NY — Alpha Auto",https://www.cargurus.com/Cars/listing/457229193?sourceContext=autotempest&cgfv=1.22&cgfr=8&cgfab=Q&px8324=p110&dnetworktype=r&cgfdate=2026929&cgfloc=en
2022 BMW M3 Competition,"$73,470","32,060 mi.",2022,BMW,M3,M3 Competition,WBS33AY04NFL92220,,CarGurus,"Jacksonville, FL — Gravity Autos Jacksonville",https://www.cargurus.com/Cars/listing/452066738?sourceContext=autotempest&cgfv=1.16&cgfr=5&cgfab=Q&px8324=p110&dnetworktype=r&cgfdate=2026929&cgfloc=en
2026 BMW M3 Competition xDrive,"$90,799","28,302 mi.",2026,BMW,M3,M3 xDrive Competition,WBS33HJ09TFV52589,,CarGurus,"Owings Mills, MD — Bmw Of Owings Mills",https://www.cargurus.com/Cars/listing/457153032?sourceContext=autotempest&cgfv=1.21&cgfr=5&cgfab=Q&px8324=p110&dnetworktype=r&cgfdate=2026929&cgfloc=en
2025 BMW M3 Competition xDrive,"$90,531","9,627 mi.",2025,BMW,M3,M3 xDrive Competition,WBS33HJ09SFU52930,,CarGurus,"Annapolis, MD — Bmw Mini Of Annapolis",https://www.cargurus.com/Cars/listing/457152295?sourceContext=autotempest&cgfv=1.21&cgfr=2&cgfab=Q&px8324=p110&dnetworktype=r&cgfdate=2026929&cgfloc=en
2025 BMW M3 Competition xDrive,"$93,225","1,268 mi.",2025,BMW,M3,M3 xDrive Competition,WBS33HJ07SFU12281,,Cars.com,"Indianapolis, IN — Bentley Indianapolis",https://www.cars.com/vehicledetail/35672384-4f8f-4915-b353-4f2f156898af/?aff=atempest&utm_campaign=atempest&utm_source=autotempest&utm_medium=trp&utm_campaign_id=1&utm_trusted=TRUE
2025 BMW M3 Competition xDrive,"$89,849","10,965 mi.",2025,BMW,M3,M3 xDrive Competition,WBS33HJ06SFU36927,,CarGurus,"Sudbury, MA — Land Rover Sudbury",https://www.cargurus.com/Cars/listing/457084931?sourceContext=autotempest&cgfv=1.21&cgfr=2&cgfab=Q&px8324=p110&dnetworktype=r&cgfdate=2026929&cgfloc=en
2025 BMW M3 Competition xDrive,"$90,811","11,982 mi.",2025,BMW,M3,M3 xDrive Competition,WBS33HJ06SFU24454,,CarGurus,"Highland Park, IL — Gravity Autos Chicago",https://www.cargurus.com/Cars/listing/457016394?sourceContext=autotempest&cgfv=1.21&cgfr=1&cgfab=Q&px8324=p110&dnetworktype=r&cgfdate=2026929&cgfloc=en
2023 BMW M3 Competition,"$79,344","28,200 mi.",2023,BMW,M3,M3 Competition,WBS33AY09PFR26749,,CarGurus,"Honolulu, HI — Auto Z Hawaii",https://www.cargurus.com/Cars/listing/456990922?sourceContext=autotempest&cgfv=1.18&cgfr=7&cgfab=Q&px8324=p110&dnetworktype=r&cgfdate=2026929&cgfloc=en
2023 BMW M3 Competition xDrive,"$79,900","35,600 mi.",2023,BMW,M3,M3 xDrive Competition,WBS43AY03PFP61897,,CarGurus,"Birmingham, AL — Alset Birmingham Llc",https://www.cargurus.com/Cars/listing/456991151?sourceContext=autotempest&cgfv=1.19&cgfr=5&cgfab=Q&px8324=p110&dnetworktype=r&cgfdate=2026929&cgfloc=en
2027 BMW M3 Competition xDrive,"$99,748",2 mi.,2027,BMW,M3,M3 xDrive Competition,WBS33HJ0XVFW73831,,CarGurus,"Atlanta, GA — Global Imports Bmw",https://www.cargurus.com/Cars/listing/456955544?sourceContext=autotempest&cgfv=1.23&cgfr=4&cgfab=Q&px8324=p110&dnetworktype=r&cgfdate=2026929&cgfloc=en
2023 BMW M3 Competition,"$80,399","26,565 mi.",2023,BMW,M3,M3 Competition,WBS33AY07PFP95823,,CarGurus,"Fort Lauderdale, FL — Txtcharlie",https://www.cargurus.com/Cars/listing/456935157?sourceContext=autotempest&cgfv=1.19&cgfr=5&cgfab=Q&px8324=p110&dnetworktype=r&cgfdate=2026929&cgfloc=en
2025 BMW M3 Competition xDrive,"$90,773","7,399 mi.",2025,BMW,M3,M3 xDrive Competition,WBS33HJ08SFU20843,,CarGurus,"Charlottesville, VA — Colonial Auto Center",https://www.cargurus.com/Cars/listing/456876970?sourceContext=autotempest&cgfv=1.21&cgfr=2&cgfab=Q&px8324=p110&dnetworktype=r&cgfdate=2026929&cgfloc=en
2023 BMW M3 Competition xDrive,"$84,999","40,460 mi.",2023,BMW,M3,M3 xDrive Competition,WBS43AY09PFR05873,,Cars.com,"Staten Island, NY — Brooklyn Auto Sales",https://www.cars.com/vehicledetail/a3004505-6fbe-47ac-8666-336f7407769b/?aff=atempest&utm_campaign=atempest&utm_source=autotempest&utm_medium=trp&utm_campaign_id=1&utm_trusted=TRUE
2023 BMW M3 Competition xDrive,"$86,346","26,139 mi.",2023,BMW,M3,M3 xDrive Competition,WBS43AY06PFP59027,,CarGurus,"Rochester, MN — Park Place Motor Cars",https://www.cargurus.com/Cars/listing/456873120?sourceContext=autotempest&cgfv=1.2&cgfr=5&cgfab=Q&px8324=p110&dnetworktype=r&cgfdate=2026929&cgfloc=en
2023 BMW M3 .,"$86,696","2,219 mi.",2023,BMW,M3,,WBS53AY01PFP02030,,Cars.com,"Miami, FL — Prestige Imports",https://www.cars.com/vehicledetail/a0916716-37f1-412c-b231-4b00a11df175/?aff=atempest&utm_campaign=atempest&utm_source=autotempest&utm_medium=trp&utm_campaign_id=1&utm_trusted=TRUE
2023 BMW M3 Competition xDrive,"$105,100","13,098 mi.",2023,BMW,M3,M3 xDrive Competition,WBS43AY0XPFN38935,,Cars.com,"Federal Way, WA — West State Motorsport",https://www.cars.com/vehicledetail/3ec272e9-16b4-45af-8292-fc15774782fb/?aff=atempest&utm_campaign=atempest&utm_source=autotempest&utm_medium=trp&utm_campaign_id=1&utm_trusted=TRUE
2027 BMW M3 Competition xDrive,"$96,416","6,822 mi.",2027,BMW,M3,M3 xDrive Competition,WBS33HJ07VFW74743,,CarGurus,"Hollywood, FL — Toyota Of Hollywood",https://www.cargurus.com/Cars/listing/456772853?sourceContext=autotempest&cgfv=1.22&cgfr=5&cgfab=Q&px8324=p110&dnetworktype=r&cgfdate=2026929&cgfloc=en
2025 BMW M3 Competition xDrive,"$83,629","32,558 mi.",2025,BMW,M3,M3 xDrive Competition,WBS33HJ02SFU22362,,CarGurus,"Decatur, GA — Nalley Bmw",https://www.cargurus.com/Cars/listing/456760024?sourceContext=autotempest&cgfv=1.19&cgfr=2&cgfab=Q&px8324=p110&dnetworktype=r&cgfdate=2026929&cgfloc=en
2023 BMW M3 Competition,"$83,725","13,349 mi.",2023,BMW,M3,M3 Competition,WBS33AY06PFP75904,,CarGurus,"Austin, TX — Alfa Romeo Of Austin",https://www.cargurus.com/Cars/listing/456755567?sourceContext=autotempest&cgfv=1.2&cgfr=7&cgfab=Q&px8324=p110&dnetworktype=r&cgfdate=2026929&cgfloc=en
2026 BMW M3 Competition xDrive,"$97,153","4,689 mi.",2026,BMW,M3,M3 xDrive Competition,WBS33HJ05TFV84245,,CarGurus,"Hutto, TX — Covert Ford/Chevrolet Hutto",https://www.cargurus.com/Cars/listing/456685061?sourceContext=autotempest&cgfv=1.22&cgfr=5&cgfab=Q&px8324=p110&dnetworktype=r&cgfdate=2026929&cgfloc=en
2025 BMW M3 Competition xDrive,"$90,215","16,128 mi.",2025,BMW,M3,M3 xDrive Competition,WBS33HJ03SFT69431,,CarGurus,"Carrollton, TX — One Legacy Motors",https://www.cargurus.com/Cars/listing/452256379?sourceContext=autotempest&cgfv=1.21&cgfr=5&cgfab=Q&px8324=p110&dnetworktype=r&cgfdate=2026929&cgfloc=en
2025 BMW M3 Competition xDrive,"$101,291","14,725 mi.",2025,BMW,M3,M3 xDrive Competition,WBS33HJ08SFV27830,,CarGurus,"Fairfax, VA — Cars2us Of Fairfax",https://www.cargurus.com/Cars/listing/456694961?sourceContext=autotempest&cgfv=1.23&cgfr=8&cgfab=Q&px8324=p110&dnetworktype=r&cgfdate=2026929&cgfloc=en
2024 BMW M3 Competition xDrive,"$77,698","45,300 mi.",2024,BMW,M3,M3 xDrive Competition,WBS43AY05RFR64728,,CarGurus,"Sarasota, FL — The Consignment Club",https://www.cargurus.com/Cars/listing/456602194?sourceContext=autotempest&cgfv=1.18&cgfr=2&cgfab=Q&px8324=p110&dnetworktype=r&cgfdate=2026929&cgfloc=en
2024 BMW M3 CS,"$107,442","38,392 mi.",2024,BMW,M3,,WBS63AY0XRFP72312,,Cars.com,"Lake Worth, FL — Wayne Akers Ford",https://www.cars.com/vehicledetail/37023c23-3e46-4cb7-a245-5a14322f960a/?aff=atempest&utm_campaign=atempest&utm_source=autotempest&utm_medium=trp&utm_campaign_id=1&utm_trusted=TRUE
2027 BMW M3 Competition xDrive,"$125,353","1,507 mi.",2027,BMW,M3,M3 xDrive Competition,WBS33HJ05VFW78323,,CarGurus,"Joliet, IL — Motor Cars Of Chicago",https://www.cargurus.com/Cars/listing/456122450?sourceContext=autotempest&cgfv=1.24&cgfr=8&cgfab=Q&px8324=p110&dnetworktype=r&cgfdate=2026929&cgfloc=en
2026 BMW M3 Competition xDrive,"$103,353","14,277 mi.",2026,BMW,M3,M3 xDrive Competition,WBS33HJ07TFV95800,,CarGurus,"Joliet, IL — Motor Cars Of Chicago",https://www.cargurus.com/Cars/listing/456541640?sourceContext=autotempest&cgfv=1.23&cgfr=7&cgfab=Q&px8324=p110&dnetworktype=r&cgfdate=2026929&cgfloc=en
2024 BMW M3 Competition xDrive,"$86,549","15,127 mi.",2024,BMW,M3,M3 xDrive Competition,WBS43AY01RFS83739,,CarGurus,"Blackwood, NJ — Holman Ford Turnersville",https://www.cargurus.com/Cars/listing/456490943?sourceContext=autotempest&cgfv=1.2&cgfr=2&cgfab=Q&px8324=p110&dnetworktype=r&cgfdate=2026929&cgfloc=en
2024 BMW M3 Competition xDrive,"$90,353","16,468 mi.",2024,BMW,M3,M3 xDrive Competition,WBS43AY01RFR99038,,CarGurus,"Joliet, IL — Motor Cars Of Chicago",https://www.cargurus.com/Cars/listing/456541661?sourceContext=autotempest&cgfv=1.21&cgfr=2&cgfab=Q&px8324=p110&dnetworktype=r&cgfdate=2026929&cgfloc=en
2024 BMW M3 CS,"$120,353","25,615 mi.",2024,BMW,M3,,WBS63AY02RFR82645,,CarGurus,"Joliet, IL — Motor Cars Of Chicago",https://www.cargurus.com/Cars/listing/456541646?sourceContext=autotempest&cgfv=1.24&cgfr=5&cgfab=Q&px8324=p110&dnetworktype=r&cgfdate=2026929&cgfloc=en
2024 BMW M3 Competition xDrive,"$120,373",293 mi.,2024,BMW,M3,M3 xDrive Competition,WBS43AY04RFS64165,,Cars.com,"Joliet, IL — Motor Cars Of Chicago",https://www.cars.com/vehicledetail/49df2cd0-2378-489e-bfcf-ddc6d7ea0d78/?aff=atempest&utm_campaign=atempest&utm_source=autotempest&utm_medium=trp&utm_campaign_id=1&utm_trusted=TRUE
2023 BMW M3 Competition xDrive,"$82,353","34,504 mi.",2023,BMW,M3,M3 xDrive Competition,WBS43AY00PFN41231,,CarGurus,"Joliet, IL — Motor Cars Of Chicago",https://www.cargurus.com/Cars/listing/456541644?sourceContext=autotempest&cgfv=1.19&cgfr=2&cgfab=Q&px8324=p110&dnetworktype=r&cgfdate=2026929&cgfloc=en
2023 BMW M3 Competition xDrive,"$84,486","27,852 mi.",2023,BMW,M3,M3 xDrive Competition,WBS43AY09PFN82294,,CarGurus,"Madison, WI — Rosen Nissan Of Madison",https://www.cargurus.com/Cars/listing/456546435?sourceContext=autotempest&cgfv=1.2&cgfr=5&cgfab=Q&px8324=p110&dnetworktype=r&cgfdate=2026929&cgfloc=en
2022 BMW M3 Competition xDrive,"$81,889","17,837 mi.",2022,BMW,M3,M3 xDrive Competition,WBS43AY07NFL85041,,CarGurus,"Paradise, PA — Keim Chevrolet",https://www.cargurus.com/Cars/listing/456469167?sourceContext=autotempest&cgfv=1.19&cgfr=5&cgfab=Q&px8324=p110&dnetworktype=r&cgfdate=2026929&cgfloc=en
2026 BMW M3 Competition xDrive,"$89,909","2,662 mi.",2026,BMW,M3,M3 xDrive Competition,WBS33HJ09TFW34340,,CarGurus,"Miami, FL — Brickell Chrysler Dodge Jeep Ram",https://www.cargurus.com/Cars/listing/447278809?sourceContext=autotempest&cgfv=1.21&cgfr=1&cgfab=Q&px8324=p110&dnetworktype=r&cgfdate=2026929&cgfloc=en
2024 BMW M3,"$50,395","11,400 mi.",2024,BMW,M3,,WBS53AY03RFT42908,,CarGurus,"Riviera Beach, FL — Supra Auto Sales",https://www.cargurus.com/Cars/listing/456460135?sourceContext=autotempest&cgfv=0.96&cgfr=4&cgfab=Q&px8324=p110&dnetworktype=r&cgfdate=2026929&cgfloc=en
2023 BMW M3 Competition xDrive,"$79,697","38,963 mi.",2023,BMW,M3,M3 xDrive Competition,WBS43AY09PFN90914,,CarGurus,"Pompano Beach, FL — Hgreg Lux",https://www.cargurus.com/Cars/listing/456429132?sourceContext=autotempest&cgfv=1.18&cgfr=2&cgfab=Q&px8324=p110&dnetworktype=r&cgfdate=2026929&cgfloc=en
2027 BMW M3 Competition xDrive,"$107,245",2 mi.,2027,BMW,M3,M3 xDrive Competition,WBS33HJ02VFX14498,,CarGurus,"Katy, TX — Bmw Of West Houston",https://www.cargurus.com/Cars/listing/456350936?sourceContext=autotempest&cgfv=1.23&cgfr=4&cgfab=Q&px8324=p110&dnetworktype=r&cgfdate=2026929&cgfloc=en
2027 BMW M3 Competition xDrive,"$100,406",5 mi.,2027,BMW,M3,M3 xDrive Competition,WBS33HJ0XVFX35373,,CarGurus,"Columbia, SC — Bmw Of Columbia",https://www.cargurus.com/Cars/listing/456104646?sourceContext=autotempest&cgfv=1.23&cgfr=4&cgfab=Q&px8324=p110&dnetworktype=r&cgfdate=2026929&cgfloc=en
2025 BMW M3 Competition,"$81,178","16,439 mi.",2025,BMW,M3,M3 Competition,WBS23HJ0XSFU85818,,CarGurus,"Raleigh, NC — Leith Lincoln",https://www.cargurus.com/Cars/listing/456161300?sourceContext=autotempest&cgfv=1.19&cgfr=2&cgfab=Q&px8324=p110&dnetworktype=r&cgfdate=2026929&cgfloc=en
2024 BMW M3 Competition,"$83,742","26,053 mi.",2024,BMW,M3,M3 Competition,WBS33AY05RFS51758,,CarGurus,"Knoxville, TN — Grayson Bmw",https://www.cargurus.com/Cars/listing/456150159?sourceContext=autotempest&cgfv=1.2&cgfr=7&cgfab=Q&px8324=p110&dnetworktype=r&cgfdate=2026929&cgfloc=en
2024 BMW M3 Competition xDrive,"$92,498","9,622 mi.",2024,BMW,M3,M3 xDrive Competition,WBS43AY07RFR61703,,CarGurus,"Blair, NE — Country Auto",https://www.cargurus.com/Cars/listing/456200043?sourceContext=autotempest&cgfv=1.22&cgfr=2&cgfab=Q&px8324=p110&dnetworktype=r&cgfdate=2026929&cgfloc=en
2023 BMW M3 Competition,"$75,297","45,431 mi.",2023,BMW,M3,M3 Competition,WBS33AY07PFN28178,,CarGurus,"Alpharetta, GA — Platinum Used Cars",https://www.cargurus.com/Cars/listing/456193818?sourceContext=autotempest&cgfv=1.16&cgfr=7&cgfab=Q&px8324=p110&dnetworktype=r&cgfdate=2026929&cgfloc=en
2023 BMW M3,"$82,990","18,498 mi.",2023,BMW,M3,,WBS53AY08PFR15945,,Cars.com,"New Albany, IN — Hypercars",https://www.cars.com/vehicledetail/ac993fb1-51ab-4c57-a882-9c70e0300ca5/?aff=atempest&utm_campaign=atempest&utm_source=autotempest&utm_medium=trp&utm_campaign_id=1&utm_trusted=TRUE
2021 BMW M3 Competition,"$61,627","53,074 mi.",2021,BMW,M3,M3 Competition,WBS33AY07MFK56937,,CarGurus,"Hillside, NJ — Luxury Motor Cars",https://www.cargurus.com/Cars/listing/456128570?sourceContext=autotempest&cgfv=1.09&cgfr=2&cgfab=Q&px8324=p110&dnetworktype=r&cgfdate=2026929&cgfloc=en
2027 BMW M3 Competition xDrive,"$105,200",8 mi.,2027,BMW,M3,M3 xDrive Competition,WBS33HJ04VFX25762,,CarGurus,"The Woodlands, TX — Bmw Of The Woodlands",https://www.cargurus.com/Cars/listing/456045434?sourceContext=autotempest&cgfv=1.23&cgfr=4&cgfab=Q&px8324=p110&dnetworktype=r&cgfdate=2026929&cgfloc=en
2026 BMW M3 Competition xDrive,"$94,497","3,715 mi.",2026,BMW,M3,M3 xDrive Competition,WBS33HJ03TFW48251,,CarGurus,"Marietta, GA — Gravity Autos Marietta",https://www.cargurus.com/Cars/listing/456015078?sourceContext=autotempest&cgfv=1.22&cgfr=2&cgfab=Q&px8324=p110&dnetworktype=r&cgfdate=2026929&cgfloc=en
2023 BMW M3 Competition xDrive,"$88,187","27,566 mi.",2023,BMW,M3,M3 xDrive Competition,WBS43AY09PFN56410,,CarGurus,"Billings, MT — Montana Auto Collective",https://www.cargurus.com/Cars/listing/456087558?sourceContext=autotempest&cgfv=1.21&cgfr=5&cgfab=Q&px8324=p110&dnetworktype=r&cgfdate=2026929&cgfloc=en
2027 BMW M3 Competition xDrive,"$91,937","7,456 mi.",2027,BMW,M3,M3 xDrive Competition,WBS33HJ05VFW74059,,CarGurus,"Davie, FL — University Mitsubishi",https://www.cargurus.com/Cars/listing/455961777?sourceContext=autotempest&cgfv=1.21&cgfr=2&cgfab=Q&px8324=p110&dnetworktype=r&cgfdate=2026929&cgfloc=en
2027 BMW M3 Competition xDrive,"$104,950",,2027,BMW,M3,M3 xDrive Competition,WBS33HJ0XVFX29170,,CarGurus,"Atlanta, GA — Global Imports Bmw",https://www.cargurus.com/Cars/listing/455878018?sourceContext=autotempest&cgfv=1.23&cgfr=4&cgfab=Q&px8324=p110&dnetworktype=r&cgfdate=2026929&cgfloc=en
2027 BMW M3,"$110,875",10 mi.,2027,BMW,M3,CS,WBS13HJ06VFX41551,,CarGurus,"The Woodlands, TX — Bmw Of The Woodlands",https://www.cargurus.com/Cars/listing/455942256?sourceContext=autotempest&cgfv=1.23&cgfr=4&cgfab=Q&px8324=p110&dnetworktype=r&cgfdate=2026929&cgfloc=en
2026 BMW M3,"$90,100","2,187 mi.",2026,BMW,M3,,WBS13HJ07TFV69043,,CarGurus,"Federal Way, WA — West State Motorsport",https://www.cargurus.com/Cars/listing/455987667?sourceContext=autotempest&cgfv=1.21&cgfr=5&cgfab=Q&px8324=p110&dnetworktype=r&cgfdate=2026929&cgfloc=en
2025 BMW M3 Competition,"$76,795","39,016 mi.",2025,BMW,M3,M3 Competition,WBS23HJ03SFT76696,,Cars.com,"New Port Richey, FL — Jacobs Mitsubishi",https://www.cars.com/vehicledetail/470f5161-df11-4eda-8f8b-356f81470443/?aff=atempest&utm_campaign=atempest&utm_source=autotempest&utm_medium=trp&utm_campaign_id=1&utm_trusted=TRUE
2025 BMW M3 Competition xDrive,"$88,500","11,397 mi.",2025,BMW,M3,M3 xDrive Competition,WBS33HJ02SFU19977,,CarGurus,"Apopka, FL — Mullinax Ford Of Central Florida",https://www.cargurus.com/Cars/listing/455967439?sourceContext=autotempest&cgfv=1.21&cgfr=2&cgfab=Q&px8324=p110&dnetworktype=r&cgfdate=2026929&cgfloc=en
2024 BMW M3 Competition xDrive,"$85,696","11,836 mi.",2024,BMW,M3,M3 xDrive Competition,WBS43AY09RFT58641,,Cars.com,"Raleigh, NC — Bmw Of Raleigh",https://www.cars.com/vehicledetail/eb057eb6-bafb-47e0-a80e-fefc05e859c7/?aff=atempest&utm_campaign=atempest&utm_source=autotempest&utm_medium=trp&utm_campaign_id=1&utm_trusted=TRUE
2023 BMW M3 Competition xDrive,"$86,085","27,532 mi.",2023,BMW,M3,M3 xDrive Competition,WBS43AY09PFN32348,,CarGurus,"Orlando, FL — Fields Bmw South Orlando",https://www.cargurus.com/Cars/listing/455972900?sourceContext=autotempest&cgfv=1.2&cgfr=5&cgfab=Q&px8324=p110&dnetworktype=r&cgfdate=2026929&cgfloc=en
2023 BMW M3 Competition xDrive,"$87,412","13,939 mi.",2023,BMW,M3,M3 xDrive Competition,WBS43AY07PFR17245,,CarGurus,"Barrington, IL — Motor Werks Cadillac",https://www.cargurus.com/Cars/listing/448047979?sourceContext=autotempest&cgfv=1.21&cgfr=2&cgfab=Q&px8324=p110&dnetworktype=r&cgfdate=2026929&cgfloc=en
2027 BMW M3,"$110,650",5 mi.,2027,BMW,M3,CS,WBS13HJ09VFX41544,,CarGurus,"Highlands Ranch, CO — Schomp Bmw",https://www.cargurus.com/Cars/listing/455865493?sourceContext=autotempest&cgfv=1.23&cgfr=4&cgfab=Q&px8324=p110&dnetworktype=r&cgfdate=2026929&cgfloc=en
2026 BMW M3 Competition xDrive,"$105,353","6,842 mi.",2026,BMW,M3,M3 xDrive Competition,WBS33HJ09TFW18171,,CarGurus,"Joliet, IL — Motor Cars Of Chicago",https://www.cargurus.com/Cars/listing/455785943?sourceContext=autotempest&cgfv=1.23&cgfr=5&cgfab=Q&px8324=p110&dnetworktype=r&cgfdate=2026929&cgfloc=en
2024 BMW M3 CS,"$130,898","4,475 mi.",2024,BMW,M3,,WBS63AY07RFR51908,,CarGurus,"Fort Lauderdale, FL — Las Olas Autohaus",https://www.cargurus.com/Cars/listing/455823567?sourceContext=autotempest&cgfv=1.24&cgfr=5&cgfab=Q&px8324=p110&dnetworktype=r&cgfdate=2026929&cgfloc=en
2022 BMW M3 Competition xDrive,"$76,353","35,059 mi.",2022,BMW,M3,M3 xDrive Competition,WBS43AY09NFN23050,,CarGurus,"Joliet, IL — Motor Cars Of Chicago",https://www.cargurus.com/Cars/listing/455785939?sourceContext=autotempest&cgfv=1.17&cgfr=2&cgfab=Q&px8324=p110&dnetworktype=r&cgfdate=2026929&cgfloc=en
2022 BMW M3 Competition xDrive,"$82,353","52,882 mi.",2022,BMW,M3,M3 xDrive Competition,WBS43AY05NFL78766,,CarGurus,"Joliet, IL — Motor Cars Of Chicago",https://www.cargurus.com/Cars/listing/455785957?sourceContext=autotempest&cgfv=1.19&cgfr=8&cgfab=Q&px8324=p110&dnetworktype=r&cgfdate=2026929&cgfloc=en
2027 BMW M3 Competition xDrive,"$97,620",2 mi.,2027,BMW,M3,M3 xDrive Competition,WBS33HJ01VFX14668,,CarGurus,"Katy, TX — Bmw Of West Houston",https://www.cargurus.com/Cars/listing/455764583?sourceContext=autotempest&cgfv=1.22&cgfr=4&cgfab=Q&px8324=p110&dnetworktype=r&cgfdate=2026929&cgfloc=en
2027 BMW M3,"$94,449",32 mi.,2027,BMW,M3,CS,WBS13HJ09VFW68000,,CarGurus,"Towson, MD — Bmw Of Towson",https://www.cargurus.com/Cars/listing/453206677?sourceContext=autotempest&cgfv=1.22&cgfr=4&cgfab=Q&px8324=p110&dnetworktype=r&cgfdate=2026929&cgfloc=en
2025 BMW M3 Competition xDrive,"$91,412","7,991 mi.",2025,BMW,M3,M3 xDrive Competition,WBS33HJ06SFT97269,,CarGurus,"Peoria, IL — Scherer Volvo Cars",https://www.cargurus.com/Cars/listing/455635184?sourceContext=autotempest&cgfv=1.21&cgfr=2&cgfab=Q&px8324=p110&dnetworktype=r&cgfdate=2026929&cgfloc=en
2024 BMW M3 Competition xDrive,"$84,345","22,692 mi.",2024,BMW,M3,M3 xDrive Competition,WBS43AY04RFS98705,,CarGurus,"Boston, MA — Herb Chambers Bmw Of Boston",https://www.cargurus.com/Cars/listing/455666567?sourceContext=autotempest&cgfv=1.2&cgfr=2&cgfab=Q&px8324=p110&dnetworktype=r&cgfdate=2026929&cgfloc=en
2023 BMW M3,"$81,199","5,127 mi.",2023,BMW,M3,,WBS53AY00PFP43135,,CarGurus,"East Brunswick, NJ — Space Auto Group",https://www.cargurus.com/Cars/listing/434972544?sourceContext=autotempest&cgfv=1.19&cgfr=5&cgfab=Q&px8324=p110&dnetworktype=r&cgfdate=2026929&cgfloc=en
2026 BMW M3 Competition xDrive,"$93,863","6,614 mi.",2026,BMW,M3,M3 xDrive Competition,WBS33HJ04TFW53670,,CarGurus,"Wilmington, DE — Union Park Automotive Group",https://www.cargurus.com/Cars/listing/455599592?sourceContext=autotempest&cgfv=1.22&cgfr=5&cgfab=Q&px8324=p110&dnetworktype=r&cgfdate=2026929&cgfloc=en
2025 BMW M3 Competition,"$82,588","19,859 mi.",2025,BMW,M3,M3 Competition,WBS23HJ02SFT71621,,CarGurus,"Chamblee, GA — Gravity Autos Atlanta",https://www.cargurus.com/Cars/listing/454330224?sourceContext=autotempest&cgfv=1.19&cgfr=2&cgfab=Q&px8324=p110&dnetworktype=r&cgfdate=2026929&cgfloc=en
2025 BMW M3 Competition xDrive,"$82,991","17,040 mi.",2025,BMW,M3,M3 xDrive Competition,WBS33HJ09SFU57433,,CarGurus,"Fruitland Park, FL — Chrysler Jeep Dodge Ram Of Leesburg",https://www.cargurus.com/Cars/listing/455607034?sourceContext=autotempest&cgfv=1.2&cgfr=1&cgfab=Q&px8324=p110&dnetworktype=r&cgfdate=2026929&cgfloc=en
2024 BMW M3,"$77,489","6,816 mi.",2024,BMW,M3,,WBS53AY08RFT55704,,CarGurus,"West Springfield, MA — Bmw Of West Springfield",https://www.cargurus.com/Cars/listing/455532604?sourceContext=autotempest&cgfv=1.17&cgfr=1&cgfab=Q&px8324=p110&dnetworktype=r&cgfdate=2026929&cgfloc=en
2023 BMW M3 Competition xDrive,"$84,092","14,717 mi.",2023,BMW,M3,M3 xDrive Competition,WBS43AY04PFP72195,,CarGurus,"Danvers, MA — Ira Toyota Of Danvers",https://www.cargurus.com/Cars/listing/455568611?sourceContext=autotempest&cgfv=1.2&cgfr=2&cgfab=Q&px8324=p110&dnetworktype=r&cgfdate=2026929&cgfloc=en
2021 BMW M3 Competition,"$57,480","83,839 mi.",2021,BMW,M3,M3 Competition,WBS33AY04MFL32033,,CarGurus,"Peabody, MA — Bmw Peabody",https://www.cargurus.com/Cars/listing/455499215?sourceContext=autotempest&cgfv=1.05&cgfr=5&cgfab=Q&px8324=p110&dnetworktype=r&cgfdate=2026929&cgfloc=en
2027 BMW M3,"$101,949",22 mi.,2027,BMW,M3,CS,WBS13HJ08VFW72149,,CarGurus,"Towson, MD — Bmw Of Towson",https://www.cargurus.com/Cars/listing/447408091?sourceContext=autotempest&cgfv=1.23&cgfr=4&cgfab=Q&px8324=p110&dnetworktype=r&cgfdate=2026929&cgfloc=en
2025 BMW M3 Competition xDrive,"$98,353","3,134 mi.",2025,BMW,M3,M3 xDrive Competition,WBS33HJ0XSFU70305,,CarGurus,"Joliet, IL — Motor Cars Of Chicago",https://www.cargurus.com/Cars/listing/455298207?sourceContext=autotempest&cgfv=1.22&cgfr=5&cgfab=Q&px8324=p110&dnetworktype=r&cgfdate=2026929&cgfloc=en
2024 BMW M3 Competition xDrive,"$85,481","22,607 mi.",2024,BMW,M3,M3 xDrive Competition,WBS43AY02RFR59390,,CarGurus,"Hurst, TX — Hurst Autoplex",https://www.cargurus.com/Cars/listing/455259567?sourceContext=autotempest&cgfv=1.2&cgfr=2&cgfab=Q&px8324=p110&dnetworktype=r&cgfdate=2026929&cgfloc=en
2024 BMW M3 Competition xDrive,"$88,100","40,478 mi.",2024,BMW,M3,M3 xDrive Competition,WBS43AY04RFR92410,,Cars.com,"Federal Way, WA — West State Motorsport",https://www.cars.com/vehicledetail/7d5cc129-c1d9-4230-902b-8b68d8b80198/?aff=atempest&utm_campaign=atempest&utm_source=autotempest&utm_medium=trp&utm_campaign_id=1&utm_trusted=TRUE
2023 BMW M3,"$75,198","25,322 mi.",2023,BMW,M3,,WBS53AY08PFR24743,,CarGurus,"New Braunfels, TX — Champion Nissan New Braunfels",https://www.cargurus.com/Cars/listing/449240116?sourceContext=autotempest&cgfv=1.17&cgfr=2&cgfab=Q&px8324=p110&dnetworktype=r&cgfdate=2026929&cgfloc=en
2022 BMW M3 Competition,"$64,695","43,070 mi.",2022,BMW,M3,M3 Competition,WBS33AY07NFM26926,,CarGurus,"Tinton Falls, NJ — Circle Subaru",https://www.cargurus.com/Cars/listing/455250295?sourceContext=autotempest&cgfv=1.11&cgfr=2&cgfab=Q&px8324=p110&dnetworktype=r&cgfdate=2026929&cgfloc=en
2022 BMW M3 Competition,"$73,187","18,125 mi.",2022,BMW,M3,M3 Competition,WBS33AY06NFM31616,,CarGurus,"Lynnfield, MA — Herb Chambers Cadillac Of Lynnfield",https://www.cargurus.com/Cars/listing/455401350?sourceContext=autotempest&cgfv=1.16&cgfr=1&cgfab=Q&px8324=p110&dnetworktype=r&cgfdate=2026929&cgfloc=en
2025 BMW M3 Competition xDrive,"$108,353",840 mi.,2025,BMW,M3,M3 xDrive Competition,WBS33HJ02SFV46096,,CarGurus,"Joliet, IL — Motor Cars Of Chicago",https://www.cargurus.com/Cars/listing/443814905?sourceContext=autotempest&cgfv=1.23&cgfr=8&cgfab=Q&px8324=p110&dnetworktype=r&cgfdate=2026929&cgfloc=en
2024 BMW M3,"$87,353","8,488 mi.",2024,BMW,M3,,WBS53AY03RFT63080,,CarGurus,"Joliet, IL — Motor Cars Of Chicago",https://www.cargurus.com/Cars/listing/455193310?sourceContext=autotempest&cgfv=1.21&cgfr=7&cgfab=Q&px8324=p110&dnetworktype=r&cgfdate=2026929&cgfloc=en
2023 BMW M3 Competition xDrive,"$90,845","30,535 mi.",2023,BMW,M3,M3 xDrive Competition,WBS43AY0XPFN45366,,Cars.com,"Portland, OR — Prime Motor Co",https://www.cars.com/vehicledetail/55ac6b34-3960-42f9-a36d-a2fd5fac5874/?aff=atempest&utm_campaign=atempest&utm_source=autotempest&utm_medium=trp&utm_campaign_id=1&utm_trusted=TRUE
2022 BMW M3 Competition,"$72,586","47,193 mi.",2022,BMW,M3,M3 Competition,WBS33AY09NFL99695,,CarGurus,"Jacksonville, FL — Gravity Autos Jacksonville",https://www.cargurus.com/Cars/listing/455121227?sourceContext=autotempest&cgfv=1.15&cgfr=5&cgfab=Q&px8324=p110&dnetworktype=r&cgfdate=2026929&cgfloc=en
2026 BMW M3,"$89,248","2,372 mi.",2026,BMW,M3,,WBS13HJ08TFV87180,,CarGurus,"Indianapolis, IN — Dreyer & Reinbold Bmw",https://www.cargurus.com/Cars/listing/455075233?sourceContext=autotempest&cgfv=1.21&cgfr=5&cgfab=Q&px8324=p110&dnetworktype=r&cgfdate=2026929&cgfloc=en
2024 BMW M3 Competition,"$77,890","25,504 mi.",2024,BMW,M3,M3 Competition,WBS33AY0XRFT44372,,CarGurus,"Orlando, FL — Florida Preowned",https://www.cargurus.com/Cars/listing/455081115?sourceContext=autotempest&cgfv=1.18&cgfr=2&cgfab=Q&px8324=p110&dnetworktype=r&cgfdate=2026929&cgfloc=en
2027 BMW M3,"$111,062",9 mi.,2027,BMW,M3,CS,WBS13HJ03VFX37862,,CarGurus,"Chicago, IL — Perillo Bmw",https://www.cargurus.com/Cars/listing/455056272?sourceContext=autotempest&cgfv=1.23&cgfr=4&cgfab=Q&px8324=p110&dnetworktype=r&cgfdate=2026929&cgfloc=en
2023 BMW M3,"$68,884","27,042 mi.",2023,BMW,M3,,WBS53AY04PFR12654,,Cars.com,"Springfield, NJ — Springfield Luxury Auto Mall",https://www.cars.com/vehicledetail/d4413946-1b2c-414e-b3a5-d638154d0d31/?aff=atempest&utm_campaign=atempest&utm_source=autotempest&utm_medium=trp&utm_campaign_id=1&utm_trusted=TRUE
2023 BMW M3 Competition xDrive,"$83,517","30,958 mi.",2023,BMW,M3,M3 xDrive Competition,WBS43AY06PFP35617,,Cars.com,"Marietta, GA — Platinum Cars Marietta",https://www.cars.com/vehicledetail/fd006833-a6b3-4a00-834f-a8ebacb464ea/?aff=atempest&utm_campaign=atempest&utm_source=autotempest&utm_medium=trp&utm_campaign_id=1&utm_trusted=TRUE
2025 BMW M3 Competition xDrive,"$92,523","10,410 mi.",2025,BMW,M3,M3 xDrive Competition,WBS33HJ03SFV14564,,Cars.com,"Wilmington, DE — Union Park Honda Bmw Buick Gmc Volvo Car",https://www.cars.com/vehicledetail/4f981551-3bdc-40c0-b554-692dc7b3f4fd/?aff=atempest&utm_campaign=atempest&utm_source=autotempest&utm_medium=trp&utm_campaign_id=1&utm_trusted=TRUE
2024 BMW M3 Competition xDrive,"$88,052","18,595 mi.",2024,BMW,M3,M3 xDrive Competition,WBS43AY04RFS05391,,CarGurus,"Alvin, TX — Motor Trends Of Houston",https://www.cargurus.com/Cars/listing/454867275?sourceContext=autotempest&cgfv=1.21&cgfr=5&cgfab=Q&px8324=p110&dnetworktype=r&cgfdate=2026929&cgfloc=en
2023 BMW M3 Competition xDrive,"$92,353","22,881 mi.",2023,BMW,M3,M3 xDrive Competition,WBS43AY00PFN39656,,CarGurus,"Joliet, IL — Motor Cars Of Chicago",https://www.cargurus.com/Cars/listing/454877673?sourceContext=autotempest&cgfv=1.22&cgfr=7&cgfab=Q&px8324=p110&dnetworktype=r&cgfdate=2026929&cgfloc=en
2021 BMW M3 Competition,"$74,299","17,412 mi.",2021,BMW,M3,M3 Competition,WBS33AY03MFL25171,,Cars.com,"Atlantic Highlands, NJ — Massari Motors",https://www.cars.com/vehicledetail/4e635aba-afd8-4b55-b361-69643d201e7d/?aff=atempest&utm_campaign=atempest&utm_source=autotempest&utm_medium=trp&utm_campaign_id=1&utm_trusted=TRUE
2025 BMW M3 Competition xDrive,"$104,756","11,087 mi.",2025,BMW,M3,M3 xDrive Competition,WBS33HJ04SFU64970,,CarGurus,"Columbia, TN — Benton Nissan Of Columbia",https://www.cargurus.com/Cars/listing/454735456?sourceContext=autotempest&cgfv=1.23&cgfr=8&cgfab=Q&px8324=p110&dnetworktype=r&cgfdate=2026929&cgfloc=en
2024 BMW M3 Competition xDrive,"$78,197","46,004 mi.",2024,BMW,M3,M3 xDrive Competition,WBS43AY0XRFT29875,,CarGurus,"White Bear Lake, MN — White Bear Lake Superstore",https://www.cargurus.com/Cars/listing/454783778?sourceContext=autotempest&cgfv=1.18&cgfr=5&cgfab=Q&px8324=p110&dnetworktype=r&cgfdate=2026929&cgfloc=en
2021 BMW M3,"$60,209","47,480 mi.",2021,BMW,M3,,WBS53AY08MFL49510,,CarGurus,"Austin, TX — Bmw Of Austin",https://www.cargurus.com/Cars/listing/454747214?sourceContext=autotempest&cgfv=1.08&cgfr=2&cgfab=Q&px8324=p110&dnetworktype=r&cgfdate=2026929&cgfloc=en
2027 BMW M3 Competition xDrive,"$131,102",10 mi.,2027,BMW,M3,M3 xDrive Competition,WBS33HJ0XVFX36779,,CarGurus,"Westmont, IL — Laurel Bmw Of Westmont",https://www.cargurus.com/Cars/listing/454654867?sourceContext=autotempest&cgfv=1.24&cgfr=4&cgfab=Q&px8324=p110&dnetworktype=r&cgfdate=2026929&cgfloc=en
2025 BMW M3 Competition,"$77,995","10,171 mi.",2025,BMW,M3,M3 Competition,WBS23HJ09SFU39641,,Cars.com,"Great Neck, NY — Import Masters",https://www.cars.com/vehicledetail/004e46b0-de61-4eae-9f58-e3ba950722ef/?aff=atempest&utm_campaign=atempest&utm_source=autotempest&utm_medium=trp&utm_campaign_id=1&utm_trusted=TRUE
2025 BMW M3 Competition xDrive,"$93,494","16,039 mi.",2025,BMW,M3,M3 xDrive Competition,WBS33HJ07SFU15603,,CarGurus,"Marietta, GA — Alfa Romeo Of Marietta",https://www.cargurus.com/Cars/listing/454458806?sourceContext=autotempest&cgfv=1.22&cgfr=5&cgfab=Q&px8324=p110&dnetworktype=r&cgfdate=2026929&cgfloc=en
2024 BMW M3,"$77,246","10,473 mi.",2024,BMW,M3,,WBS53AY02RFT57156,,CarGurus,"Mechanicsburg, PA — Faulkner Infiniti Of Mechanicsburg",https://www.cargurus.com/Cars/listing/454489414?sourceContext=autotempest&cgfv=1.17&cgfr=1&cgfab=Q&px8324=p110&dnetworktype=r&cgfdate=2026929&cgfloc=en
2022 BMW M3 Competition,"$64,794","40,882 mi.",2022,BMW,M3,M3 Competition,WBS33AY08NFM05440,,CarGurus,"Fredericksburg, VA — Auto Vault",https://www.cargurus.com/Cars/listing/447798073?sourceContext=autotempest&cgfv=1.11&cgfr=1&cgfab=Q&px8324=p110&dnetworktype=r&cgfdate=2026929&cgfloc=en
2027 BMW M3,"$86,199",2 mi.,2027,BMW,M3,CS,WBS13HJ01VFX04987,,CarGurus,"Boston, MA — Herb Chambers Bmw Of Boston",https://www.cargurus.com/Cars/listing/454425618?sourceContext=autotempest&cgfv=1.2&cgfr=4&cgfab=Q&px8324=p110&dnetworktype=r&cgfdate=2026929&cgfloc=en
2026 BMW M3 Competition xDrive,"$110,353","3,250 mi.",2026,BMW,M3,M3 xDrive Competition,WBS33HJ0XTFW52782,,CarGurus,"Joliet, IL — Motor Cars Of Chicago",https://www.cargurus.com/Cars/listing/454416164?sourceContext=autotempest&cgfv=1.23&cgfr=7&cgfab=Q&px8324=p110&dnetworktype=r&cgfdate=2026929&cgfloc=en
2025 BMW M3 Competition xDrive,"$90,353","25,028 mi.",2025,BMW,M3,M3 xDrive Competition,WBS33HJ08SFT96429,,CarGurus,"Joliet, IL — Motor Cars Of Chicago",https://www.cargurus.com/Cars/listing/454416177?sourceContext=autotempest&cgfv=1.21&cgfr=2&cgfab=Q&px8324=p110&dnetworktype=r&cgfdate=2026929&cgfloc=en
2023 BMW M3 Competition xDrive,"$80,580","30,712 mi.",2023,BMW,M3,M3 xDrive Competition,WBS43AY07PFP22228,,Cars.com,"West Allis, WI — International Autos",https://www.cars.com/vehicledetail/d536625f-f8be-4d0d-a2ff-fc2ecc97aaf6/?aff=atempest&utm_campaign=atempest&utm_source=autotempest&utm_medium=trp&utm_campaign_id=1&utm_trusted=TRUE
2021 BMW M3 Competition,"$74,353","23,577 mi.",2021,BMW,M3,M3 Competition,WBS33AY02MFL21032,,CarGurus,"Joliet, IL — Motor Cars Of Chicago",https://www.cargurus.com/Cars/listing/454416181?sourceContext=autotempest&cgfv=1.16&cgfr=2&cgfab=Q&px8324=p110&dnetworktype=r&cgfdate=2026929&cgfloc=en
2026 BMW M3 Competition xDrive,"$94,935","2,629 mi.",2026,BMW,M3,M3 xDrive Competition,WBS33HJ09TFW38646,,CarGurus,"Delray Beach, FL — The Platinum Collection",https://www.cargurus.com/Cars/listing/454328296?sourceContext=autotempest&cgfv=1.22&cgfr=2&cgfab=Q&px8324=p110&dnetworktype=r&cgfdate=2026929&cgfloc=en
2027 BMW M3 Competition xDrive,"$97,000",5 mi.,2027,BMW,M3,M3 xDrive Competition,WBS33HJ05VFX35684,,CarGurus,"Highlands Ranch, CO — Schomp Bmw",https://www.cargurus.com/Cars/listing/454307314?sourceContext=autotempest&cgfv=1.22&cgfr=4&cgfab=Q&px8324=p110&dnetworktype=r&cgfdate=2026929&cgfloc=en
2023 BMW M3,"$76,676","14,380 mi.",2023,BMW,M3,,WBS53AY07PFP17812,,CarGurus,"Huntersville, NC — 704 Exotics",https://www.cargurus.com/Cars/listing/454230165?sourceContext=autotempest&cgfv=1.17&cgfr=2&cgfab=Q&px8324=p110&dnetworktype=r&cgfdate=2026929&cgfloc=en
2021 BMW M3 Competition,"$74,388","41,318 mi.",2021,BMW,M3,M3 Competition,WBS33AY08MFL32598,,CarGurus,"Aurora, IL — Motor Cars Mitsubishi",https://www.cargurus.com/Cars/listing/454214730?sourceContext=autotempest&cgfv=1.16&cgfr=5&cgfab=Q&px8324=p110&dnetworktype=r&cgfdate=2026929&cgfloc=en
2025 BMW M3 Competition xDrive,"$97,353","20,775 mi.",2025,BMW,M3,M3 xDrive Competition,WBS33HJ04SFU88492,,CarGurus,"Joliet, IL — Motor Cars Of Chicago",https://www.cargurus.com/Cars/listing/454108268?sourceContext=autotempest&cgfv=1.22&cgfr=7&cgfab=Q&px8324=p110&dnetworktype=r&cgfdate=2026929&cgfloc=en
2023 BMW M3,"$72,985","21,141 mi.",2023,BMW,M3,,WBS53AY08PFN44530,,CarGurus,"Tenafly, NJ — Bmw Of Tenafly",https://www.cargurus.com/Cars/listing/454127365?sourceContext=autotempest&cgfv=1.15&cgfr=1&cgfab=Q&px8324=p110&dnetworktype=r&cgfdate=2026929&cgfloc=en
2026 BMW M3,"$81,981","6,054 mi.",2026,BMW,M3,,WBS13HJ04TFW05447,,CarGurus,"Lancaster, PA — Faulkner Bmw",https://www.cargurus.com/Cars/listing/454047125?sourceContext=autotempest&cgfv=1.19&cgfr=2&cgfab=Q&px8324=p110&dnetworktype=r&cgfdate=2026929&cgfloc=en
2026 BMW M3,"$84,120","1,527 mi.",2026,BMW,M3,,WBS13HJ08TFV94453,,CarGurus,"Philadelphia, PA — Gt Motors Inc",https://www.cargurus.com/Cars/listing/446637716?sourceContext=autotempest&cgfv=1.2&cgfr=2&cgfab=Q&px8324=p110&dnetworktype=r&cgfdate=2026929&cgfloc=en
2025 BMW M3 Competition,"$83,899","4,387 mi.",2025,BMW,M3,M3 Competition,WBS23HJ01SFV12789,,CarGurus,"Palmetto Bay, FL — Hgreg Nissan Kendall",https://www.cargurus.com/Cars/listing/454032422?sourceContext=autotempest&cgfv=1.19&cgfr=1&cgfab=Q&px8324=p110&dnetworktype=r&cgfdate=2026929&cgfloc=en
2024 BMW M3 Competition xDrive,"$83,899","30,835 mi.",2024,BMW,M3,M3 xDrive Competition,WBS43AY0XRFT53013,,CarGurus,"Myrtle Beach, SC — Team Dodge, Ram Of Myrtle Beach",https://www.cargurus.com/Cars/listing/454033212?sourceContext=autotempest&cgfv=1.2&cgfr=5&cgfab=Q&px8324=p110&dnetworktype=r&cgfdate=2026929&cgfloc=en
2021 BMW M3 Competition,"$74,177","28,095 mi.",2021,BMW,M3,M3 Competition,WBS33AY03MFL42147,,CarGurus,"Westmont, IL — Ultimo Motors East",https://www.cargurus.com/Cars/listing/454022977?sourceContext=autotempest&cgfv=1.16&cgfr=2&cgfab=Q&px8324=p110&dnetworktype=r&cgfdate=2026929&cgfloc=en
2026 BMW M3,"$94,999","1,307 mi.",2026,BMW,M3,,WBS13HJ02TFV80029,,CarGurus,"Chantilly, VA — Motorcars Washington",https://www.cargurus.com/Cars/listing/432287814?sourceContext=autotempest&cgfv=1.22&cgfr=7&cgfab=Q&px8324=p110&dnetworktype=r&cgfdate=2026929&cgfloc=en
2026 BMW M3 Competition xDrive,"$93,698","4,765 mi.",2026,BMW,M3,M3 xDrive Competition,WBS33HJ06TFV84870,,Cars.com,"Milford, DE — I.G. Burton Bmw",https://www.cars.com/vehicledetail/a214c378-bbf8-4651-953a-abf641e41309/?aff=atempest&utm_campaign=atempest&utm_source=autotempest&utm_medium=trp&utm_campaign_id=1&utm_trusted=TRUE
2026 BMW M3,"$80,353","8,814 mi.",2026,BMW,M3,,WBS13HJ06TFV52900,,CarGurus,"Joliet, IL — Motor Cars Of Chicago",https://www.cargurus.com/Cars/listing/453733137?sourceContext=autotempest&cgfv=1.19&cgfr=1&cgfab=Q&px8324=p110&dnetworktype=r&cgfdate=2026929&cgfloc=en
2023 BMW M3 Competition,"$73,932","33,224 mi.",2023,BMW,M3,M3 Competition,WBS33AY01PFN84892,,CarGurus,"Smyrna, GA — Steve Rayman Chevrolet",https://www.cargurus.com/Cars/listing/453803418?sourceContext=autotempest&cgfv=1.16&cgfr=2&cgfab=Q&px8324=p110&dnetworktype=r&cgfdate=2026929&cgfloc=en
2023 BMW M3 Competition xDrive,"$79,737","11,830 mi.",2023,BMW,M3,M3 xDrive Competition,WBS43AY01PFN30514,,CarGurus,"Linden, NJ — Deluxe Auto Sales Of Linden",https://www.cargurus.com/Cars/listing/453794075?sourceContext=autotempest&cgfv=1.18&cgfr=4&cgfab=Q&px8324=p110&dnetworktype=r&cgfdate=2026929&cgfloc=en
2023 BMW M3 Competition xDrive,"$85,739","20,738 mi.",2023,BMW,M3,M3 xDrive Competition,WBS43AY03PFP06852,,CarGurus,"Miami, FL — Brickell Mazda",https://www.cargurus.com/Cars/listing/448082767?sourceContext=autotempest&cgfv=1.2&cgfr=2&cgfab=Q&px8324=p110&dnetworktype=r&cgfdate=2026929&cgfloc=en
2022 BMW M3 Competition xDrive,"$74,350","48,203 mi.",2022,BMW,M3,M3 xDrive Competition,WBS43AY03NFM26510,,CarGurus,"Willmar, MN — Schwieters Chevrolet Of Willmar",https://www.cargurus.com/Cars/listing/453815054?sourceContext=autotempest&cgfv=1.16&cgfr=5&cgfab=Q&px8324=p110&dnetworktype=r&cgfdate=2026929&cgfloc=en
2024 BMW M3 Competition xDrive,"$82,995","32,220 mi.",2024,BMW,M3,M3 xDrive Competition,WBS43AY04RFR64235,,CarGurus,"Bronx, NY — Teddy Volkswagen",https://www.cargurus.com/Cars/listing/453694907?sourceContext=autotempest&cgfv=1.2&cgfr=2&cgfab=Q&px8324=p110&dnetworktype=r&cgfdate=2026929&cgfloc=en
2022 BMW M3 Competition xDrive,"$70,996","42,984 mi.",2022,BMW,M3,M3 xDrive Competition,WBS43AY00NFL99539,,CarGurus,"Fort Lauderdale, FL — 1 Of 1 Motorsports",https://www.cargurus.com/Cars/listing/453684219?sourceContext=autotempest&cgfv=1.14&cgfr=4&cgfab=Q&px8324=p110&dnetworktype=r&cgfdate=2026929&cgfloc=en
2025 BMW M3 Competition xDrive,"$94,527","6,169 mi.",2025,BMW,M3,M3 xDrive Competition,WBS33HJ05SFV08412,,CarGurus,"Marietta, GA — Alfa Romeo Of Marietta",https://www.cargurus.com/Cars/listing/450183771?sourceContext=autotempest&cgfv=1.22&cgfr=2&cgfab=Q&px8324=p110&dnetworktype=r&cgfdate=2026929&cgfloc=en
2025 BMW M3 Competition xDrive,"$96,140","2,699 mi.",2025,BMW,M3,M3 xDrive Competition,WBS33HJ09SFV35063,,CarGurus,"Houston, TX — Autobyzack, Inc.",https://www.cargurus.com/Cars/listing/453542322?sourceContext=autotempest&cgfv=1.22&cgfr=5&cgfab=Q&px8324=p110&dnetworktype=r&cgfdate=2026929&cgfloc=en
2021 BMW M3,"$73,790","29,498 mi.",2021,BMW,M3,,WBS53AY06MFL50610,,CarGurus,"Ewing, NJ — J&s Autohaus",https://www.cargurus.com/Cars/listing/453550169?sourceContext=autotempest&cgfv=1.16&cgfr=7&cgfab=Q&px8324=p110&dnetworktype=r&cgfdate=2026929&cgfloc=en
2027 BMW M3,"$89,985",12 mi.,2027,BMW,M3,CS,WBS13HJ00VFX03068,,CarGurus,"Peabody, MA — Bmw Peabody",https://www.cargurus.com/Cars/listing/453435409?sourceContext=autotempest&cgfv=1.21&cgfr=4&cgfab=Q&px8324=p110&dnetworktype=r&cgfdate=2026929&cgfloc=en
2024 BMW M3 Competition xDrive,"$79,620","24,589 mi.",2024,BMW,M3,M3 xDrive Competition,WBS43AY03RFS01705,,CarGurus,"Little Rock, AR — Porsche Little Rock",https://www.cargurus.com/Cars/listing/452404028?sourceContext=autotempest&cgfv=1.18&cgfr=2&cgfab=Q&px8324=p110&dnetworktype=r&cgfdate=2026929&cgfloc=en
2025 BMW M3 Competition xDrive,"$90,390","2,301 mi.",2025,BMW,M3,M3 xDrive Competition,WBS33HJ03SFU73790,,CarGurus,"Washington, PA — Washington Ford Incorporated",https://www.cargurus.com/Cars/listing/453388596?sourceContext=autotempest&cgfv=1.21&cgfr=2&cgfab=Q&px8324=p110&dnetworktype=r&cgfdate=2026928&cgfloc=en
2025 BMW M3 Competition xDrive,"$93,388","2,283 mi.",2025,BMW,M3,M3 xDrive Competition,WBS33HJ00SFV18541,,CarGurus,"Aurora, IL — Motor Cars Mitsubishi",https://www.cargurus.com/Cars/listing/453316312?sourceContext=autotempest&cgfv=1.22&cgfr=1&cgfab=Q&px8324=p110&dnetworktype=r&cgfdate=2026929&cgfloc=en
2024 BMW M3 Competition xDrive,"$84,791","13,119 mi.",2024,BMW,M3,M3 xDrive Competition,WBS43AY0XRFS53090,,CarGurus,"Boerne, TX — Genesis Of Nw San Antonio",https://www.cargurus.com/Cars/listing/450264443?sourceContext=autotempest&cgfv=1.2&cgfr=2&cgfab=Q&px8324=p110&dnetworktype=r&cgfdate=2026929&cgfloc=en
2024 BMW M3 CS,"$112,399","17,031 mi.",2024,BMW,M3,,WBS63AY00RFS07177,,CarGurus,"Fort Lauderdale, FL — Txtcharlie",https://www.cargurus.com/Cars/listing/453346445?sourceContext=autotempest&cgfv=1.23&cgfr=1&cgfab=Q&px8324=p110&dnetworktype=r&cgfdate=2026929&cgfloc=en
2025 BMW M3 Competition xDrive,"$85,353","23,430 mi.",2025,BMW,M3,M3 xDrive Competition,WBS33HJ06SFT74168,,CarGurus,"Joliet, IL — Motor Cars Of Chicago",https://www.cargurus.com/Cars/listing/453268306?sourceContext=autotempest&cgfv=1.2&cgfr=1&cgfab=Q&px8324=p110&dnetworktype=r&cgfdate=2026929&cgfloc=en
2021 BMW M3 Competition,"$70,994","19,269 mi.",2021,BMW,M3,M3 Competition,WBS33AY06MFL31952,,CarGurus,"North Plainfield, NJ — Cartopia",https://www.cargurus.com/Cars/listing/434353710?sourceContext=autotempest&cgfv=1.15&cgfr=1&cgfab=Q&px8324=p110&dnetworktype=r&cgfdate=2026929&cgfloc=en
2026 BMW M3 Competition xDrive,"$95,467","1,278 mi.",2026,BMW,M3,M3 xDrive Competition,WBS33HJ07TFV68371,,Cars.com,"Mendon, MA — Imperial Chevrolet",https://www.cars.com/vehicledetail/4d1a98bd-79c2-44eb-80cf-b59737737e6f/?aff=atempest&utm_campaign=atempest&utm_source=autotempest&utm_medium=trp&utm_campaign_id=1&utm_trusted=TRUE
2023 BMW M3 Competition xDrive,"$88,742","4,897 mi.",2023,BMW,M3,M3 xDrive Competition,WBS43AY08PFR20817,,CarGurus,"Knoxville, TN — Grayson Bmw",https://www.cargurus.com/Cars/listing/420715645?sourceContext=autotempest&cgfv=1.21&cgfr=2&cgfab=Q&px8324=p110&dnetworktype=r&cgfdate=2026929&cgfloc=en
2022 BMW M3,"$74,900","39,483 mi.",2022,BMW,M3,,WBS53AY09NFL87815,,CarGurus,"Indian Trail, NC — Guchon Imports",https://www.cargurus.com/Cars/listing/452835621?sourceContext=autotempest&cgfv=1.17&cgfr=4&cgfab=Q&px8324=p110&dnetworktype=r&cgfdate=2026929&cgfloc=en
2026 BMW M3 Competition xDrive,"$110,353","5,665 mi.",2026,BMW,M3,M3 xDrive Competition,WBS33HJ09TFV60059,,CarGurus,"Joliet, IL — Motor Cars Of Chicago",https://www.cargurus.com/Cars/listing/452737015?sourceContext=autotempest&cgfv=1.23&cgfr=7&cgfab=Q&px8324=p110&dnetworktype=r&cgfdate=2026929&cgfloc=en
2025 BMW M3 Competition xDrive,"$99,353","11,531 mi.",2025,BMW,M3,M3 xDrive Competition,WBS33HJ08SFU12743,,CarGurus,"Joliet, IL — Motor Cars Of Chicago",https://www.cargurus.com/Cars/listing/452737017?sourceContext=autotempest&cgfv=1.22&cgfr=7&cgfab=Q&px8324=p110&dnetworktype=r&cgfdate=2026929&cgfloc=en
2023 BMW M3,"$81,353","21,579 mi.",2023,BMW,M3,,WBS53AY02PFP01551,,CarGurus,"Joliet, IL — Motor Cars Of Chicago",https://www.cargurus.com/Cars/listing/452737096?sourceContext=autotempest&cgfv=1.19&cgfr=5&cgfab=Q&px8324=p110&dnetworktype=r&cgfdate=2026929&cgfloc=en
2026 BMW M3 Competition xDrive,"$101,995","1,593 mi.",2026,BMW,M3,M3 xDrive Competition,WBS33HJ09TFV97533,,CarGurus,"Indianapolis, IN — Express Auto Source",https://www.cargurus.com/Cars/listing/450327685?sourceContext=autotempest&cgfv=1.23&cgfr=7&cgfab=Q&px8324=p110&dnetworktype=r&cgfdate=2026929&cgfloc=en
2023 BMW M3 Competition,"$84,196","1,822 mi.",2023,BMW,M3,M3 Competition,WBS33AY00PFN87864,,CarGurus,"Marietta, GA — Momentum Motorcars",https://www.cargurus.com/Cars/listing/452511145?sourceContext=autotempest&cgfv=1.2&cgfr=5&cgfab=Q&px8324=p110&dnetworktype=r&cgfdate=2026929&cgfloc=en
2023 BMW M3 Competition xDrive,"$74,990","46,902 mi.",2023,BMW,M3,M3 xDrive Competition,WBS43AY06PFR39642,,CarGurus,"Crestview, FL — David Scott Lee Buick Gmc",https://www.cargurus.com/Cars/listing/452337515?sourceContext=autotempest&cgfv=1.17&cgfr=2&cgfab=Q&px8324=p110&dnetworktype=r&cgfdate=2026929&cgfloc=en
2023 BMW M3,"$79,299","14,407 mi.",2023,BMW,M3,,WBS53AY09PFR36755,,CarGurus,"Duluth, GA — Rick Hendrick Buick Gmc",https://www.cargurus.com/Cars/listing/452436959?sourceContext=autotempest&cgfv=1.18&cgfr=2&cgfab=Q&px8324=p110&dnetworktype=r&cgfdate=2026929&cgfloc=en
2026 BMW M3 Competition xDrive,"$95,250",,2026,BMW,M3,M3 xDrive Competition,WBS33HJ04TFV94281,,CarGurus,"Meridian, MS — Bmw Of Meridian",https://www.cargurus.com/Cars/listing/452153345?sourceContext=autotempest&cgfv=1.22&cgfr=4&cgfab=Q&px8324=p110&dnetworktype=r&cgfdate=2026929&cgfloc=en
2026 BMW M3 Competition xDrive,"$95,250",,2026,BMW,M3,M3 xDrive Competition,WBS33HJ08TFV96180,,CarGurus,"Meridian, MS — Bmw Of Meridian",https://www.cargurus.com/Cars/listing/452153349?sourceContext=autotempest&cgfv=1.22&cgfr=4&cgfab=Q&px8324=p110&dnetworktype=r&cgfdate=2026929&cgfloc=en
2026 BMW M3 Competition xDrive,"$95,770",,2026,BMW,M3,M3 xDrive Competition,WBS33HJ05TFW02288,,CarGurus,"Meridian, MS — Bmw Of Meridian",https://www.cargurus.com/Cars/listing/452153350?sourceContext=autotempest&cgfv=1.22&cgfr=4&cgfab=Q&px8324=p110&dnetworktype=r&cgfdate=2026929&cgfloc=en
2022 BMW M3,"$71,804","8,642 mi.",2022,BMW,M3,,WBS53AY02NFM31380,,CarGurus,"Kalamazoo, MI — Zeigler Chrysler Dodge Ram Of Kalamazoo",https://www.cargurus.com/Cars/listing/452033041?sourceContext=autotempest&cgfv=1.15&cgfr=2&cgfab=Q&px8324=p110&dnetworktype=r&cgfdate=2026929&cgfloc=en
2021 BMW M3,"$69,900","18,972 mi.",2021,BMW,M3,,WBS53AY07MFL36151,,CarGurus,"Evansville, IN — Lux Motors",https://www.cargurus.com/Cars/listing/451875219?sourceContext=autotempest&cgfv=1.14&cgfr=2&cgfab=Q&px8324=p110&dnetworktype=r&cgfdate=2026929&cgfloc=en
2021 BMW M3 Competition,"$73,097","36,133 mi.",2021,BMW,M3,M3 Competition,WBS33AY06MFL30946,,CarGurus,"Marietta, GA — Atlanta Autos",https://www.cargurus.com/Cars/listing/451590379?sourceContext=autotempest&cgfv=1.15&cgfr=2&cgfab=Q&px8324=p110&dnetworktype=r&cgfdate=2026929&cgfloc=en
2022 BMW M3,"$64,373","30,083 mi.",2022,BMW,M3,,WBS53AY0XNFM31661,,Cars.com,"Aurora, IL — Motor Cars Mitsubishi",https://www.cars.com/vehicledetail/2c27ca02-a932-4498-bc8f-96d2dcbc6918/?aff=atempest&utm_campaign=atempest&utm_source=autotempest&utm_medium=trp&utm_campaign_id=1&utm_trusted=TRUE
2025 BMW M3 Competition xDrive,"$110,353","3,360 mi.",2025,BMW,M3,M3 xDrive Competition,WBS33HJ03SFU30048,,CarGurus,"Joliet, IL — Motor Cars Of Chicago",https://www.cargurus.com/Cars/listing/446752136?sourceContext=autotempest&cgfv=1.23&cgfr=8&cgfab=Q&px8324=p110&dnetworktype=r&cgfdate=2026929&cgfloc=en
2022 BMW M3,"$63,384","40,412 mi.",2022,BMW,M3,,WBS53AY08NFM18861,,Cars.com,"Elizabeth, NJ — Nj Auto Haus Llc",https://www.cars.com/vehicledetail/13f03495-4551-4365-beda-941d59c88900/?aff=atempest&utm_campaign=atempest&utm_source=autotempest&utm_medium=trp&utm_campaign_id=1&utm_trusted=TRUE
2022 BMW M3 Competition xDrive,"$83,353","21,571 mi.",2022,BMW,M3,M3 xDrive Competition,WBS43AY08NFN06496,,CarGurus,"Joliet, IL — Motor Cars Of Chicago",https://www.cargurus.com/Cars/listing/450306023?sourceContext=autotempest&cgfv=1.2&cgfr=5&cgfab=Q&px8324=p110&dnetworktype=r&cgfdate=2026929&cgfloc=en
2024 BMW M3,"$121,389","18,408 mi.",2024,BMW,M3,,WBS53AY07RFT03349,,Cars.com,"Orlando, FL — Exotic Knights",https://www.cars.com/vehicledetail/8129ae01-4e09-4e9d-9f3f-feac905b0b27/?aff=atempest&utm_campaign=atempest&utm_source=autotempest&utm_medium=trp&utm_campaign_id=1&utm_trusted=TRUE
2024 BMW M3 Competition xDrive,"$89,714","14,350 mi.",2024,BMW,M3,M3 xDrive Competition,WBS43AY03RFS02966,,CarGurus,"Philadelphia, PA — Cottman Auto Mall",https://www.cargurus.com/Cars/listing/450749823?sourceContext=autotempest&cgfv=1.21&cgfr=2&cgfab=Q&px8324=p110&dnetworktype=r&cgfdate=2026929&cgfloc=en
2022 BMW M3 Competition xDrive,"$65,495","12,900 mi.",2022,BMW,M3,M3 xDrive Competition,WBS43AY07NFM61728,,CarGurus,"Riviera Beach, FL — Supra Auto Sales",https://www.cargurus.com/Cars/listing/450677451?sourceContext=autotempest&cgfv=1.12&cgfr=4&cgfab=Q&px8324=p110&dnetworktype=r&cgfdate=2026929&cgfloc=en
2021 BMW M3,"$63,088","42,611 mi.",2021,BMW,M3,,WBS53AY05MFK75852,,CarGurus,"Marietta, GA — Gravity Autos Marietta",https://www.cargurus.com/Cars/listing/450684409?sourceContext=autotempest&cgfv=1.09&cgfr=2&cgfab=Q&px8324=p110&dnetworktype=r&cgfdate=2026929&cgfloc=en
2026 BMW M3 Competition xDrive,"$92,742","5,571 mi.",2026,BMW,M3,M3 xDrive Competition,WBS33HJ08TFW33731,,Cars.com,"Knoxville, TN — Grayson Bmw",https://www.cars.com/vehicledetail/30d1a976-8b2b-4e39-a529-8c665c2212f9/?aff=atempest&utm_campaign=atempest&utm_source=autotempest&utm_medium=trp&utm_campaign_id=1&utm_trusted=TRUE
2027 BMW M3 Competition xDrive,"$103,048",11 mi.,2027,BMW,M3,M3 xDrive Competition,WBS33HJ09VFX11159,,CarGurus,"Fort Myers, FL — Bmw Of Fort Myers",https://www.cargurus.com/Cars/listing/450180871?sourceContext=autotempest&cgfv=1.23&cgfr=4&cgfab=Q&px8324=p110&dnetworktype=r&cgfdate=2026929&cgfloc=en
2024 BMW M3 Competition xDrive,"$93,215","36,858 mi.",2024,BMW,M3,M3 xDrive Competition,WBS43AY08RFS50995,,CarGurus,"Carrollton, TX — Epic Motors",https://www.cargurus.com/Cars/listing/448777461?sourceContext=autotempest&cgfv=1.22&cgfr=4&cgfab=Q&px8324=p110&dnetworktype=r&cgfdate=2026929&cgfloc=en
2024 BMW M3 CS,"$119,900","15,319 mi.",2024,BMW,M3,,WBS63AY01RFR69109,,CarGurus,"Bridgeville, PA — Unique Autos Incorporated",https://www.cargurus.com/Cars/listing/445956495?sourceContext=autotempest&cgfv=1.24&cgfr=2&cgfab=Q&px8324=p110&dnetworktype=r&cgfdate=2026929&cgfloc=en
2023 BMW M3 Competition,"$85,384","45,590 mi.",2023,BMW,M3,M3 Competition,WBS33AY0XPFN31267,,CarGurus,"Orlando, FL — Exotic Knights",https://www.cargurus.com/Cars/listing/449958980?sourceContext=autotempest&cgfv=1.2&cgfr=8&cgfab=Q&px8324=p110&dnetworktype=r&cgfdate=2026929&cgfloc=en
2025 BMW M3 Competition,"$90,373","18,480 mi.",2025,BMW,M3,M3 Competition,WBS23HJ05SFU41693,,Cars.com,"Joliet, IL — Motor Cars Of Chicago",https://www.cars.com/vehicledetail/4aa716cb-1aed-45b3-bdbe-9a99017a7391/?aff=atempest&utm_campaign=atempest&utm_source=autotempest&utm_medium=trp&utm_campaign_id=1&utm_trusted=TRUE
2023 BMW M3 Competition xDrive,"$93,353","7,080 mi.",2023,BMW,M3,M3 xDrive Competition,WBS43AY04PFP48608,,CarGurus,"Joliet, IL — Motor Cars Of Chicago",https://www.cargurus.com/Cars/listing/449898999?sourceContext=autotempest&cgfv=1.22&cgfr=5&cgfab=Q&px8324=p110&dnetworktype=r&cgfdate=2026929&cgfloc=en
2023 BMW M3 Competition xDrive,"$79,945","42,755 mi.",2023,BMW,M3,M3 xDrive Competition,WBS43AY05PFN90229,,CarGurus,"Parker, CO — Rocky Mountain Eurosport - Parker",https://www.cargurus.com/Cars/listing/449790716?sourceContext=autotempest&cgfv=1.19&cgfr=5&cgfab=Q&px8324=p110&dnetworktype=r&cgfdate=2026929&cgfloc=en
2024 BMW M3 Competition xDrive,"$92,373","15,075 mi.",2024,BMW,M3,M3 xDrive Competition,WBS43AY04RFT01697,,Cars.com,"Joliet, IL — Motor Cars Of Chicago",https://www.cars.com/vehicledetail/ecfac60d-1323-4929-8386-1bb1933ff1e8/?aff=atempest&utm_campaign=atempest&utm_source=autotempest&utm_medium=trp&utm_campaign_id=1&utm_trusted=TRUE
2025 BMW M3 Competition xDrive,"$87,127","9,303 mi.",2025,BMW,M3,M3 xDrive Competition,WBS33HJ03SFT90179,,CarGurus,"Tallahassee, FL — Dale Earnhardt Jr. Chevrolet",https://www.cargurus.com/Cars/listing/444243453?sourceContext=autotempest&cgfv=1.2&cgfr=1&cgfab=Q&px8324=p110&dnetworktype=r&cgfdate=2026929&cgfloc=en
2021 BMW M3 Competition,"$75,879","39,719 mi.",2021,BMW,M3,M3 Competition,WBS33AY07MFL08051,,CarGurus,"Delray Beach, FL — The Platinum Collection",https://www.cargurus.com/Cars/listing/449053667?sourceContext=autotempest&cgfv=1.16&cgfr=5&cgfab=Q&px8324=p110&dnetworktype=r&cgfdate=2026929&cgfloc=en
2024 BMW M3 Competition xDrive,"$82,890","12,693 mi.",2024,BMW,M3,M3 xDrive Competition,WBS43AY00RFS74112,,Cars.com,"Queens, NY — Sunrise Chevrolet",https://www.cars.com/vehicledetail/86dc5097-2d44-4667-a8ab-edfce1c3b43a/?aff=atempest&utm_campaign=atempest&utm_source=autotempest&utm_medium=trp&utm_campaign_id=1&utm_trusted=TRUE
2024 BMW M3 CS,"$117,197","28,627 mi.",2024,BMW,M3,,WBS63AY0XRFP73461,,CarGurus,"Pompano Beach, FL — Hgreg Lux",https://www.cargurus.com/Cars/listing/439546685?sourceContext=autotempest&cgfv=1.23&cgfr=5&cgfab=Q&px8324=p110&dnetworktype=r&cgfdate=2026929&cgfloc=en
2022 BMW M3,"$84,847","6,792 mi.",2022,BMW,M3,,WBS53AY06NFM90318,,CarGurus,"Pawtucket, RI — Accurate Automotive Sales & Service",https://www.cargurus.com/Cars/listing/448032401?sourceContext=autotempest&cgfv=1.2&cgfr=7&cgfab=Q&px8324=p110&dnetworktype=r&cgfdate=2026929&cgfloc=en
2027 BMW M3 Competition,"$96,238",27 mi.,2027,BMW,M3,M3 Competition,WBS23HJ05VFW87325,,CarGurus,"Egg Harbor Township, NJ — Bmw Of Atlantic City",https://www.cargurus.com/Cars/listing/447813185?sourceContext=autotempest&cgfv=1.22&cgfr=4&cgfab=Q&px8324=p110&dnetworktype=r&cgfdate=2026929&cgfloc=en
2025 BMW M3 Competition xDrive,"$88,913","19,102 mi.",2025,BMW,M3,M3 xDrive Competition,WBS33HJ02SFU58794,,CarGurus,"Akron, OH — Ken Ganley Motorcars",https://www.cargurus.com/Cars/listing/443967514?sourceContext=autotempest&cgfv=1.21&cgfr=2&cgfab=Q&px8324=p110&dnetworktype=r&cgfdate=2026929&cgfloc=en
2021 BMW M3 Competition,"$62,985","62,069 mi.",2021,BMW,M3,M3 Competition,WBS33AY06MFL24726,,Cars.com,"Gurnee, IL — Gurnee Volkswagen",https://www.cars.com/vehicledetail/20198f11-c624-46d6-a4e0-5c6ee6b2925d/?aff=atempest&utm_campaign=atempest&utm_source=autotempest&utm_medium=trp&utm_campaign_id=1&utm_trusted=TRUE
2027 BMW M3 Competition,"$90,139",25 mi.,2027,BMW,M3,M3 Competition,WBS23HJ08VFW72219,,CarGurus,"Boston, MA — Herb Chambers Bmw Of Boston",https://www.cargurus.com/Cars/listing/446919851?sourceContext=autotempest&cgfv=1.21&cgfr=4&cgfab=Q&px8324=p110&dnetworktype=r&cgfdate=2026929&cgfloc=en
2025 BMW M3 Competition xDrive,"$89,555","8,475 mi.",2025,BMW,M3,M3 xDrive Competition,WBS33HJ01SFT99110,,Cars.com,"Somerville, NJ — Yosh Motors Of Somerville",https://www.cars.com/vehicledetail/e8c51446-5e1e-4119-8c91-60c913379814/?aff=atempest&utm_campaign=atempest&utm_source=autotempest&utm_medium=trp&utm_campaign_id=1&utm_trusted=TRUE
2024 BMW M3 Competition xDrive,"$94,740","26,383 mi.",2024,BMW,M3,M3 xDrive Competition,WBS43AY00RFS40087,,CarGurus,"Plainfield, NJ — Metrostars Auto Group",https://www.cargurus.com/Cars/listing/446782419?sourceContext=autotempest&cgfv=1.22&cgfr=8&cgfab=Q&px8324=p110&dnetworktype=r&cgfdate=2026929&cgfloc=en
2022 BMW M3,"$55,594","34,811 mi.",2022,BMW,M3,,WBS53AY0XNFM21700,,CarGurus,"Orem, UT — Automatch",https://www.cargurus.com/Cars/listing/446730579?sourceContext=autotempest&cgfv=1.03&cgfr=4&cgfab=Q&px8324=p110&dnetworktype=r&cgfdate=2026929&cgfloc=en
2022 BMW M3 Competition xDrive,"$77,897","45,337 mi.",2022,BMW,M3,M3 xDrive Competition,WBS43AY07NFN24231,,CarGurus,"Ham Lake, MN — Enthusiast Car Co",https://www.cargurus.com/Cars/listing/446367629?sourceContext=autotempest&cgfv=1.18&cgfr=5&cgfab=Q&px8324=p110&dnetworktype=r&cgfdate=2026929&cgfloc=en
2026 BMW M3 Competition xDrive,"$104,069","8,400 mi.",2026,BMW,M3,M3 xDrive Competition,WBS33HJ00TFW03977,,CarGurus,"Fort Lauderdale, FL — Rmg Auto Sales",https://www.cargurus.com/Cars/listing/443739854?sourceContext=autotempest&cgfv=1.23&cgfr=7&cgfab=Q&px8324=p110&dnetworktype=r&cgfdate=2026929&cgfloc=en
2024 BMW M3 CS,"$108,988","35,239 mi.",2024,BMW,M3,,WBS63AY00RFP73212,,CarGurus,"Pompano Beach, FL — Sienna Collection",https://www.cargurus.com/Cars/listing/445530841?sourceContext=autotempest&cgfv=1.23&cgfr=5&cgfab=Q&px8324=p110&dnetworktype=r&cgfdate=2026929&cgfloc=en
2023 BMW M3 Competition,"$80,245","11,013 mi.",2023,BMW,M3,M3 Competition,WBS33AY03PFP95561,,CarGurus,"Tigard, OR — Roger Kehdi Mitsubishi",https://www.cargurus.com/Cars/listing/406067445?sourceContext=autotempest&cgfv=1.19&cgfr=2&cgfab=Q&px8324=p110&dnetworktype=r&cgfdate=2026929&cgfloc=en
2025 BMW M3,"$77,800","6,952 mi.",2025,BMW,M3,,WBS13HJ09SFU20468,,CarGurus,"Auburn, WA — Way Scarff Ford",https://www.cargurus.com/Cars/listing/444963291?sourceContext=autotempest&cgfv=1.18&cgfr=1&cgfab=Q&px8324=p110&dnetworktype=r&cgfdate=2026929&cgfloc=en
2023 BMW M3 Competition xDrive,"$93,175","25,852 mi.",2023,BMW,M3,M3 xDrive Competition,WBS43AY09PFN88757,,CarGurus,"Dallas, TX — Imd Motors Dallas",https://www.cargurus.com/Cars/listing/445107436?sourceContext=autotempest&cgfv=1.22&cgfr=8&cgfab=Q&px8324=p110&dnetworktype=r&cgfdate=2026929&cgfloc=en
2026 BMW M3 Competition xDrive,"$93,308","9,541 mi.",2026,BMW,M3,M3 xDrive Competition,WBS33HJ01TFV75879,,CarGurus,"Matthews, NC — Black Label Motorsports",https://www.cargurus.com/Cars/listing/440117564?sourceContext=autotempest&cgfv=1.22&cgfr=2&cgfab=Q&px8324=p110&dnetworktype=r&cgfdate=2026929&cgfloc=en
2023 BMW M3 Competition xDrive,"$98,799","5,969 mi.",2023,BMW,M3,M3 xDrive Competition,WBS43AY04PFP93418,,CarGurus,"Lubbock, TX — Exotic Car Trader South Central",https://www.cargurus.com/Cars/listing/439547483?sourceContext=autotempest&cgfv=1.22&cgfr=7&cgfab=Q&px8324=p110&dnetworktype=r&cgfdate=2026929&cgfloc=en
2023 BMW M3 Competition,"$74,737","38,415 mi.",2023,BMW,M3,M3 Competition,WBS33AY08PFN95761,,CarGurus,"Linden, NJ — Deluxe Auto Sales Of Linden",https://www.cargurus.com/Cars/listing/435975131?sourceContext=autotempest&cgfv=1.16&cgfr=5&cgfab=Q&px8324=p110&dnetworktype=r&cgfdate=2026929&cgfloc=en
2022 BMW M3 Competition xDrive,"$68,894","10,950 mi.",2022,BMW,M3,M3 xDrive Competition,WBS43AY06NFM10480,,CarGurus,"Brooklyn, NY — Brooklyn Auto Mall Llc",https://www.cargurus.com/Cars/listing/433907158?sourceContext=autotempest&cgfv=1.13&cgfr=4&cgfab=Q&px8324=p110&dnetworktype=r&cgfdate=2026929&cgfloc=en
2023 BMW M3 Standard,"$83,489","3,496 mi.",2023,BMW,M3,,WBS53AY07PFN81102,,TrueCar,"Chantilly, VA — Pohanka Lexus",https://www.truecar.com/used-cars-for-sale/listing/WBS53AY07PFN81102/?referrer_id=autotempest
2022 BMW M3 Competition,"$69,481","52,227 mi.",2022,BMW,M3,M3 xDrive Competition,WBS43AY07NFL93995,,TrueCar,"Bentonville, AR — Bmw Of Northwest Arkansas",https://www.truecar.com/used-cars-for-sale/listing/WBS43AY07NFL93995/?referrer_id=autotempest
2023 BMW M3 Competition,"$77,495","40,260 mi.",2023,BMW,M3,M3 xDrive Competition,WBS43AY02PFR38861,,TrueCar,"New York, NY — Open Road Volkswagen Manhattan",https://www.truecar.com/used-cars-for-sale/listing/WBS43AY02PFR38861/?referrer_id=autotempest
2026 BMW M3 Standard,"$79,591","6,719 mi.",2026,BMW,M3,,WBS13HJ09TFV78620,,TrueCar,"Brewster, NY — Brewster Ford",https://www.truecar.com/used-cars-for-sale/listing/WBS13HJ09TFV78620/?referrer_id=autotempest
2021 BMW M3 Competition,"$73,882","47,356 mi.",2021,BMW,M3,M3 Competition,WBS33AY05MFL27987,,TrueCar,"Chino Hills, CA — Chino Hills Ford",https://www.truecar.com/used-cars-for-sale/listing/WBS33AY05MFL27987/?referrer_id=autotempest
2023 BMW M3 Competition,"$70,070","54,839 mi.",2023,BMW,M3,M3 Competition,WBS33AY06PFN73709,,CarGurus,"North Hollywood, CA — Sunrise Ford Of North Hollywood",https://www.cargurus.com/Cars/listing/459719392?sourceContext=autotempest&cgfv=1.14&cgfr=5&cgfab=Q&px8324=p110&dnetworktype=r&cgfdate=2026929&cgfloc=en
2024 BMW M3 Competition,"$84,995","17,892 mi.",2024,BMW,M3,M3 Competition,WBS33AY00RFS40747,,TrueCar,"Newport Beach, CA — Sterling Bmw",https://www.truecar.com/used-cars-for-sale/listing/WBS33AY00RFS40747/?referrer_id=autotempest
2023 BMW M3 Competition,"$82,589","19,963 mi.",2023,BMW,M3,M3 Competition,WBS33AY08PFP01111,,CarGurus,"Bluffton, SC — Hilton Head Bmw",https://www.cargurus.com/Cars/listing/459953002?sourceContext=autotempest&cgfv=1.19&cgfr=5&cgfab=Q&px8324=p110&dnetworktype=r&cgfdate=2026929&cgfloc=en
2025 BMW M3 Competition,"$89,995","12,400 mi.",2025,BMW,M3,M3 xDrive Competition,WBS33HJ06SFU98229,,TrueCar,"Amityville, NY — South Shore Nissan",https://www.truecar.com/used-cars-for-sale/listing/WBS33HJ06SFU98229/?referrer_id=autotempest
2023 BMW M3 Competition,"$79,711","32,261 mi.",2023,BMW,M3,M3 Competition,WBS33AY07PFR09139,,TrueCar,"Ft. Lauderdale, FL — Bmw Of Fort Lauderdale",https://www.truecar.com/used-cars-for-sale/listing/WBS33AY07PFR09139/?referrer_id=autotempest
2025 BMW M3 Competition,"$87,891","9,446 mi.",2025,BMW,M3,M3 Competition,WBS23HJ03SFU36654,,TrueCar,"Miami, FL — Braman Bmw",https://www.truecar.com/used-cars-for-sale/listing/WBS23HJ03SFU36654/?referrer_id=autotempest
2024 BMW M3 Competition,"$88,183","21,167 mi.",2024,BMW,M3,M3 xDrive Competition,WBS43AY02RFR48860,,TrueCar,"Muncie, IN — Toyota Of Muncie",https://www.truecar.com/used-cars-for-sale/listing/WBS43AY02RFR48860/?referrer_id=autotempest
2024 BMW M3,"$79,307","27,231 mi.",2024,BMW,M3,,WBS53AY01RFR97665,,CarGurus,"Elmhurst, IL — Mcgrath Bmw Of Elmhurst",https://www.cargurus.com/Cars/listing/459464613?sourceContext=autotempest&cgfv=1.18&cgfr=5&cgfab=Q&px8324=p110&dnetworktype=r&cgfdate=2026929&cgfloc=en
2026 BMW M3 Competition,"$90,000","3,872 mi.",2026,BMW,M3,M3 xDrive Competition,WBS33HJ04TFW34259,,TrueCar,"Houston, TX — Group 1 Ford Of Southwest Houston",https://www.truecar.com/used-cars-for-sale/listing/WBS33HJ04TFW34259/?referrer_id=autotempest
2026 BMW M3 Competition xDrive,"$99,967","1,233 mi.",2026,BMW,M3,M3 xDrive Competition,WBS33HJ02TFV93940,,CarGurus,"Bloomington, IL — Bmw Of Bloomington",https://www.cargurus.com/Cars/listing/459267074?sourceContext=autotempest&cgfv=1.23&cgfr=4&cgfab=Q&px8324=p110&dnetworktype=r&cgfdate=2026929&cgfloc=en
2026 BMW M3 Competition,"$95,489","12,676 mi.",2026,BMW,M3,M3 xDrive Competition,WBS33HJ0XTFW15487,,TrueCar,"Arlington, TX — Bmw Of Arlington",https://www.truecar.com/used-cars-for-sale/listing/WBS33HJ0XTFW15487/?referrer_id=autotempest
2024 BMW M3 Competition,"$86,500","15,344 mi.",2024,BMW,M3,M3 xDrive Competition,WBS43AY09RFT62320,,TrueCar,"Idaho Falls, ID — Bmw Of Idaho Falls",https://www.truecar.com/used-cars-for-sale/listing/WBS43AY09RFT62320/?referrer_id=autotempest
2026 BMW M3 *CUSTOM BUILD * HUGE CARBON OPTIONS*,"$144,999","5,100 mi.",2026,BMW,M3,M3 xDrive Competition,WBS33HJ00TFV99378,,eBay,"Costa Mesa, CA",https://www.ebay.com/itm/237097912558?hash=item37342308ee%3Ag%3ATDwAAeSwHeFqvGXi&mkevt=1&mkcid=1&mkrid=711-53200-19255-0&campid=5337650957&customid=&toolid=10049
2027 BMW M3,"$85,205",10 mi.,2027,BMW,M3,CS,WBS13HJ07VFX48556,,CarGurus,"Buena Park, CA — Bmw Of Buena Park",https://www.cargurus.com/Cars/listing/458540883?sourceContext=autotempest&cgfv=1.2&cgfr=4&cgfab=Q&px8324=p110&dnetworktype=r&cgfdate=2026929&cgfloc=en
2027 BMW M3 Competition xDrive,"$108,245",10 mi.,2027,BMW,M3,M3 xDrive Competition,WBS33HJ04VFX37412,,CarGurus,"Valencia, CA — Valencia Bmw",https://www.cargurus.com/Cars/listing/457036459?sourceContext=autotempest&cgfv=1.23&cgfr=4&cgfab=Q&px8324=p110&dnetworktype=r&cgfdate=2026929&cgfloc=en
2026 BMW M3 Competition xDrive,"$94,760","14,115 mi.",2026,BMW,M3,M3 xDrive Competition,WBS33HJ01TFV76224,,CarGurus,"Murrieta, CA — Bmw Of Murrieta",https://www.cargurus.com/Cars/listing/460168851?sourceContext=autotempest&cgfv=1.22&cgfr=5&cgfab=Q&px8324=p110&dnetworktype=r&cgfdate=2026929&cgfloc=en
2027 BMW M3 Competition xDrive,"$106,885",10 mi.,2027,BMW,M3,M3 xDrive Competition,WBS33HJ07VFX45200,,CarGurus,"Carlsbad, CA — Bmw Of Carlsbad",https://www.cargurus.com/Cars/listing/458540643?sourceContext=autotempest&cgfv=1.23&cgfr=4&cgfab=Q&px8324=p110&dnetworktype=r&cgfdate=2026929&cgfloc=en
2027 BMW M3 Competition xDrive,"$103,025",10 mi.,2027,BMW,M3,M3 xDrive Competition,WBS33HJ0XVFX48527,,CarGurus,"Carlsbad, CA — Bmw Of Carlsbad",https://www.cargurus.com/Cars/listing/458340771?sourceContext=autotempest&cgfv=1.23&cgfr=4&cgfab=Q&px8324=p110&dnetworktype=r&cgfdate=2026929&cgfloc=en
2027 BMW M3 Competition xDrive,"$108,605",10 mi.,2027,BMW,M3,M3 xDrive Competition,WBS33HJ09VFX44095,,CarGurus,"Carlsbad, CA — Bmw Of Carlsbad",https://www.cargurus.com/Cars/listing/457617394?sourceContext=autotempest&cgfv=1.23&cgfr=4&cgfab=Q&px8324=p110&dnetworktype=r&cgfdate=2026929&cgfloc=en
2027 BMW M3,"$109,460",10 mi.,2027,BMW,M3,CS,WBS13HJ02VFX44477,,CarGurus,"Carlsbad, CA — Bmw Of Carlsbad",https://www.cargurus.com/Cars/listing/457536566?sourceContext=autotempest&cgfv=1.23&cgfr=4&cgfab=Q&px8324=p110&dnetworktype=r&cgfdate=2026929&cgfloc=en
2022 BMW M3 Competition xDrive Sedan 4D,"$72,590","51,839 mi.",2022,BMW,M3,M3 xDrive Competition,WBS43AY09NFM98375,,Carvana,"Rocklin, CA",https://www.carvana.com/vehicle/4585480?ct=1&utm_source=autotempest&utm_medium=3rd-party-listing&utm_campaign=new-vdp&utm_content=3_20260930_5084366
2021 BMW M3,"$74,998","24,350 mi.",2021,BMW,M3,,WBS53AY09MFL04446,,CarGurus,"Henderson, NV — Carmax Henderson",https://www.cargurus.com/Cars/listing/460163044?sourceContext=autotempest&cgfv=1.17&cgfr=5&cgfab=Q&px8324=p110&dnetworktype=r&cgfdate=2026929&cgfloc=en
2025 BMW M3 Competition xDrive,"$89,998","12,784 mi.",2025,BMW,M3,M3 xDrive Competition,WBS33HJ0XSFU44724,,CarGurus,"Fremont, CA — Carmax Fremont",https://www.cargurus.com/Cars/listing/459711473?sourceContext=autotempest&cgfv=1.21&cgfr=2&cgfab=Q&px8324=p110&dnetworktype=r&cgfdate=2026929&cgfloc=en
2024 BMW M3 Competition xDrive,"$90,796","17,448 mi.",2024,BMW,M3,M3 xDrive Competition,WBS43AY05RFT65330,,CarGurus,"Las Vegas, NV — Bmw Of Las Vegas",https://www.cargurus.com/Cars/listing/459201711?sourceContext=autotempest&cgfv=1.21&cgfr=5&cgfab=Q&px8324=p110&dnetworktype=r&cgfdate=2026929&cgfloc=en
2027 BMW M3 Competition xDrive,"$103,149",10 mi.,2027,BMW,M3,M3 xDrive Competition,WBS33HJ07VFX46380,,CarGurus,"Las Vegas, NV — Bmw Of Las Vegas",https://www.cargurus.com/Cars/listing/457986628?sourceContext=autotempest&cgfv=1.23&cgfr=4&cgfab=Q&px8324=p110&dnetworktype=r&cgfdate=2026929&cgfloc=en
2027 BMW M3 Competition xDrive,"$100,910",10 mi.,2027,BMW,M3,M3 xDrive Competition,WBS33HJ07VFX44015,,CarGurus,"Fremont, CA — Bmw Of Fremont",https://www.cargurus.com/Cars/listing/457617150?sourceContext=autotempest&cgfv=1.23&cgfr=4&cgfab=Q&px8324=p110&dnetworktype=r&cgfdate=2026929&cgfloc=en
2027 BMW M3,"$100,125",10 mi.,2027,BMW,M3,CS,WBS13HJ05VFX42562,,CarGurus,"Fremont, CA — Bmw Of Fremont",https://www.cargurus.com/Cars/listing/457273128?sourceContext=autotempest&cgfv=1.23&cgfr=4&cgfab=Q&px8324=p110&dnetworktype=r&cgfdate=2026929&cgfloc=en
2025 BMW M3 Competition xDrive-OVER $30K MODS-DRAVIT GRAY!,"$94,995","11,179 mi.",2025,BMW,M3,M3 xDrive Competition,WBS33HJ04SFU61969,,eBay,"Joliet, IL",https://www.ebay.com/itm/327380767638?hash=item4c396a1396%3Ag%3AVrwAAeSwFtBqvH42&mkevt=1&mkcid=1&mkrid=711-53200-19255-0&campid=5337650957&customid=&toolid=10049
2025 BMW M3 Competition xDrive-BIG $107K MSRP-TWILIGHT...,"$114,995","5,449 mi.",2025,BMW,M3,M3 xDrive Competition,WBS33HJ03SFU63258,,eBay,"Joliet, IL",https://www.ebay.com/itm/327380767654?hash=item4c396a13a6%3Ag%3AROkAAeSw--pqvH43&mkevt=1&mkcid=1&mkrid=711-53200-19255-0&campid=5337650957&customid=&toolid=10049
2023 BMW M3 Competition M xDrive-CARBAHN SHOW CAR-$40K MODS,"$97,995","19,709 mi.",2023,BMW,M3,M3 xDrive Competition,WBS43AY04PFP98277,,eBay,"Joliet, IL",https://www.ebay.com/itm/327380767659?hash=item4c396a13ab%3Ag%3AaLMAAeSwNrpqvH5B&mkevt=1&mkcid=1&mkrid=711-53200-19255-0&campid=5337650957&customid=&toolid=10049
"2023 BMW M3 1 of 2 Atlantic Blue Individual, 6-Speed...",,"22,000 mi.",,,,,,,eBay,"Ocoee, FL",https://www.ebay.com/itm/398445508194?hash=item5cc533f662%3Ag%3Aa5UAAeSw8Ghp7tDy&mkevt=1&mkcid=1&mkrid=711-53200-19255-0&campid=5337650957&customid=&toolid=10049
2022 BMW M3 Competition xDrive-CARBON BUCKETS!,"$74,995","47,000 mi.",2022,BMW,M3,M3 xDrive Competition,WBS43AY00NFM23032,,eBay,"Joliet, IL",https://www.ebay.com/itm/327380767601?hash=item4c396a1371%3Ag%3ASN8AAeSwIG5qvH46&mkevt=1&mkcid=1&mkrid=711-53200-19255-0&campid=5337650957&customid=&toolid=10049
2027 BMW M3,"$119,325",5 mi.,2027,BMW,M3,CS,WBS13HJ00VFX28729,,CarGurus,"Long Island City, NY — Bmw Of Long Island City",https://www.cargurus.com/Cars/listing/460184544?sourceContext=autotempest&cgfv=1.24&cgfr=4&cgfab=Q&px8324=p110&dnetworktype=r&cgfdate=2026929&cgfloc=en
2025 BMW M3 Competition xDrive,"$98,497","11,513 mi.",2025,BMW,M3,M3 xDrive Competition,WBS33HJ02SFU53515,,CarGurus,"Hollywood, FL — Gravity Autos Hollywood",https://www.cargurus.com/Cars/listing/460198043?sourceContext=autotempest&cgfv=1.22&cgfr=7&cgfab=Q&px8324=p110&dnetworktype=r&cgfdate=2026929&cgfloc=en
2023 BMW M3 Competition xDrive,"$90,790","10,817 mi.",2023,BMW,M3,M3 xDrive Competition,WBS43AY08PFP66433,,CarGurus,"Ewing, NJ — J&s Autohaus",https://www.cargurus.com/Cars/listing/460191011?sourceContext=autotempest&cgfv=1.21&cgfr=5&cgfab=Q&px8324=p110&dnetworktype=r&cgfdate=2026929&cgfloc=en
2021 BMW M3,"$71,368","19,675 mi.",2021,BMW,M3,,WBS53AY03MFL50435,,CarGurus,"Westmont, IL — Laurel Bmw Of Westmont",https://www.cargurus.com/Cars/listing/460173509?sourceContext=autotempest&cgfv=1.15&cgfr=2&cgfab=Q&px8324=p110&dnetworktype=r&cgfdate=2026929&cgfloc=en
2027 BMW M3,"$110,650",,2027,BMW,M3,CS,WBS13HJ04VFX33819,,CarGurus,"Denver, CO — Bmw Of Denver Downtown",https://www.cargurus.com/Cars/listing/460160917?sourceContext=autotempest&cgfv=1.23&cgfr=4&cgfab=Q&px8324=p110&dnetworktype=r&cgfdate=2026929&cgfloc=en
2024 BMW M3 Competition,"$85,295","15,951 mi.",2024,BMW,M3,M3 xDrive Competition,WBS43AY07RFS69022,,TrueCar,"Orland Park, IL — Zeigler Bmw Of Orland Park",https://www.truecar.com/used-cars-for-sale/listing/WBS43AY07RFS69022/?referrer_id=autotempest
2023 BMW M3 Competition,"$79,900","29,803 mi.",2023,BMW,M3,M3 xDrive Competition,WBS43AY04PFP62878,,TrueCar,"Edison, NJ — House Of Cars",https://www.truecar.com/used-cars-for-sale/listing/WBS43AY04PFP62878/?referrer_id=autotempest
